frame_index,time_seconds,roi_id,center_x,center_y,x1,y1,x2,y2,score
4860,81.0,roi_001,903.1107,1555.1024,894.107,1549.2494,912.1144,1560.9554,0.711895
4861,81.016667,roi_001,903.1112,1555.1024,894.1073,1549.2499,912.1151,1560.9548,0.711826
4862,81.033333,roi_001,903.1837,1555.1359,894.1608,1549.2227,912.2065,1561.0492,0.720524
4863,81.05,roi_001,903.2868,1555.1031,894.4496,1549.5081,912.124,1560.6981,0.677114
4864,81.066667,roi_001,903.3267,1555.1141,894.4757,1549.5042,912.1777,1560.724,0.680478
4865,81.083333,roi_001,903.1104,1555.1534,894.127,1549.3965,912.0939,1560.9103,0.715748
4865,81.083333,roi_001,901.4919,1554.6688,887.2384,1547.3293,915.7454,1562.0083,0.155205
4866,81.1,roi_001,903.3164,1555.1956,894.455,1549.5988,912.1779,1560.7925,0.677791
4867,81.116667,roi_001,903.1521,1555.1185,894.1321,1549.3906,912.1721,1560.8463,0.718268
4868,81.133333,roi_001,903.142,1555.1391,894.0913,1549.3969,912.1926,1560.8813,0.716007
4869,81.15,roi_001,903.2754,1555.0433,894.4016,1549.5757,912.1493,1560.5109,0.649196
4869,81.15,roi_001,902.7702,1554.8184,890.2177,1547.027,915.3227,1562.6097,0.590778
4870,81.166667,roi_001,903.0626,1553.6814,893.2563,1544.7018,912.8688,1562.661,0.637595
4871,81.183333,roi_001,903.0732,1553.8683,893.4951,1545.1161,912.6512,1562.6205,0.648704
4872,81.2,roi_001,903.2601,1553.5378,893.1384,1544.308,913.3818,1562.7676,0.578758
4873,81.216667,roi_001,903.3235,1553.5363,893.1599,1544.2764,913.4871,1562.7961,0.57148
4873,81.216667,roi_001,903.4206,1554.8033,894.4023,1549.6091,912.4388,1559.9976,0.444845
4874,81.233333,roi_001,903.224,1553.5471,893.1555,1544.2733,913.2925,1562.8208,0.567932
4874,81.233333,roi_001,903.3123,1554.8066,894.3959,1549.6438,912.2287,1559.9694,0.467031
4875,81.25,roi_001,903.3721,1553.3384,892.8981,1543.8104,913.846,1562.8663,0.580399
4875,81.25,roi_001,903.2677,1554.7933,894.3239,1549.8197,912.2115,1559.7668,0.4598
4876,81.266667,roi_001,903.3061,1553.3611,892.7672,1543.7817,913.8449,1562.9406,0.586983
4876,81.266667,roi_001,903.1921,1554.7729,894.2706,1549.7776,912.1136,1559.7683,0.4772
4877,81.283333,roi_001,903.3916,1553.3727,892.9698,1543.8762,913.8134,1562.8691,0.573355
4877,81.283333,roi_001,903.3204,1554.7795,894.4186,1549.7383,912.2222,1559.8208,0.442872
4878,81.3,roi_001,903.4103,1553.3517,893.0286,1543.927,913.792,1562.7765,0.589401
4878,81.3,roi_001,903.2959,1554.8257,894.3411,1549.7329,912.2507,1559.9186,0.470048
4879,81.316667,roi_001,903.4018,1553.3201,893.1804,1543.9484,913.6231,1562.6919,0.579107
4879,81.316667,roi_001,903.2851,1554.8322,894.4521,1549.7682,912.118,1559.8961,0.437532
4880,81.333333,roi_001,903.4453,1553.3729,893.0134,1543.7924,913.8773,1562.9534,0.587852
4880,81.333333,roi_001,903.3003,1554.8688,894.454,1549.7664,912.1467,1559.9713,0.456512
4881,81.35,roi_001,903.2768,1553.5333,892.9532,1544.0087,913.6005,1563.058,0.642469
4881,81.35,roi_001,903.1283,1554.9033,894.2612,1549.6753,911.9954,1560.1312,0.544873
4882,81.366667,roi_001,903.5119,1553.3217,893.2971,1543.8024,913.7268,1562.8409,0.610856
4882,81.366667,roi_001,903.3256,1554.8047,894.5073,1549.6594,912.144,1559.9501,0.476686
4883,81.383333,roi_001,902.7676,1553.6732,892.7836,1544.6658,912.7516,1562.6807,0.621831
4884,81.4,roi_001,902.9391,1553.7578,892.7836,1544.5925,913.0946,1562.923,0.641542
4884,81.4,roi_001,903.0333,1554.9701,894.1606,1549.7701,911.906,1560.17,0.604743
4885,81.416667,roi_001,902.9373,1553.7591,892.7885,1544.5996,913.0861,1562.9186,0.641278
4885,81.416667,roi_001,903.0342,1554.9725,894.1604,1549.7683,911.908,1560.1768,0.605061
4886,81.433333,roi_001,902.9316,1553.9626,892.9862,1545.1135,912.877,1562.8116,0.635622
4887,81.45,roi_001,902.7485,1554.1501,892.9539,1545.0222,912.5432,1563.2781,0.653429
4888,81.466667,roi_001,903.137,1555.2716,894.3584,1549.5837,911.9156,1560.9595,0.656402
4889,81.483333,roi_001,903.1605,1555.3152,894.2963,1549.7036,912.0247,1560.9268,0.660557
4890,81.5,roi_001,903.0237,1555.2107,894.1227,1549.6975,911.9248,1560.7239,0.658159
4891,81.516667,roi_001,902.9675,1555.2521,893.7621,1549.3406,912.1728,1561.1637,0.736962
4891,81.516667,roi_001,900.8118,1554.7967,886.2889,1547.0004,915.3346,1562.593,0.243361
4892,81.533333,roi_001,902.9988,1555.2496,893.8422,1549.3242,912.1554,1561.1749,0.742768
4892,81.533333,roi_001,901.0235,1554.7982,886.4952,1547.0548,915.5518,1562.5415,0.224973
4893,81.55,roi_001,902.5985,1554.1774,892.0499,1544.4888,913.1472,1563.866,0.715204
4894,81.566667,roi_001,902.5129,1554.2228,892.1214,1544.6484,912.9044,1563.7972,0.716634
4895,81.583333,roi_001,902.252,1554.1951,892.3054,1545.0559,912.1985,1563.3342,0.742748
4896,81.6,roi_001,902.22,1554.1566,892.0441,1545.0446,912.3959,1563.2686,0.738836
4897,81.616667,roi_001,902.243,1554.1957,892.1635,1545.1545,912.3226,1563.2369,0.741054
4898,81.633333,roi_001,902.1596,1554.2161,892.2697,1545.2394,912.0496,1563.1927,0.747136
4899,81.65,roi_001,901.7725,1554.2631,891.5917,1545.4825,911.9534,1563.0437,0.786414
4899,81.65,roi_001,898.0079,1554.8022,892.8663,1546.9333,903.1495,1562.6711,0.179638
4899,81.65,roi_001,899.5099,1555.2769,889.7197,1551.3871,909.3,1559.1667,0.172582
4900,81.666667,roi_001,901.7949,1554.2021,891.4254,1545.2169,912.1645,1563.1873,0.785301
4900,81.666667,roi_001,897.9732,1554.8025,892.8404,1546.8777,903.106,1562.7273,0.177547
4900,81.666667,roi_001,899.4946,1555.2628,889.7274,1551.3923,909.2618,1559.1332,0.15804
4901,81.683333,roi_001,901.7658,1554.279,891.6694,1545.571,911.8622,1562.9869,0.787148
4901,81.683333,roi_001,898.0147,1554.7815,892.8813,1546.8867,903.1481,1562.6763,0.178237
4901,81.683333,roi_001,899.513,1555.2619,889.7023,1551.4297,909.3237,1559.0941,0.156927
4902,81.7,roi_001,901.9811,1554.209,891.8241,1545.3362,912.1381,1563.0819,0.791348
4902,81.7,roi_001,898.0448,1554.65,893.0134,1546.7056,903.0762,1562.5945,0.172468
4903,81.716667,roi_001,901.8572,1554.2194,892.079,1545.6936,911.6353,1562.7451,0.798566
4904,81.733333,roi_001,901.8719,1554.2236,892.0827,1545.6951,911.6611,1562.7522,0.800591
4905,81.75,roi_001,901.8065,1554.6313,892.5741,1546.6117,911.039,1562.6509,0.814869
4906,81.766667,roi_001,901.72,1554.5291,892.7115,1546.7452,910.7286,1562.313,0.79619
4907,81.783333,roi_001,901.7966,1553.918,892.0815,1545.4836,911.5117,1562.3524,0.787781
4908,81.8,roi_001,901.7198,1553.8848,891.5485,1544.9648,911.8911,1562.8047,0.786306
4909,81.816667,roi_001,901.7312,1553.8794,891.5195,1544.9645,911.9429,1562.7943,0.785534
4910,81.833333,roi_001,901.7886,1553.7,891.4551,1544.682,912.1221,1562.718,0.776035
4911,81.85,roi_001,901.8615,1553.8195,891.3766,1544.712,912.3464,1562.927,0.778694
4911,81.85,roi_001,897.8896,1554.4543,892.9742,1546.2786,902.8049,1562.63,0.26496
4912,81.866667,roi_001,901.9156,1553.9108,891.3292,1544.776,912.502,1563.0457,0.780317
4912,81.866667,roi_001,897.9355,1554.5753,893.0146,1546.4017,902.8563,1562.7489,0.242432
4913,81.883333,roi_001,901.8714,1553.7902,891.3636,1544.6436,912.3793,1562.9368,0.782225
4914,81.9,roi_001,902.0371,1553.7785,891.183,1544.4506,912.8912,1563.1064,0.770181
4914,81.9,roi_001,902.4522,1554.7983,893.1814,1549.5867,911.723,1560.0099,0.687011
4914,81.9,roi_001,897.9133,1554.4095,893.0612,1546.1239,902.7654,1562.6951,0.252411
4915,81.916667,roi_001,901.472,1554.7556,888.7592,1546.6307,914.1849,1562.8804,0.775396
4915,81.916667,roi_001,902.4741,1554.894,893.162,1549.5148,911.7861,1560.2733,0.70621
4916,81.933333,roi_001,901.9546,1553.9852,891.563,1544.9785,912.3461,1562.9918,0.788223
4917,81.95,roi_001,901.5615,1554.7107,888.9962,1546.678,914.1268,1562.7434,0.778288
4917,81.95,roi_001,901.663,1554.8016,894.3573,1547.9888,908.9686,1561.6144,0.639111
4917,81.95,roi_001,897.9286,1554.5095,893.024,1546.3353,902.8331,1562.6837,0.267923
4918,81.966667,roi_001,901.5986,1554.7028,888.8521,1546.6265,914.3452,1562.7792,0.774096
4918,81.966667,roi_001,901.6922,1554.7851,894.4393,1547.9968,908.9451,1561.5734,0.648457
4918,81.966667,roi_001,897.9064,1554.4484,893.0323,1546.2224,902.7804,1562.6744,0.28301
4919,81.983333,roi_001,901.6599,1554.2121,891.5207,1545.2783,911.7991,1563.1459,0.793214
4919,81.983333,roi_001,897.9055,1554.5139,893.0569,1546.2698,902.7542,1562.7579,0.401292
4919,81.983333,roi_001,899.0821,1555.0255,889.6997,1551.2366,908.4645,1558.8145,0.229526
4920,82.0,roi_001,901.4081,1554.6986,889.2288,1546.7312,913.5875,1562.666,0.778564
4920,82.0,roi_001,901.7877,1554.1738,895.431,1545.9869,908.1444,1562.3606,0.588958
4920,82.0,roi_001,897.8405,1554.2894,893.1044,1546.02,902.5767,1562.5587,0.400991
4921,82.016667,roi_001,901.3797,1554.7142,889.2417,1546.7587,913.5177,1562.6697,0.779506
4921,82.016667,roi_001,897.8474,1554.293,893.1021,1546.0294,902.5927,1562.5566,0.401479
4922,82.033333,roi_001,901.7534,1554.1621,891.2806,1545.1686,912.2262,1563.1556,0.781272
4922,82.033333,roi_001,897.9148,1554.4326,893.0776,1546.1649,902.7519,1562.7003,0.364797
4922,82.033333,roi_001,899.0724,1554.9791,889.5618,1551.2061,908.583,1558.7521,0.156134
4923,82.05,roi_001,901.6004,1553.8566,891.3778,1544.8575,911.8229,1562.8557,0.777146
4924,82.066667,roi_001,901.6854,1553.8169,891.354,1544.8024,912.0167,1562.8314,0.773338
4925,82.083333,roi_001,901.619,1553.8277,891.2679,1544.8054,911.9701,1562.85,0.764533
4925,82.083333,roi_001,897.8326,1554.2288,893.0269,1545.8839,902.6383,1562.5737,0.349067
4926,82.1,roi_001,901.0481,1554.5901,889.0494,1546.6284,913.0468,1562.5519,0.785558
4926,82.1,roi_001,897.8491,1554.2899,892.9351,1545.8809,902.7632,1562.699,0.344979
4927,82.116667,roi_001,901.0518,1554.5037,888.4992,1546.3993,913.6044,1562.6082,0.760745
4927,82.116667,roi_001,901.9762,1554.7711,892.8192,1549.2915,911.1332,1560.2507,0.629357
4928,82.133333,roi_001,900.9847,1554.5031,888.5821,1546.4426,913.3873,1562.5635,0.758399
4928,82.133333,roi_001,901.3618,1554.5427,894.1914,1547.6625,908.5322,1561.423,0.614218
4929,82.15,roi_001,901.504,1553.954,890.5508,1544.5048,912.4572,1563.4033,0.740798
4929,82.15,roi_001,901.9308,1554.7959,892.634,1549.3345,911.2275,1560.2573,0.629952
4929,82.15,roi_001,897.6132,1554.2059,892.8402,1545.6851,902.3862,1562.7268,0.359187
4930,82.166667,roi_001,901.0005,1554.5574,888.3633,1546.4231,913.6378,1562.6917,0.756423
4930,82.166667,roi_001,901.9318,1554.7839,892.6863,1549.3601,911.1773,1560.2078,0.623425
4931,82.183333,roi_001,901.1389,1554.3824,888.0771,1546.3557,914.2008,1562.4091,0.72983
4931,82.183333,roi_001,900.9762,1554.8383,893.799,1547.772,908.1534,1561.9045,0.636575
4932,82.2,roi_001,901.2882,1554.0383,887.9624,1545.9108,914.6141,1562.1659,0.728384
4932,82.2,roi_001,901.3484,1553.6628,894.9871,1544.8215,907.7098,1562.504,0.620409
4932,82.2,roi_001,901.6015,1554.8716,892.918,1549.5979,910.285,1560.1454,0.524226
4933,82.216667,roi_001,901.2858,1554.0339,887.9762,1545.9098,914.5955,1562.1581,0.728479
4933,82.216667,roi_001,901.347,1553.6607,894.9913,1544.8199,907.7028,1562.5015,0.620138
4933,82.216667,roi_001,901.598,1554.869,892.9144,1549.5962,910.2816,1560.1418,0.522651
4934,82.233333,roi_001,901.2133,1554.1603,887.9124,1546.1201,914.5141,1562.2004,0.732333
4934,82.233333,roi_001,901.3249,1553.6063,894.8092,1544.8199,907.8405,1562.3927,0.595966
4934,82.233333,roi_001,901.8003,1554.5951,892.7359,1549.642,910.8646,1559.5482,0.541839
4935,82.25,roi_001,900.6737,1554.708,889.1036,1546.6268,912.2438,1562.7892,0.790676
4935,82.25,roi_001,897.425,1554.8352,892.6882,1546.5115,902.1617,1563.1589,0.495966
4935,82.25,roi_001,898.4064,1554.7167,889.5199,1550.6887,907.2928,1558.7446,0.244259
4935,82.25,roi_001,896.8944,1554.6207,894.8285,1550.5283,898.9603,1558.7131,0.172395
4936,82.266667,roi_001,900.6584,1554.8189,889.0254,1546.7502,912.2914,1562.8876,0.79023
4936,82.266667,roi_001,897.4786,1554.9308,892.5458,1546.7401,902.4115,1563.1216,0.407373
4936,82.266667,roi_001,898.5411,1554.7259,889.6276,1550.7024,907.4547,1558.7494,0.212012
4937,82.283333,roi_001,900.6945,1554.8285,889.0201,1546.7458,912.3689,1562.9111,0.7892
4937,82.283333,roi_001,897.5116,1554.9325,892.5755,1546.7229,902.4478,1563.1421,0.399664
4937,82.283333,roi_001,898.6041,1554.7236,889.7252,1550.7158,907.483,1558.7314,0.205434
4938,82.3,roi_001,900.7615,1554.7847,888.889,1546.6191,912.6339,1562.9502,0.784295
4938,82.3,roi_001,901.0803,1554.5482,894.2043,1547.5371,907.9563,1561.5593,0.59217
4938,82.3,roi_001,897.5223,1554.9252,892.6545,1546.7245,902.3901,1563.126,0.406047
4938,82.3,roi_001,898.5453,1554.7,889.7484,1550.7274,907.3423,1558.6726,0.168064
4939,82.316667,roi_001,900.4571,1554.6627,889.0875,1546.5769,911.8266,1562.7485,0.781273
4939,82.316667,roi_001,897.5573,1554.7161,892.7734,1546.4249,902.3412,1563.0073,0.405991
4940,82.333333,roi_001,900.3804,1554.4166,890.3158,1544.6561,910.445,1564.1771,0.76774
4940,82.333333,roi_001,897.5055,1554.7867,892.6873,1546.3695,902.3236,1563.2039,0.399767
4941,82.35,roi_001,901.0403,1554.2674,890.7163,1544.3894,911.3642,1564.1454,0.773866
4941,82.35,roi_001,897.5565,1554.7839,892.7141,1546.4521,902.399,1563.1157,0.39373
4941,82.35,roi_001,898.6203,1554.6771,889.716,1550.7574,907.5246,1558.5968,0.155307
4942,82.366667,roi_001,900.5442,1554.7372,889.2009,1546.6146,911.8876,1562.8597,0.783665
4942,82.366667,roi_001,897.5944,1554.769,892.7632,1546.3423,902.4255,1563.1958,0.399379
4943,82.383333,roi_001,900.9742,1554.5785,890.374,1544.7563,911.5744,1564.4006,0.722148
4943,82.383333,roi_001,900.887,1555.1111,893.7361,1547.9578,908.038,1562.2645,0.642692
4943,82.383333,roi_001,897.5456,1554.7916,892.8517,1546.0909,902.2396,1563.4922,0.541266
4943,82.383333,roi_001,898.3354,1554.849,889.8308,1550.9467,906.84,1558.7513,0.249305
4943,82.383333,roi_001,896.7901,1554.7266,894.8817,1550.8987,898.6985,1558.5544,0.162646
4944,82.4,roi_001,900.9337,1554.7004,890.5951,1545.1489,911.2723,1564.2518,0.745082
4944,82.4,roi_001,901.2412,1554.8672,894.2247,1547.976,908.2576,1561.7584,0.625761
4944,82.4,roi_001,897.5556,1554.8862,892.8269,1546.2382,902.2843,1563.5342,0.567755
4944,82.4,roi_001,898.3976,1554.9278,889.7401,1551.033,907.0551,1558.8226,0.344771
4944,82.4,roi_001,896.8248,1554.7464,894.8479,1550.9242,898.8018,1558.5686,0.204748
4945,82.416667,roi_001,900.274,1554.1268,889.949,1544.4451,910.599,1563.8086,0.718822
4945,82.416667,roi_001,901.2113,1555.011,894.3362,1548.0287,908.0864,1561.9934,0.55161
4945,82.416667,roi_001,897.6668,1554.9187,892.8449,1546.1134,902.4888,1563.724,0.493257
4945,82.416667,roi_001,898.4585,1554.8824,889.805,1550.8303,907.1121,1558.9344,0.272814
4946,82.433333,roi_001,900.1847,1553.7316,889.6739,1544.1997,910.6955,1563.2635,0.725459
4946,82.433333,roi_001,901.3357,1554.9891,894.3378,1548.1312,908.3337,1561.8469,0.580894
4946,82.433333,roi_001,897.6583,1555.0007,892.8016,1546.506,902.515,1563.4954,0.501938
4946,82.433333,roi_001,898.4431,1554.9719,889.6517,1550.9055,907.2344,1559.0382,0.3156
4946,82.433333,roi_001,896.8022,1554.8856,894.9107,1551.0206,898.6937,1558.7505,0.173587
4947,82.45,roi_001,900.4513,1554.0809,889.4167,1543.978,911.486,1564.1838,0.6893
4947,82.45,roi_001,901.0083,1555.4291,893.7255,1548.0896,908.2911,1562.7686,0.610493
4947,82.45,roi_001,898.6837,1554.9653,890.0198,1551.0107,907.3476,1558.9198,0.177706
4948,82.466667,roi_001,900.9458,1554.9739,890.4045,1545.4504,911.4871,1564.4974,0.689132
4948,82.466667,roi_001,901.2953,1555.1871,894.3447,1548.2656,908.2458,1562.1085,0.548073
4948,82.466667,roi_001,897.6686,1554.9828,892.8276,1546.2748,902.5097,1563.6909,0.458162
4948,82.466667,roi_001,898.4991,1554.978,889.9041,1550.9772,907.0941,1558.9789,0.244365
4948,82.466667,roi_001,896.822,1554.89,894.9875,1551.0068,898.6565,1558.7732,0.165772
4949,82.483333,roi_001,900.9637,1555.0334,890.3947,1545.4723,911.5327,1564.5945,0.704372
4949,82.483333,roi_001,901.3028,1555.2133,894.3018,1548.2139,908.3038,1562.2126,0.566136
4949,82.483333,roi_001,897.6757,1555.0143,892.7991,1546.2661,902.5523,1563.7625,0.470303
4949,82.483333,roi_001,898.5261,1555.0103,889.8408,1550.9802,907.2114,1559.0404,0.268776
4949,82.483333,roi_001,896.8233,1554.8979,894.9886,1550.9983,898.6581,1558.7976,0.174253
4950,82.5,roi_001,900.9124,1555.2238,890.9214,1546.2062,910.9035,1564.2413,0.709106
4950,82.5,roi_001,897.7362,1555.0897,892.7903,1546.4432,902.6821,1563.7361,0.442733
4950,82.5,roi_001,898.629,1555.0746,890.0234,1550.7654,907.2346,1559.3838,0.295189
4950,82.5,roi_001,896.803,1554.9589,894.9811,1550.9836,898.6249,1558.9341,0.172183
4951,82.516667,roi_001,900.8434,1555.1738,890.7962,1546.0433,910.8907,1564.3043,0.725482
4951,82.516667,roi_001,897.649,1555.0961,892.7007,1546.3292,902.5974,1563.863,0.476216
4951,82.516667,roi_001,898.5693,1555.1163,889.8678,1550.8909,907.2709,1559.3417,0.343604
4951,82.516667,roi_001,896.77,1554.9247,895.0005,1551.0304,898.5396,1558.8191,0.186714
4952,82.533333,roi_001,900.9904,1555.0464,890.6343,1545.6853,911.3466,1564.4075,0.724248
4952,82.533333,roi_001,897.6525,1555.1062,892.7675,1546.3539,902.5375,1563.8585,0.49466
4952,82.533333,roi_001,898.5936,1555.106,889.925,1550.9498,907.2621,1559.2621,0.328968
4952,82.533333,roi_001,896.7925,1554.9166,894.9911,1550.9735,898.5939,1558.8596,0.200652
4953,82.55,roi_001,900.9152,1555.0757,890.7391,1545.7699,911.0913,1564.3816,0.731097
4953,82.55,roi_001,897.6759,1555.1086,892.7422,1546.4104,902.6096,1563.8069,0.490121
4953,82.55,roi_001,898.5671,1555.088,890.0117,1550.9408,907.1224,1559.2351,0.336651
4953,82.55,roi_001,896.787,1554.9111,894.9883,1550.9701,898.5856,1558.8521,0.193815
4954,82.566667,roi_001,901.0744,1555.1107,890.7455,1545.7548,911.4032,1564.4667,0.723738
4954,82.566667,roi_001,897.7268,1555.0939,892.7859,1546.3296,902.6677,1563.8582,0.480146
4954,82.566667,roi_001,898.6928,1555.0636,890.0634,1550.9565,907.3223,1559.1707,0.329164
4954,82.566667,roi_001,896.8203,1554.9133,895.0037,1551.0759,898.6368,1558.7507,0.193195
4955,82.583333,roi_001,901.1043,1554.8604,891.3173,1545.3193,910.8914,1564.4014,0.758022
4955,82.583333,roi_001,897.8834,1554.9872,892.8794,1546.2966,902.8873,1563.6777,0.479836
4955,82.583333,roi_001,898.9845,1555.0437,890.8135,1550.8757,907.1555,1559.2117,0.328721
4955,82.583333,roi_001,896.8824,1554.9007,895.0316,1550.9109,898.7332,1558.8905,0.227049
4956,82.6,roi_001,901.0797,1554.9039,891.4521,1545.5431,910.7073,1564.2648,0.749101
4956,82.6,roi_001,897.8804,1555.0107,892.89,1546.3884,902.8708,1563.6329,0.458909
4956,82.6,roi_001,899.0167,1555.0607,890.819,1550.8879,907.2144,1559.2334,0.301032
4956,82.6,roi_001,896.8956,1554.8823,895.0468,1550.8926,898.7444,1558.8721,0.225811
4957,82.616667,roi_001,901.0854,1554.998,891.1641,1545.3477,911.0067,1564.6484,0.765207
4957,82.616667,roi_001,897.8096,1554.9793,892.8658,1546.2723,902.7534,1563.6863,0.487983
4957,82.616667,roi_001,898.9204,1554.9553,890.796,1550.8058,907.0447,1559.1047,0.304151
4957,82.616667,roi_001,896.8571,1554.8866,895.0585,1550.8617,898.6558,1558.9115,0.202259
4958,82.633333,roi_001,901.1246,1555.0759,891.4614,1545.7391,910.7878,1564.4126,0.76942
4958,82.633333,roi_001,897.8657,1555.0152,892.8688,1546.3575,902.8627,1563.6729,0.496154
4958,82.633333,roi_001,898.93,1555.0667,890.8497,1550.9243,907.0104,1559.209,0.374734
4958,82.633333,roi_001,896.8945,1554.9194,895.0638,1550.9526,898.7253,1558.8861,0.264725
4959,82.65,roi_001,901.1895,1554.5226,890.5351,1544.6526,911.8439,1564.3926,0.76447
4959,82.65,roi_001,901.7501,1555.1985,895.2221,1548.0887,908.2781,1562.3082,0.670531
4959,82.65,roi_001,899.2859,1554.9561,891.4028,1550.8568,907.1691,1559.0553,0.302356
4960,82.666667,roi_001,901.3254,1554.6918,890.729,1544.8221,911.9219,1564.5614,0.750777
4960,82.666667,roi_001,901.7312,1555.2996,895.165,1548.1804,908.2974,1562.4188,0.657258
4960,82.666667,roi_001,898.059,1554.9078,893.1379,1546.4644,902.98,1563.3513,0.399151
4960,82.666667,roi_001,899.3442,1554.9499,891.473,1550.8947,907.2155,1559.0051,0.24122
4961,82.683333,roi_001,901.3259,1554.6889,890.7161,1544.8115,911.9357,1564.5663,0.750619
4961,82.683333,roi_001,901.7298,1555.2988,895.1658,1548.1824,908.2937,1562.4153,0.656943
4961,82.683333,roi_001,898.0574,1554.9077,893.1378,1546.4628,902.977,1563.3525,0.399812
4961,82.683333,roi_001,899.3432,1554.95,891.4722,1550.8962,907.2142,1559.0037,0.241466
4962,82.7,roi_001,901.6788,1554.895,891.5381,1545.4607,911.8194,1564.3292,0.759516
4962,82.7,roi_001,901.759,1555.2768,895.2358,1548.1798,908.2822,1562.3738,0.665119
4962,82.7,roi_001,899.4295,1554.9612,891.6335,1550.837,907.2254,1559.0854,0.235941
4963,82.716667,roi_001,901.6877,1554.9694,891.2741,1545.1774,912.1013,1564.7615,0.7669
4963,82.716667,roi_001,901.755,1555.2954,895.1761,1548.1218,908.3339,1562.469,0.684515
4963,82.716667,roi_001,897.9866,1555.1085,893.1185,1546.6385,902.8547,1563.5785,0.454593
4963,82.716667,roi_001,899.3218,1554.9574,891.4481,1550.8611,907.1955,1559.0537,0.30836
4963,82.716667,roi_001,897.066,1555.0065,895.1766,1550.8025,898.9554,1559.2106,0.276098
4964,82.733333,roi_001,901.2828,1554.6979,890.8151,1544.5809,911.7505,1564.8149,0.768933
4964,82.733333,roi_001,901.7646,1555.2781,895.2128,1548.0962,908.3163,1562.4601,0.686893
4964,82.733333,roi_001,898.0324,1555.0731,893.1296,1546.6578,902.9351,1563.4883,0.448558
4964,82.733333,roi_001,899.3532,1554.9583,891.5186,1550.8496,907.1879,1559.0669,0.302083
4965,82.75,roi_001,901.2943,1554.7621,890.8098,1544.6559,911.7789,1564.8683,0.765074
4965,82.75,roi_001,901.7555,1555.3259,895.1483,1548.1152,908.3626,1562.5365,0.687144
4965,82.75,roi_001,898.0167,1555.0943,893.1454,1546.6608,902.8879,1563.5278,0.440406
4965,82.75,roi_001,899.3491,1554.9661,891.4745,1550.8845,907.2236,1559.0477,0.283178
4965,82.75,roi_001,897.0591,1555.0124,895.1818,1550.821,898.9363,1559.2037,0.268687
4966,82.766667,roi_001,901.2763,1554.9119,891.1572,1544.7594,911.3955,1565.0645,0.760937
4966,82.766667,roi_001,901.7284,1555.3838,895.0553,1548.0303,908.4015,1562.7373,0.684575
4966,82.766667,roi_001,897.8661,1555.1277,893.0314,1546.4752,902.7007,1563.7802,0.474036
4966,82.766667,roi_001,899.2129,1555.0272,891.2479,1550.8495,907.1778,1559.205,0.341113
4966,82.766667,roi_001,897.0038,1555.0281,895.1683,1550.8279,898.8392,1559.2284,0.290959
4967,82.783333,roi_001,901.7143,1555.2323,891.1793,1545.1178,912.2492,1565.3468,0.756045
4967,82.783333,roi_001,901.7512,1555.4328,895.2572,1548.2581,908.2452,1562.6075,0.672788
4967,82.783333,roi_001,897.9341,1555.2824,893.1616,1546.795,902.7067,1563.7698,0.449106
4967,82.783333,roi_001,899.3947,1555.0929,891.447,1550.9441,907.3425,1559.2417,0.343334
4967,82.783333,roi_001,897.0732,1555.0538,895.2044,1550.7828,898.942,1559.3247,0.318493
4968,82.8,roi_001,901.6335,1555.1666,891.3563,1545.213,911.9108,1565.1201,0.771037
4968,82.8,roi_001,901.7417,1555.403,895.2766,1548.1782,908.2068,1562.6278,0.679653
4968,82.8,roi_001,897.9294,1555.2766,893.1633,1546.7512,902.6956,1563.802,0.460154
4968,82.8,roi_001,899.4023,1555.0971,891.4803,1550.8566,907.3243,1559.3376,0.348031
4968,82.8,roi_001,897.073,1555.0526,895.1978,1550.7072,898.9481,1559.3979,0.313997
4969,82.816667,roi_001,901.6822,1555.2245,890.8829,1544.7894,912.4814,1565.6597,0.745554
4969,82.816667,roi_001,901.4781,1555.2792,895.2974,1546.1897,907.6588,1564.3687,0.679502
4969,82.816667,roi_001,897.8944,1555.2665,893.0367,1546.632,902.7521,1563.901,0.388159
4969,82.816667,roi_001,899.3276,1555.1083,891.3593,1550.833,907.296,1559.3835,0.28522
4969,82.816667,roi_001,897.0955,1555.0889,895.2,1550.7578,898.9909,1559.4199,0.278459
4970,82.833333,roi_001,901.6803,1555.1975,891.2928,1545.2029,912.0677,1565.1921,0.756891
4970,82.833333,roi_001,901.7965,1555.435,895.3044,1548.2759,908.2886,1562.5941,0.677239
4970,82.833333,roi_001,897.943,1555.2147,893.0891,1546.72,902.7969,1563.7094,0.431389
4970,82.833333,roi_001,899.4192,1555.0934,891.4648,1550.934,907.3737,1559.2528,0.343341
4970,82.833333,roi_001,897.0907,1555.0653,895.2048,1550.8322,898.9767,1559.2985,0.302163
4971,82.85,roi_001,901.6953,1555.3129,891.9146,1545.3905,911.476,1565.2354,0.784408
4971,82.85,roi_001,901.8326,1555.4445,895.386,1547.9935,908.2791,1562.8955,0.684562
4971,82.85,roi_001,898.0385,1555.1182,893.1187,1546.2731,902.9584,1563.9634,0.420989
4971,82.85,roi_001,899.5571,1555.1516,891.4595,1550.8782,907.6548,1559.4249,0.293499
4971,82.85,roi_001,897.1121,1555.1176,895.2372,1550.8864,898.987,1559.3489,0.239395
4972,82.866667,roi_001,901.5459,1555.0753,891.7754,1545.3885,911.3164,1564.762,0.757641
4972,82.866667,roi_001,901.8224,1555.3173,895.3613,1548.0498,908.2836,1562.5847,0.669306
4972,82.866667,roi_001,897.9648,1554.9888,893.0814,1546.3275,902.8483,1563.6501,0.428057
4972,82.866667,roi_001,899.3072,1555.0356,891.2844,1550.8779,907.3299,1559.1934,0.309901
4972,82.866667,roi_001,897.0763,1555.0739,895.2146,1550.9607,898.938,1559.187,0.248655
4973,82.883333,roi_001,901.5463,1555.0755,891.7745,1545.3877,911.3181,1564.7633,0.757577
4973,82.883333,roi_001,901.8225,1555.317,895.3616,1548.0498,908.2834,1562.5842,0.669192
4973,82.883333,roi_001,897.9648,1554.989,893.0813,1546.3274,902.8483,1563.6506,0.428083
4973,82.883333,roi_001,899.307,1555.0356,891.2837,1550.8781,907.3303,1559.1931,0.310038
4973,82.883333,roi_001,897.0763,1555.0739,895.2147,1550.9611,898.9378,1559.1866,0.248743
4974,82.9,roi_001,901.6087,1555.0989,891.9297,1545.448,911.2878,1564.7498,0.757209
4974,82.9,roi_001,901.8681,1555.3417,895.4296,1548.1252,908.3067,1562.5581,0.676147
4974,82.9,roi_001,897.9954,1554.9575,893.1321,1546.3628,902.8587,1563.5522,0.414878
4974,82.9,roi_001,899.3855,1555.0687,891.3778,1550.9208,907.3932,1559.2166,0.301573
4974,82.9,roi_001,897.1237,1555.0904,895.2391,1550.9775,899.0083,1559.2032,0.261673
4975,82.916667,roi_001,902.0847,1555.0085,891.468,1544.9427,912.7014,1565.0743,0.751758
4975,82.916667,roi_001,901.6161,1555.6544,894.7758,1548.2484,908.4565,1563.0604,0.706601
4975,82.916667,roi_001,899.506,1555.0533,891.4615,1551.0706,907.5504,1559.0361,0.302578
4976,82.933333,roi_001,902.0634,1555.0814,891.34,1544.9106,912.7868,1565.2521,0.75241
4976,82.933333,roi_001,901.6128,1555.6749,894.7101,1548.2408,908.5155,1563.109,0.709419
4976,82.933333,roi_001,898.0137,1554.8945,893.1091,1546.0543,902.9183,1563.7347,0.407709
4976,82.933333,roi_001,899.5855,1555.0712,891.5501,1551.1525,907.6208,1558.9899,0.28982
4977,82.95,roi_001,901.9288,1555.0944,891.7712,1545.3926,912.0864,1564.7961,0.755079
4977,82.95,roi_001,901.9655,1555.3372,895.427,1548.0792,908.5039,1562.5952,0.671581
4977,82.95,roi_001,898.0656,1554.8361,893.077,1546.1602,903.0543,1563.5121,0.373336
4977,82.95,roi_001,899.5626,1555.0648,891.6324,1551.0012,907.4928,1559.1284,0.255959
4978,82.966667,roi_001,902.0094,1555.1414,891.6894,1545.2327,912.3294,1565.0502,0.737834
4978,82.966667,roi_001,901.9659,1555.4338,895.5023,1548.2446,908.4296,1562.623,0.673416
4978,82.966667,roi_001,899.4874,1555.0779,891.5237,1551.0784,907.4512,1559.0775,0.294691
4979,82.983333,roi_001,901.6681,1555.587,891.9362,1546.2865,911.4001,1564.8875,0.757943
4979,82.983333,roi_001,897.9975,1554.9897,892.8838,1546.0762,903.1111,1563.9033,0.39975
4979,82.983333,roi_001,899.4121,1555.2888,891.5072,1551.0287,907.317,1559.5488,0.336068
4980,83.0,roi_001,901.7051,1555.574,891.9827,1546.2765,911.4276,1564.8715,0.757342
4980,83.0,roi_001,898.0436,1554.9857,892.9097,1546.0769,903.1776,1563.8945,0.420124
4980,83.0,roi_001,899.3982,1555.2828,891.4118,1551.0709,907.3846,1559.4948,0.368303
4981,83.016667,roi_001,901.6227,1555.6197,891.9387,1546.3265,911.3066,1564.9128,0.759378
4981,83.016667,roi_001,897.9766,1555.0376,892.861,1546.0419,903.0921,1564.0333,0.420954
4981,83.016667,roi_001,899.3456,1555.288,891.3975,1551.01,907.2936,1559.566,0.368212
4982,83.033333,roi_001,901.6684,1555.5791,891.9492,1546.2825,911.3875,1564.8757,0.759704
4982,83.033333,roi_001,897.9947,1555.0247,892.8962,1546.0831,903.0933,1563.9662,0.423765
4982,83.033333,roi_001,899.3635,1555.257,891.3884,1551.0244,907.3387,1559.4896,0.362022
4983,83.05,roi_001,901.7383,1555.6363,891.7148,1546.1691,911.7619,1565.1035,0.716367
4983,83.05,roi_001,897.9862,1555.0016,892.9263,1546.2872,903.0461,1563.7159,0.36546
4983,83.05,roi_001,899.3506,1555.3427,891.2356,1551.0521,907.4655,1559.6332,0.311833
4983,83.05,roi_001,897.2316,1554.8462,894.6701,1552.2012,899.7931,1557.4912,0.158706
4984,83.066667,roi_001,901.6894,1555.0747,891.2407,1545.002,912.1382,1565.1475,0.679699
4984,83.066667,roi_001,901.3962,1555.5724,894.4833,1548.0078,908.3092,1563.137,0.660511
4984,83.066667,roi_001,897.751,1554.8245,892.9405,1545.8699,902.5615,1563.7791,0.431048
4984,83.066667,roi_001,899.0756,1555.2072,890.9393,1551.0452,907.2119,1559.3693,0.30604
4984,83.066667,roi_001,896.9364,1555.181,895.212,1551.4943,898.6608,1558.8678,0.20075
4985,83.083333,roi_001,901.6887,1555.0769,891.2494,1545.0132,912.1281,1565.1406,0.679976
4985,83.083333,roi_001,901.3971,1555.5733,894.4814,1548.0072,908.3127,1563.1394,0.660817
4985,83.083333,roi_001,897.7536,1554.8253,892.9398,1545.8739,902.5675,1563.7766,0.430067
4985,83.083333,roi_001,899.0769,1555.208,890.9417,1551.043,907.212,1559.373,0.305932
4985,83.083333,roi_001,896.9368,1555.1809,895.2123,1551.4926,898.6612,1558.8693,0.200545
4986,83.1,roi_001,901.7059,1555.3939,891.6732,1545.6599,911.7386,1565.1278,0.677672
4986,83.1,roi_001,901.8651,1555.4233,895.4389,1548.0874,908.2912,1562.7592,0.59453
4986,83.1,roi_001,897.8019,1554.8865,892.9198,1545.969,902.6841,1563.804,0.384447
4986,83.1,roi_001,899.1444,1555.28,891.0068,1551.0752,907.282,1559.4849,0.315455
4986,83.1,roi_001,896.9542,1555.2861,895.2283,1551.6327,898.68,1558.9395,0.218614
4987,83.116667,roi_001,901.2635,1555.6991,891.5226,1545.9,911.0043,1565.4982,0.713137
4987,83.116667,roi_001,897.6533,1555.0306,892.8573,1545.9227,902.4493,1564.1385,0.450278
4987,83.116667,roi_001,898.9971,1555.2176,890.8475,1550.7592,907.1467,1559.676,0.36388
4987,83.116667,roi_001,896.8542,1555.2227,895.1932,1551.4249,898.5152,1559.0205,0.208428
4988,83.133333,roi_001,901.2664,1555.5378,891.3725,1545.5996,911.1603,1565.4761,0.708631
4988,83.133333,roi_001,901.6642,1555.4484,895.2018,1547.9174,908.1265,1562.9794,0.59813
4988,83.133333,roi_001,897.6066,1555.0516,892.7662,1545.9427,902.447,1564.1604,0.459001
4988,83.133333,roi_001,898.8928,1555.2233,890.5925,1550.7703,907.1931,1559.6764,0.367911
4988,83.133333,roi_001,896.8433,1555.1788,895.1657,1551.42,898.5209,1558.9375,0.205412
4989,83.15,roi_001,901.3323,1555.7836,891.5277,1545.8328,911.1368,1565.7344,0.704446
4989,83.15,roi_001,897.6335,1555.0494,892.827,1545.9285,902.4399,1564.1704,0.43164
4989,83.15,roi_001,899.0203,1555.2536,890.7653,1550.7948,907.2752,1559.7124,0.368698
4989,83.15,roi_001,896.8598,1555.2045,895.2081,1551.4438,898.5115,1558.9651,0.226267
4990,83.166667,roi_001,900.8111,1555.3459,891.4513,1545.1941,910.171,1565.4978,0.701392
4990,83.166667,roi_001,897.3156,1555.1376,892.6757,1545.9075,901.9556,1564.3678,0.455725
4990,83.166667,roi_001,898.6707,1555.3873,890.2235,1550.8276,907.1179,1559.9469,0.366617
4990,83.166667,roi_001,896.7978,1555.4236,895.187,1551.5784,898.4087,1559.2689,0.181475
4991,83.183333,roi_001,901.0522,1556.1639,891.6761,1546.2683,910.4282,1566.0596,0.694756
4991,83.183333,roi_001,897.4474,1555.2939,892.7261,1546.2114,902.1688,1564.3765,0.425226
4991,83.183333,roi_001,898.7762,1555.5092,890.4199,1550.9324,907.1324,1560.0859,0.369555
4991,83.183333,roi_001,896.8478,1555.3272,895.2186,1551.5304,898.4769,1559.124,0.214878
4992,83.2,roi_001,901.0569,1556.0253,891.5239,1545.9039,910.59,1566.1466,0.698171
4992,83.2,roi_001,901.3688,1555.7352,894.9105,1548.3357,907.8271,1563.1348,0.567876
4992,83.2,roi_001,897.3947,1555.211,892.7062,1546.0081,902.0831,1564.4139,0.441552
4992,83.2,roi_001,898.767,1555.463,890.2957,1550.9705,907.2382,1559.9556,0.370919
4992,83.2,roi_001,896.8477,1555.3088,895.21,1551.5546,898.4854,1559.063,0.215612
4993,83.216667,roi_001,901.2031,1556.1328,891.5625,1545.8419,910.8438,1566.4236,0.678195
4993,83.216667,roi_001,901.4563,1555.7177,895.071,1548.3486,907.8416,1563.0868,0.548442
4993,83.216667,roi_001,897.4448,1555.2329,892.7705,1546.0505,902.1191,1564.4153,0.402806
4993,83.216667,roi_001,898.8636,1555.4607,890.4914,1551.0155,907.2359,1559.9059,0.350894
4993,83.216667,roi_001,896.8898,1555.2628,895.2469,1551.5142,898.5326,1559.0115,0.21904
4994,83.233333,roi_001,901.1815,1555.9652,891.5531,1545.6617,910.8098,1566.2687,0.679104
4994,83.233333,roi_001,901.4333,1555.7009,895.0344,1548.3428,907.8322,1563.059,0.549589
4994,83.233333,roi_001,897.4377,1555.226,892.76,1546.0236,902.1153,1564.4283,0.414141
4994,83.233333,roi_001,898.8257,1555.4631,890.4364,1551.0192,907.2151,1559.9071,0.360992
4994,83.233333,roi_001,896.8793,1555.266,895.2285,1551.501,898.5302,1559.031,0.219642
4995,83.25,roi_001,901.4353,1555.9803,891.453,1545.7961,911.4176,1566.1646,0.634756
4995,83.25,roi_001,901.227,1555.6759,894.7487,1548.4362,907.7053,1562.9156,0.56133
4995,83.25,roi_001,897.39,1555.1139,892.8194,1545.9065,901.9606,1564.3213,0.411144
4995,83.25,roi_001,898.7745,1555.4162,890.4057,1551.1278,907.1434,1559.7046,0.299805
4995,83.25,roi_001,896.9163,1555.258,895.2526,1551.5424,898.58,1558.9736,0.220479
4996,83.266667,roi_001,900.8857,1556.0298,891.4025,1545.713,910.3688,1566.3466,0.603977
4996,83.266667,roi_001,901.0208,1555.7891,894.4417,1548.4359,907.6,1563.1422,0.48627
4996,83.266667,roi_001,897.3418,1555.0728,892.6746,1545.8451,902.009,1564.3004,0.342398
4996,83.266667,roi_001,898.7177,1555.4946,890.3124,1550.9843,907.123,1560.005,0.270593
4996,83.266667,roi_001,896.8184,1555.3867,895.2532,1551.7008,898.3835,1559.0726,0.168667
4997,83.283333,roi_001,900.8833,1556.0314,891.4042,1545.7131,910.3623,1566.3497,0.604177
4997,83.283333,roi_001,901.0196,1555.7898,894.4391,1548.4344,907.6,1563.1451,0.486423
4997,83.283333,roi_001,897.3385,1555.0741,892.6788,1545.8463,901.9981,1564.3019,0.343232
4997,83.283333,roi_001,898.7197,1555.4938,890.3079,1550.9886,907.1315,1559.999,0.270629
4997,83.283333,roi_001,896.8181,1555.3854,895.2533,1551.6998,898.3829,1559.0709,0.168543
4998,83.3,roi_001,900.9373,1556.1957,891.4773,1546.0396,910.3974,1566.3518,0.590165
4998,83.3,roi_001,901.3464,1555.8087,895.0117,1548.5522,907.6812,1563.0651,0.417518
4998,83.3,roi_001,897.4193,1555.1263,892.6611,1545.9919,902.1774,1564.2607,0.311456
4998,83.3,roi_001,898.7376,1555.5233,890.3813,1551.0319,907.0938,1560.0148,0.254263
4998,83.3,roi_001,896.8559,1555.4102,895.3015,1551.7473,898.4103,1559.073,0.160029
4999,83.316667,roi_001,901.089,1556.3857,891.7412,1546.6407,910.4367,1566.1307,0.521824
4999,83.316667,roi_001,901.3529,1556.0978,895.1819,1548.7495,907.5238,1563.446,0.293704
4999,83.316667,roi_001,898.7932,1555.7212,890.566,1551.0281,907.0205,1560.4143,0.276518
4999,83.316667,roi_001,897.5799,1555.5374,892.7798,1546.4124,902.3801,1564.6624,0.238056
4999,83.316667,roi_001,897.0429,1554.9492,894.7405,1552.0618,899.3453,1557.8367,0.176982
5000,83.333333,roi_001,901.1092,1556.4583,891.7772,1546.6617,910.4411,1566.2549,0.532273
5000,83.333333,roi_001,901.331,1556.0842,895.167,1548.8135,907.4949,1563.3549,0.28898
5000,83.333333,roi_001,898.808,1555.6572,890.5427,1551.1062,907.0732,1560.2083,0.27869
5000,83.333333,roi_001,897.5363,1555.5618,892.7529,1546.3787,902.3197,1564.7449,0.237634
5000,83.333333,roi_001,897.0794,1554.9838,894.733,1552.1135,899.4257,1557.854,0.183437
5001,83.35,roi_001,901.2517,1556.3984,892.0242,1546.715,910.4792,1566.0818,0.517324
5001,83.35,roi_001,898.8813,1555.7628,890.6118,1551.0698,907.1509,1560.4558,0.277957
5001,83.35,roi_001,897.6367,1555.5234,892.7667,1546.3965,902.5067,1564.6503,0.219715
5001,83.35,roi_001,897.0891,1554.954,894.783,1552.0881,899.3951,1557.8198,0.165882
5002,83.366667,roi_001,901.2027,1556.6786,891.8465,1546.8876,910.5589,1566.4697,0.478694
5002,83.366667,roi_001,898.7866,1555.8619,890.4976,1551.1309,907.0756,1560.5929,0.258259
5002,83.366667,roi_001,897.0523,1555.0308,894.7542,1552.153,899.3505,1557.9087,0.175426
5002,83.366667,roi_001,897.5854,1555.854,892.7866,1546.7924,902.3841,1564.9156,0.160763
5003,83.383333,roi_001,901.7892,1556.903,894.0021,1545.397,909.5764,1568.4089,0.427649
5003,83.383333,roi_001,899.0337,1556.0303,890.774,1551.1628,907.2933,1560.8978,0.186303
5003,83.383333,roi_001,897.1382,1555.0522,894.8436,1552.0789,899.4329,1558.0256,0.150298
5004,83.4,roi_001,901.8217,1556.8569,894.0649,1545.4529,909.5784,1568.2609,0.427098
5004,83.4,roi_001,899.0744,1556.0381,890.8649,1551.1198,907.2839,1560.9564,0.184084
5005,83.416667,roi_001,901.4809,1556.5188,892.6432,1546.9209,910.3187,1566.1167,0.394123
5005,83.416667,roi_001,899.116,1556.1435,890.9307,1551.132,907.3013,1561.155,0.214185
5006,83.433333,roi_001,901.3372,1556.5129,892.369,1546.876,910.3055,1566.1499,0.418838
5006,83.433333,roi_001,899.0765,1556.0073,890.884,1551.0991,907.2689,1560.9154,0.184498
5006,83.433333,roi_001,897.1907,1555.0278,894.8706,1552.1104,899.5107,1557.9452,0.173528
5007,83.45,roi_001,901.4115,1556.8579,891.946,1546.7067,910.877,1567.0092,0.437102
5007,83.45,roi_001,899.0603,1556.1343,890.9239,1551.0087,907.1967,1561.2599,0.196989
5007,83.45,roi_001,897.1649,1555.0112,894.834,1552.0109,899.4957,1558.0116,0.162741
5008,83.466667,roi_001,901.5289,1556.8776,891.7042,1546.8373,911.3536,1566.9178,0.512617
5008,83.466667,roi_001,901.5464,1556.3522,895.2748,1548.722,907.818,1563.9824,0.303087
5008,83.466667,roi_001,897.1954,1555.0068,894.8113,1552.0876,899.5796,1557.926,0.20201
5008,83.466667,roi_001,899.0911,1555.8795,891.0494,1550.9922,907.1327,1560.7668,0.200919
5009,83.483333,roi_001,901.5283,1556.8757,891.7067,1546.8389,911.3499,1566.9126,0.512906
5009,83.483333,roi_001,901.5462,1556.3514,895.2737,1548.7205,907.8187,1563.9823,0.303548
5009,83.483333,roi_001,897.1942,1555.0071,894.811,1552.0895,899.5773,1557.9248,0.201981
5009,83.483333,roi_001,899.0893,1555.8806,891.0447,1550.9812,907.1339,1560.7799,0.199628
5010,83.5,roi_001,901.3661,1556.904,891.6267,1546.9606,911.1055,1566.8474,0.500525
5010,83.5,roi_001,901.4148,1556.3516,895.1598,1548.8423,907.6698,1563.861,0.282402
5010,83.5,roi_001,897.1888,1554.9828,894.7784,1552.0704,899.5991,1557.8953,0.199768
5011,83.516667,roi_001,901.3646,1556.9413,891.5108,1546.7051,911.2184,1567.1775,0.542559
5011,83.516667,roi_001,901.4123,1556.3145,895.3067,1548.9093,907.5179,1563.7197,0.238171
5011,83.516667,roi_001,898.7967,1555.7996,890.6938,1550.9574,906.8997,1560.6417,0.213735
5011,83.516667,roi_001,897.1229,1555.0027,894.7789,1552.0458,899.4669,1557.9596,0.165596
5011,83.516667,roi_001,897.5284,1555.9926,892.7855,1546.9764,902.2714,1565.0087,0.159576
5012,83.533333,roi_001,901.4713,1556.9727,891.8467,1546.8726,911.0958,1567.0728,0.569577
5012,83.533333,roi_001,901.4642,1556.3886,895.2921,1548.7959,907.6364,1563.9813,0.260028
5012,83.533333,roi_001,897.134,1555.0226,894.8109,1552.0785,899.457,1557.9667,0.156356
5012,83.533333,roi_001,897.602,1556.0453,892.7579,1546.9886,902.4461,1565.1021,0.154384
5013,83.55,roi_001,901.454,1556.8707,891.6047,1546.6991,911.3033,1567.0422,0.551992
5013,83.55,roi_001,901.4729,1556.2859,895.3035,1548.8557,907.6423,1563.7161,0.291867
5013,83.55,roi_001,898.9368,1555.7514,890.8959,1550.9449,906.9776,1560.5579,0.205617
5013,83.55,roi_001,897.2032,1555.0065,894.8257,1552.0819,899.5807,1557.931,0.192278
5013,83.55,roi_001,897.5609,1555.9848,892.8237,1546.9971,902.298,1564.9725,0.155891
5014,83.566667,roi_001,901.3394,1557.0916,891.8002,1546.9017,910.8787,1567.2814,0.556817
5014,83.566667,roi_001,901.3898,1556.4729,895.2575,1548.8274,907.522,1564.1184,0.265037
5014,83.566667,roi_001,898.9053,1555.8783,890.8715,1550.967,906.9392,1560.7896,0.196263
5014,83.566667,roi_001,897.1401,1555.0649,894.8344,1552.1544,899.4459,1557.9755,0.185553
5015,83.583333,roi_001,901.7171,1556.8884,894.2159,1545.8978,909.2183,1567.879,0.486202
5015,83.583333,roi_001,897.1051,1555.1181,894.8263,1552.2026,899.3839,1558.0336,0.176644
5015,83.583333,roi_001,899.0418,1556.0139,891.2183,1551.1729,906.8654,1560.855,0.168574
5016,83.6,roi_001,901.6256,1556.9695,894.0681,1545.6338,909.1832,1568.3053,0.488709
5016,83.6,roi_001,898.8462,1556.0062,890.8901,1551.1224,906.8023,1560.8899,0.171554
5017,83.616667,roi_001,901.4727,1556.9193,891.2847,1546.2891,911.6607,1567.5496,0.46953
5017,83.616667,roi_001,901.5458,1556.6199,895.2372,1548.7258,907.8544,1564.514,0.250771
5017,83.616667,roi_001,897.1436,1555.1083,894.8553,1552.2358,899.4319,1557.9807,0.195572
5018,83.633333,roi_001,901.7228,1556.7556,894.222,1545.4719,909.2236,1568.0392,0.368391
5018,83.633333,roi_001,897.1034,1555.1577,894.8573,1552.2819,899.3495,1558.0334,0.188793
5018,83.633333,roi_001,899.2242,1555.9559,891.3795,1551.3724,907.0689,1560.5393,0.158387
5019,83.65,roi_001,901.6114,1556.821,891.9528,1546.0691,911.27,1567.573,0.45596
5019,83.65,roi_001,901.3022,1556.7175,895.029,1548.8835,907.5753,1564.5514,0.224222
5019,83.65,roi_001,897.1841,1555.0849,894.944,1552.2244,899.4241,1557.9454,0.16076
5020,83.666667,roi_001,900.9736,1560.0084,891.0923,1549.0559,910.855,1570.9609,0.258937
5021,83.683333,roi_001,900.9749,1560.0057,891.0961,1549.0508,910.8538,1570.9607,0.262179
5022,83.7,roi_001,901.2835,1557.2182,891.3022,1546.2773,911.2648,1568.1591,0.243574
5023,83.716667,roi_001,901.5995,1557.1078,892.1848,1546.725,911.0142,1567.4906,0.316272
5024,83.733333,roi_001,901.5438,1557.1398,892.1572,1546.7498,910.9305,1567.5298,0.329321
5025,83.75,roi_001,901.614,1556.9087,892.1619,1546.6926,911.0662,1567.1248,0.306591
5026,83.766667,roi_001,901.6511,1557.2183,891.7969,1546.3918,911.5052,1568.0448,0.34435
5026,83.766667,roi_001,897.3221,1555.2543,895.0426,1552.4296,899.6015,1558.0791,0.174146
5026,83.766667,roi_001,897.4551,1555.0868,895.7122,1553.9319,899.198,1556.2417,0.157947
5026,83.766667,roi_001,897.0457,1555.8959,895.6775,1551.9739,898.4139,1559.8179,0.150203
5027,83.783333,roi_001,901.6635,1560.5184,894.2653,1549.1155,909.0617,1571.9213,0.315866
5028,83.8,roi_001,901.7168,1560.5229,894.4179,1549.2428,909.0157,1571.803,0.282148
5028,83.8,roi_001,902.0502,1556.844,890.7314,1545.5986,913.3689,1568.0894,0.177519
5029,83.816667,roi_001,901.5818,1560.5988,894.1807,1549.3551,908.9828,1571.8424,0.301801
5030,83.833333,roi_001,901.6404,1560.6403,894.0903,1549.1572,909.1904,1572.1233,0.277054
5030,83.833333,roi_001,897.0011,1555.2286,896.0583,1553.8346,897.9438,1556.6227,0.163901
5031,83.85,roi_001,901.4422,1560.4136,892.2649,1550.1929,910.6195,1570.6344,0.373159
5032,83.866667,roi_001,901.5177,1561.1251,894.3008,1550.3323,908.7346,1571.918,0.393227
5033,83.883333,roi_001,901.5178,1561.1219,894.3016,1550.3252,908.734,1571.9187,0.392781
5034,83.9,roi_001,901.4414,1560.9534,894.2754,1550.2224,908.6074,1571.6844,0.333456
5035,83.916667,roi_001,901.4407,1560.687,892.8759,1550.6445,910.0056,1570.7295,0.324305
5036,83.933333,roi_001,901.3225,1560.8921,892.7405,1551.0061,909.9045,1570.7781,0.279399
5037,83.95,roi_001,901.3547,1560.8976,892.849,1550.9628,909.8604,1570.8325,0.326096
5038,83.966667,roi_001,901.4214,1560.5837,892.8819,1550.6631,909.9608,1570.5043,0.466628
5039,83.983333,roi_001,901.4254,1560.2216,892.8994,1550.3252,909.9515,1570.1179,0.286097
5040,84.0,roi_001,901.298,1560.5825,894.3921,1549.6449,908.2039,1571.52,0.314637
5041,84.016667,roi_001,901.429,1560.2019,893.0919,1550.3899,909.7662,1570.0139,0.309497
5042,84.033333,roi_001,901.4339,1560.0684,892.9269,1550.1593,909.941,1569.9775,0.319287
5043,84.05,roi_001,901.2375,1560.2518,893.1381,1550.9766,909.3369,1569.5271,0.409873
5044,84.066667,roi_001,901.1982,1560.2242,893.2348,1551.0219,909.1616,1569.4265,0.383247
5045,84.083333,roi_001,901.1972,1560.233,893.2257,1551.0264,909.1687,1569.4397,0.381511
5046,84.1,roi_001,901.1173,1560.1647,893.1998,1550.7214,909.0349,1569.6079,0.44827
5047,84.116667,roi_001,901.5165,1560.9143,892.5571,1550.6887,910.476,1571.1399,0.413846
5048,84.133333,roi_001,901.4645,1560.9709,892.3771,1550.6512,910.5518,1571.2906,0.394617
5049,84.15,roi_001,901.4398,1560.9567,892.5847,1550.7773,910.2949,1571.1361,0.398856
5050,84.166667,roi_001,901.4377,1560.695,892.8137,1550.6644,910.0617,1570.7256,0.490962
5051,84.183333,roi_001,900.977,1561.6413,891.4838,1551.2925,910.4702,1571.9901,0.585746
5051,84.183333,roi_001,900.7293,1563.2787,895.4624,1553.7378,905.9963,1572.8196,0.232788
5052,84.2,roi_001,901.0211,1561.3046,891.6439,1550.8247,910.3983,1571.7844,0.594127
5052,84.2,roi_001,900.7739,1563.2336,895.434,1553.6531,906.1138,1572.8142,0.268081
5053,84.216667,roi_001,900.6453,1561.007,892.0775,1550.6887,909.213,1571.3253,0.633044
5054,84.233333,roi_001,900.8098,1561.5096,891.5667,1551.1844,910.053,1571.8348,0.52642
5054,84.233333,roi_001,900.6118,1563.1448,895.439,1553.4562,905.7845,1572.8334,0.172682
5055,84.25,roi_001,900.2666,1561.8176,891.9079,1552.0266,908.6252,1571.6086,0.666938
5056,84.266667,roi_001,900.4052,1562.2513,890.8415,1551.8412,909.9689,1572.6614,0.632166
5056,84.266667,roi_001,900.5411,1563.9344,895.164,1554.2339,905.9183,1573.635,0.328345
5057,84.283333,roi_001,900.442,1562.2028,890.9217,1551.7689,909.9623,1572.6366,0.648706
5057,84.283333,roi_001,900.5879,1564.0226,895.0817,1554.2866,906.0941,1573.7585,0.403353
5058,84.3,roi_001,900.4399,1562.1863,891.0912,1551.8414,909.7886,1572.5312,0.635351
5058,84.3,roi_001,900.5392,1563.97,895.0844,1554.2042,905.9939,1573.7357,0.357602
5059,84.316667,roi_001,900.1521,1562.578,890.4692,1552.6929,909.8349,1572.4631,0.48075
5060,84.333333,roi_001,900.0523,1562.3044,891.0851,1552.5044,909.0195,1572.1044,0.596469
5061,84.35,roi_001,900.2497,1562.3898,890.2917,1552.2271,910.2076,1572.5525,0.467836
5061,84.35,roi_001,900.3818,1563.6367,894.9731,1553.9746,905.7906,1573.2987,0.196042
5062,84.366667,roi_001,900.0605,1562.6424,890.3208,1552.5441,909.8002,1572.7407,0.472953
5062,84.366667,roi_001,900.303,1563.8251,894.9094,1554.1321,905.6966,1573.5182,0.230687
5063,84.383333,roi_001,900.1266,1562.4244,890.91,1552.5262,909.3431,1572.3225,0.615659
5064,84.4,roi_001,900.1087,1562.551,890.9221,1552.5613,909.2953,1572.5408,0.594984
5065,84.416667,roi_001,900.0499,1562.6544,891.001,1552.8282,909.0987,1572.4806,0.579739
5066,84.433333,roi_001,900.0483,1562.621,890.8305,1552.6478,909.2662,1572.5942,0.596614
5067,84.45,roi_001,899.7873,1563.2573,889.825,1553.1738,909.7495,1573.3407,0.421206
5068,84.466667,roi_001,899.7018,1563.1823,890.2767,1553.2224,909.127,1573.1421,0.445612
5069,84.483333,roi_001,899.6787,1563.1165,890.2028,1553.0204,909.1547,1573.2125,0.450904
5070,84.5,roi_001,899.8004,1563.1245,890.676,1553.344,908.9247,1572.9049,0.45527
5071,84.516667,roi_001,899.6442,1563.4986,889.2268,1553.2681,910.0616,1573.7291,0.297657
5072,84.533333,roi_001,899.7486,1563.7053,889.7935,1553.7391,909.7036,1573.6715,0.402864
5072,84.533333,roi_001,900.3866,1564.5806,895.0029,1555.2646,905.7702,1573.8966,0.1961
5073,84.55,roi_001,899.7182,1563.7001,889.7065,1553.7981,909.7299,1573.6022,0.363297
5073,84.55,roi_001,900.2912,1564.6446,894.8702,1555.3195,905.7121,1573.9697,0.183895
5074,84.566667,roi_001,899.5844,1563.7319,889.3622,1553.7472,909.8066,1573.7167,0.350599
5075,84.583333,roi_001,899.3842,1564.8012,888.8465,1555.2249,909.9218,1574.3776,0.562796
5076,84.6,roi_001,899.4547,1564.8249,889.0043,1555.2065,909.9052,1574.4432,0.570511
5077,84.616667,roi_001,899.3537,1564.8453,889.1512,1555.6194,909.5562,1574.0713,0.646774
5078,84.633333,roi_001,899.2565,1565.0029,888.7523,1555.4404,909.7607,1574.5653,0.581096
5079,84.65,roi_001,899.1156,1566.0827,889.2932,1557.068,908.938,1575.0974,0.397488
5080,84.666667,roi_001,899.2928,1565.0786,888.3424,1555.1886,910.2432,1574.9686,0.475245
5080,84.666667,roi_001,900.2491,1565.7706,894.7714,1556.5748,905.7269,1574.9664,0.203923
5081,84.683333,roi_001,899.336,1565.1178,888.3622,1555.119,910.3097,1575.1166,0.430941
5081,84.683333,roi_001,900.2175,1565.7322,894.804,1556.4871,905.6311,1574.9773,0.184575
5082,84.7,roi_001,899.6177,1565.0545,888.6116,1555.1334,910.6238,1574.9756,0.524659
5082,84.7,roi_001,900.3314,1565.9207,894.9969,1556.7983,905.666,1575.043,0.26993
5083,84.716667,roi_001,899.4758,1565.0644,888.8074,1555.1798,910.1442,1574.949,0.510409
5083,84.716667,roi_001,900.1839,1565.9133,894.629,1556.8108,905.7388,1575.0157,0.318186
5084,84.733333,roi_001,899.8276,1565.19,888.7697,1555.2581,910.8856,1575.1219,0.50567
5084,84.733333,roi_001,900.5243,1565.8867,894.8802,1556.8225,906.1684,1574.9508,0.341785
5085,84.75,roi_001,899.5824,1565.1782,888.816,1555.2461,910.3488,1575.1102,0.478296
5085,84.75,roi_001,900.4124,1565.8433,894.7491,1556.7457,906.0757,1574.9409,0.290322
5086,84.766667,roi_001,899.5427,1565.1833,889.0369,1555.326,910.0485,1575.0406,0.526114
5086,84.766667,roi_001,900.2306,1565.9045,894.6234,1556.7644,905.8378,1575.0447,0.341413
5087,84.783333,roi_001,899.1636,1566.3979,889.9354,1557.8699,908.3918,1574.9259,0.40022
5088,84.8,roi_001,899.1825,1566.3929,890.0025,1557.8151,908.3625,1574.9708,0.373794
5089,84.816667,roi_001,898.8288,1566.2361,889.4902,1557.4874,908.1674,1574.9847,0.337277
5090,84.833333,roi_001,898.818,1566.3795,889.0623,1557.3894,908.5738,1575.3695,0.300039
5091,84.85,roi_001,895.3473,1566.8489,885.9958,1556.4314,904.6987,1577.2665,0.42854
5092,84.866667,roi_001,894.8173,1567.0403,885.999,1556.7476,903.6356,1577.3331,0.495826
5093,84.883333,roi_001,894.8177,1567.0382,885.9932,1556.7412,903.6423,1577.3352,0.496053
5094,84.9,roi_001,895.0752,1566.9926,885.814,1556.3961,904.3365,1577.5891,0.409564
5095,84.916667,roi_001,894.9372,1567.0344,885.5251,1556.3898,904.3492,1577.679,0.445499
5096,84.933333,roi_001,894.8224,1566.9373,885.2546,1556.1025,904.3902,1577.7721,0.424692
5097,84.95,roi_001,894.8716,1567.0099,885.2829,1556.264,904.4604,1577.7559,0.417718
5098,84.966667,roi_001,894.9688,1566.8888,884.6683,1555.7019,905.2692,1578.0757,0.286078
5099,84.983333,roi_001,894.4749,1567.0197,884.2551,1555.7537,904.6948,1578.2856,0.432854
5100,85.0,roi_001,894.5937,1566.9953,884.3504,1555.751,904.8369,1578.2396,0.426804
5101,85.016667,roi_001,894.8447,1566.9758,884.7229,1555.8174,904.9665,1578.1342,0.405892
5102,85.033333,roi_001,894.7014,1567.0797,884.8005,1556.1074,904.6024,1578.052,0.378366
5103,85.05,roi_001,894.1304,1567.7338,882.3345,1559.1187,905.9263,1576.3489,0.442701
5104,85.066667,roi_001,893.0236,1567.8163,882.8557,1556.8469,903.1915,1578.7858,0.495419
5104,85.066667,roi_001,893.1098,1567.838,884.7479,1561.439,901.4717,1574.2371,0.154212
5105,85.083333,roi_001,893.0235,1567.8199,882.8593,1556.8564,903.1877,1578.7834,0.49551
5105,85.083333,roi_001,893.109,1567.8388,884.7467,1561.4358,901.4713,1574.2418,0.154324
5106,85.1,roi_001,894.2822,1567.645,882.2603,1559.0621,906.3041,1576.2278,0.506516
5107,85.116667,roi_001,893.7038,1567.7389,881.3344,1559.1144,906.0731,1576.3634,0.480143
5107,85.116667,roi_001,893.046,1567.7367,884.6144,1561.6052,901.4775,1573.8682,0.186451
5108,85.133333,roi_001,893.8226,1567.6683,881.2978,1559.05,906.3474,1576.2866,0.46262
5108,85.133333,roi_001,893.0663,1567.6609,884.6841,1561.6685,901.4485,1573.6533,0.156912
5109,85.15,roi_001,893.6225,1567.7305,881.3474,1559.1368,905.8977,1576.3242,0.509161
5109,85.15,roi_001,892.9344,1567.7465,884.5254,1561.6296,901.3433,1573.8634,0.195193
5110,85.166667,roi_001,893.6855,1567.6913,881.2544,1559.0583,906.1166,1576.3243,0.485294
5110,85.166667,roi_001,893.0246,1567.7365,884.5723,1561.5254,901.477,1573.9476,0.19376
5111,85.183333,roi_001,893.7318,1568.2688,881.032,1559.8059,906.4316,1576.7317,0.197207
5112,85.2,roi_001,892.7946,1568.1517,881.015,1556.1735,904.5741,1580.1299,0.222777
5113,85.216667,roi_001,892.8857,1568.347,880.9691,1556.3513,904.8024,1580.3427,0.161357
5114,85.233333,roi_001,892.8481,1568.2156,881.0295,1556.2012,904.6667,1580.23,0.190411
5115,85.25,roi_001,893.149,1568.5003,880.9198,1556.5463,905.3781,1580.4543,0.175056
5119,85.316667,roi_001,892.6812,1572.9754,881.7325,1561.495,903.6299,1584.4558,0.217932
5121,85.35,roi_001,892.6656,1572.8971,881.6446,1561.3223,903.6865,1584.4719,0.254509
5122,85.366667,roi_001,892.6263,1572.7181,880.916,1560.4706,904.3367,1584.9657,0.204085
5128,85.466667,roi_001,892.6996,1573.2755,881.891,1561.8892,903.5081,1584.6617,0.15216
5135,85.583333,roi_001,892.0136,1574.5156,882.2513,1564.0216,901.776,1585.0096,0.536397
5136,85.6,roi_001,892.0479,1574.6531,881.9161,1563.906,902.1797,1585.4003,0.534287
5137,85.616667,roi_001,892.2017,1574.4881,881.7358,1563.2903,902.6675,1585.6859,0.516905
5137,85.616667,roi_001,891.6066,1574.8903,885.8607,1565.3441,897.3525,1584.4365,0.366256
5138,85.633333,roi_001,891.9545,1574.4505,881.817,1563.5681,902.092,1585.3329,0.507229
5139,85.65,roi_001,891.5887,1574.3484,883.5973,1562.0892,899.58,1586.6077,0.571652
5139,85.65,roi_001,891.2629,1576.4637,884.979,1569.2604,897.5469,1583.6671,0.162351
5140,85.666667,roi_001,891.6416,1574.121,883.5558,1561.5981,899.7273,1586.6438,0.574196
5140,85.666667,roi_001,891.0783,1575.4721,885.6609,1566.2323,896.4956,1584.7119,0.36498
5140,85.666667,roi_001,891.927,1575.9941,880.2285,1567.9507,903.6255,1584.0376,0.260183
5141,85.683333,roi_001,891.6214,1574.3128,883.5862,1562.0205,899.6566,1586.6051,0.561816
5142,85.7,roi_001,891.7343,1574.6584,881.0446,1563.2634,902.4241,1586.0535,0.584127
5142,85.7,roi_001,891.3542,1575.2184,885.5731,1565.8552,897.1354,1584.5817,0.47069
5143,85.716667,roi_001,891.6205,1574.8259,882.2578,1564.1881,900.9831,1585.4636,0.68414
5143,85.716667,roi_001,891.367,1576.5802,884.9008,1569.1287,897.8332,1584.0317,0.288624
5144,85.733333,roi_001,891.5247,1574.908,881.7896,1564.0835,901.2599,1585.7325,0.682425
5144,85.733333,roi_001,891.2784,1576.622,884.8528,1569.2653,897.704,1583.9788,0.305755
5145,85.75,roi_001,891.5412,1574.8835,882.0955,1564.1508,900.9869,1585.6163,0.681927
5145,85.75,roi_001,891.3392,1576.5765,884.8746,1569.1041,897.8038,1584.0488,0.262014
5146,85.766667,roi_001,891.6237,1574.5336,881.6633,1563.3964,901.5841,1585.6709,0.696788
5146,85.766667,roi_001,891.3323,1575.4441,885.4768,1566.3461,897.1877,1584.5421,0.55087
5147,85.783333,roi_001,891.3863,1575.9738,882.0375,1566.1855,900.735,1585.762,0.668495
5147,85.783333,roi_001,891.0969,1576.7485,884.7302,1569.6216,897.4636,1583.8755,0.373032
5148,85.8,roi_001,891.26,1575.9591,881.6213,1565.9187,900.8987,1585.9995,0.686699
5148,85.8,roi_001,891.1036,1576.8184,884.6345,1569.4862,897.5728,1584.1505,0.384528
5149,85.816667,roi_001,891.4406,1575.4479,881.0397,1564.6337,901.8416,1586.2622,0.72809
5149,85.816667,roi_001,891.2188,1575.9962,885.4366,1567.0219,897.001,1584.9705,0.605408
5150,85.833333,roi_001,891.4292,1575.4796,881.0662,1564.6633,901.7922,1586.2959,0.726211
5150,85.833333,roi_001,891.1885,1576.063,885.4165,1567.1173,896.9606,1585.0087,0.604725
5151,85.85,roi_001,891.7956,1576.63,881.863,1566.616,901.7283,1586.644,0.648722
5151,85.85,roi_001,891.3261,1577.5173,884.8062,1570.3943,897.8461,1584.6404,0.394519
5152,85.866667,roi_001,891.5072,1576.5683,880.7168,1566.0841,902.2977,1587.0525,0.587303
5152,85.866667,roi_001,891.0972,1576.4579,885.3273,1567.6071,896.8671,1585.3088,0.478
5152,85.866667,roi_001,891.6351,1577.4614,883.5676,1571.953,899.7026,1582.9697,0.309733
5153,85.883333,roi_001,891.5062,1576.5685,880.7148,1566.0829,902.2975,1587.0541,0.588019
5153,85.883333,roi_001,891.0967,1576.4584,885.3269,1567.6066,896.8665,1585.3103,0.478657
5153,85.883333,roi_001,891.6344,1577.4614,883.5667,1571.953,899.7021,1582.9697,0.310527
5154,85.9,roi_001,891.6636,1576.5845,881.2365,1566.3921,902.0907,1586.777,0.519065
5154,85.9,roi_001,891.1256,1576.6019,885.2706,1567.8878,896.9806,1585.3159,0.3867
5154,85.9,roi_001,891.4468,1577.8397,883.1176,1572.3383,899.776,1583.3411,0.211737
5155,85.916667,roi_001,890.8366,1576.7915,880.7104,1566.7822,900.9628,1586.8008,0.764364
5155,85.916667,roi_001,890.8284,1577.6483,884.1353,1570.3723,897.5215,1584.9242,0.68499
5156,85.933333,roi_001,890.7936,1576.8256,880.7051,1566.845,900.8821,1586.8062,0.767566
5156,85.933333,roi_001,890.8114,1577.6616,884.1071,1570.3739,897.5156,1584.9493,0.689509
5157,85.95,roi_001,890.7303,1576.8291,880.717,1566.9685,900.7435,1586.6897,0.75713
5157,85.95,roi_001,890.757,1577.6343,884.011,1570.3887,897.5031,1584.88,0.670602
5158,85.966667,roi_001,890.7687,1577.0604,881.0286,1567.348,900.5089,1586.7727,0.792338
5159,85.983333,roi_001,890.9887,1576.8603,880.4522,1566.6135,901.5251,1587.1071,0.713305
5159,85.983333,roi_001,890.5717,1577.2164,884.5846,1568.4012,896.5587,1586.0316,0.675153
5160,86.0,roi_001,890.8963,1576.8097,880.475,1566.6548,901.3177,1586.9646,0.721501
5160,86.0,roi_001,890.756,1576.5287,884.806,1567.8345,896.7061,1585.223,0.661933
5161,86.016667,roi_001,890.9991,1577.2689,881.0327,1567.3959,900.9655,1587.142,0.732322
5161,86.016667,roi_001,890.9415,1577.9081,884.3976,1570.8228,897.4854,1584.9935,0.643053
5162,86.033333,roi_001,890.9604,1576.8909,880.382,1566.6003,901.5389,1587.1814,0.729152
5162,86.033333,roi_001,890.5915,1577.1682,884.5435,1568.2837,896.6395,1586.0526,0.693163
5163,86.05,roi_001,891.6917,1576.942,881.157,1566.9004,902.2264,1586.9836,0.547892
5163,86.05,roi_001,890.855,1577.0094,885.3634,1568.6454,896.3466,1585.3734,0.425214
5164,86.066667,roi_001,891.5505,1576.9952,880.7822,1566.6873,902.3189,1587.3031,0.620179
5164,86.066667,roi_001,890.7694,1576.9182,885.2629,1568.5275,896.2759,1585.3088,0.496778
5165,86.083333,roi_001,891.5509,1576.9951,880.7812,1566.6858,902.3206,1587.3043,0.62015
5165,86.083333,roi_001,890.7696,1576.9185,885.2632,1568.5278,896.2759,1585.3091,0.496731
5165,86.083333,roi_001,891.4349,1578.074,883.2164,1572.5082,899.6535,1583.6399,0.308135
5166,86.1,roi_001,891.6667,1576.9575,881.2848,1567.0594,902.0486,1586.8555,0.545036
5166,86.1,roi_001,890.9533,1578.0521,884.7415,1571.1855,897.1652,1584.9187,0.291932
5167,86.116667,roi_001,891.4162,1576.746,880.1614,1565.9304,902.671,1587.5616,0.563327
5167,86.116667,roi_001,890.8459,1576.8637,885.4672,1568.3196,896.2246,1585.4078,0.481831
5167,86.116667,roi_001,891.4844,1577.5566,883.4396,1572.1294,899.5292,1582.9839,0.263443
5168,86.133333,roi_001,891.5527,1576.7283,880.5741,1566.197,902.5313,1587.2596,0.558037
5168,86.133333,roi_001,890.8745,1576.8459,885.4431,1568.3955,896.306,1585.2963,0.45541
5168,86.133333,roi_001,891.571,1577.5941,883.5715,1572.126,899.5705,1583.0623,0.233894
5169,86.15,roi_001,891.4184,1576.7927,880.3751,1566.229,902.4617,1587.3563,0.61187
5169,86.15,roi_001,890.7891,1576.8969,885.2621,1568.4355,896.316,1585.3583,0.509264
5170,86.166667,roi_001,891.3688,1576.8015,880.147,1566.1044,902.5907,1587.4985,0.613762
5170,86.166667,roi_001,890.7923,1576.9059,885.3386,1568.4611,896.246,1585.3507,0.568937
5170,86.166667,roi_001,891.345,1577.5703,883.2944,1572.0742,899.3957,1583.0664,0.358493
5171,86.183333,roi_001,891.0785,1577.2686,880.6987,1567.1729,901.4583,1587.3644,0.684643
5171,86.183333,roi_001,890.7911,1577.9338,884.391,1570.9429,897.1913,1584.9247,0.609323
5172,86.2,roi_001,891.1697,1577.1391,880.6666,1567.0175,901.6728,1587.2607,0.673073
5172,86.2,roi_001,890.8115,1577.8812,884.4474,1570.9224,897.1757,1584.8401,0.607515
5173,86.216667,roi_001,891.1733,1577.1967,880.1869,1566.7063,902.1598,1587.6871,0.65808
5173,86.216667,roi_001,890.6888,1577.3115,884.9689,1568.4712,896.4088,1586.1519,0.652722
5173,86.216667,roi_001,891.2033,1577.7587,883.0846,1572.1902,899.3221,1583.3273,0.505451
5174,86.233333,roi_001,891.198,1577.1188,880.5789,1566.9218,901.8172,1587.3158,0.657149
5174,86.233333,roi_001,890.7299,1577.3611,884.9813,1568.5995,896.4785,1586.1227,0.635926
5175,86.25,roi_001,891.275,1577.3881,880.2645,1566.8411,902.2855,1587.9352,0.620887
5175,86.25,roi_001,890.7031,1577.5897,885.1216,1568.7422,896.2847,1586.4373,0.604894
5175,86.25,roi_001,891.3853,1577.9593,883.2109,1572.3162,899.5596,1583.6024,0.479671
5176,86.266667,roi_001,891.3814,1577.7692,880.063,1567.1611,902.6998,1588.3773,0.578782
5176,86.266667,roi_001,890.6992,1577.818,885.1165,1569.0122,896.2819,1586.6238,0.568722
5176,86.266667,roi_001,891.1809,1578.4802,882.7253,1572.7428,899.6364,1584.2175,0.479572
5177,86.283333,roi_001,891.3789,1577.7689,880.0837,1567.1758,902.6741,1588.3621,0.579102
5177,86.283333,roi_001,890.6996,1577.8199,885.1108,1569.0165,896.2883,1586.6234,0.568125
5177,86.283333,roi_001,891.1822,1578.4834,882.7255,1572.7394,899.639,1584.2274,0.478925
5178,86.3,roi_001,891.4458,1577.6651,880.1052,1567.1345,902.7863,1588.1957,0.529746
5178,86.3,roi_001,890.7094,1577.8257,885.1533,1569.0717,896.2654,1586.5798,0.521802
5178,86.3,roi_001,891.2494,1578.4731,882.7072,1572.7855,899.7916,1584.1608,0.43032
5179,86.316667,roi_001,890.6361,1577.7697,885.4557,1569.0027,895.8165,1586.5367,0.354908
5179,86.316667,roi_001,890.9208,1577.4874,882.8624,1565.595,898.9792,1589.3799,0.343658
5179,86.316667,roi_001,891.5251,1577.8674,879.2027,1570.042,903.8475,1585.6929,0.262297
5179,86.316667,roi_001,891.0695,1578.4244,882.5465,1573.1343,899.5924,1583.7145,0.253503
5180,86.333333,roi_001,890.6596,1577.7976,885.4648,1568.9951,895.8544,1586.6001,0.341599
5180,86.333333,roi_001,891.4177,1577.909,879.1088,1566.7189,903.7266,1589.0991,0.318654
5180,86.333333,roi_001,891.1957,1578.4784,882.6557,1573.1724,899.7357,1583.7844,0.275772
5181,86.35,roi_001,890.7055,1577.8043,885.2884,1568.89,896.1227,1586.7186,0.472549
5181,86.35,roi_001,891.5069,1577.8196,879.7961,1566.9792,903.2176,1588.66,0.469475
5181,86.35,roi_001,891.3085,1578.551,882.775,1572.9254,899.8419,1584.1765,0.368172
5182,86.366667,roi_001,890.6499,1577.8422,885.4452,1569.0292,895.8546,1586.6553,0.395952
5182,86.366667,roi_001,890.9568,1577.5463,882.9611,1565.7009,898.9525,1589.3916,0.356558
5182,86.366667,roi_001,891.3017,1578.095,882.9261,1572.8949,899.6772,1583.295,0.280605
5182,86.366667,roi_001,891.516,1577.884,879.2744,1570.024,903.7576,1585.744,0.26764
5183,86.383333,roi_001,890.7341,1577.8225,885.2944,1568.9368,896.1738,1586.7083,0.586613
5183,86.383333,roi_001,891.5434,1577.8766,879.8296,1567.1228,903.2572,1588.6304,0.577232
5183,86.383333,roi_001,891.4798,1578.166,883.1234,1572.6146,899.8362,1583.7173,0.492394
5184,86.4,roi_001,890.7444,1577.8757,885.3054,1568.9706,896.1833,1586.7808,0.535981
5184,86.4,roi_001,891.5376,1577.9105,879.7739,1567.1611,903.3014,1588.6598,0.526988
5184,86.4,roi_001,891.2739,1578.515,882.7087,1573.0334,899.8391,1583.9965,0.445835
5185,86.416667,roi_001,891.0804,1578.5427,879.6746,1570.1429,902.4862,1586.9425,0.556752
5185,86.416667,roi_001,890.7401,1578.9114,884.135,1571.7343,897.3452,1586.0886,0.480324
5186,86.433333,roi_001,891.1744,1578.6649,879.0883,1570.7148,903.2606,1586.615,0.542918
5186,86.433333,roi_001,890.7669,1578.8862,884.2352,1571.7766,897.2985,1585.9957,0.506578
5187,86.45,roi_001,891.3623,1578.9007,879.0764,1570.8801,903.6482,1586.9213,0.536128
5187,86.45,roi_001,891.4225,1578.819,883.091,1573.0947,899.7541,1584.5432,0.392419
5187,86.45,roi_001,890.8169,1578.5599,882.5894,1566.177,899.0445,1590.9429,0.340913
5187,86.45,roi_001,890.6176,1578.2523,885.5012,1568.6227,895.7339,1587.8818,0.330761
5188,86.466667,roi_001,891.2382,1578.8297,878.9462,1570.7668,903.5303,1586.8926,0.528317
5188,86.466667,roi_001,890.8276,1578.9357,884.1782,1571.7861,897.4771,1586.0853,0.433051
5189,86.483333,roi_001,891.2268,1579.0478,878.777,1571.0099,903.6765,1587.0857,0.536836
5189,86.483333,roi_001,890.7765,1579.0893,884.1273,1571.9236,897.4257,1586.255,0.396383
5189,86.483333,roi_001,890.5268,1578.5481,882.1529,1566.2294,898.9006,1590.8668,0.29486
5190,86.5,roi_001,891.4431,1579.0176,878.9734,1570.9589,903.9128,1587.0764,0.514598
5190,86.5,roi_001,891.8151,1578.4094,883.1102,1573.3049,900.52,1583.5138,0.344784
5190,86.5,roi_001,890.6953,1578.7233,882.3642,1566.17,899.0265,1591.2766,0.276291
5190,86.5,roi_001,890.6476,1578.4125,885.469,1568.8092,895.8263,1588.0159,0.274147
5191,86.516667,roi_001,891.2478,1579.1438,879.0458,1571.1067,903.4498,1587.1809,0.50553
5191,86.516667,roi_001,890.7661,1579.2075,884.1186,1572.0499,897.4136,1586.365,0.331602
5191,86.516667,roi_001,890.575,1578.5643,882.4098,1566.3378,898.7403,1590.7909,0.27162
5192,86.533333,roi_001,891.1084,1579.0209,879.3438,1570.5776,902.8729,1587.4642,0.479517
5192,86.533333,roi_001,890.7079,1579.1736,884.0637,1572.0411,897.3521,1586.3062,0.35007
5193,86.55,roi_001,891.1381,1579.0156,879.4023,1570.549,902.8739,1587.4823,0.476409
5193,86.55,roi_001,890.7012,1579.2039,884.069,1572.0548,897.3335,1586.353,0.350424
5194,86.566667,roi_001,891.3413,1579.0554,879.3398,1570.5645,903.3428,1587.5463,0.45231
5194,86.566667,roi_001,890.7884,1579.2678,884.1603,1572.1985,897.4164,1586.3372,0.274676
5195,86.583333,roi_001,891.3632,1579.0428,879.4824,1570.8241,903.244,1587.2616,0.474164
5195,86.583333,roi_001,890.7516,1579.1447,884.0743,1571.9934,897.4288,1586.2959,0.357126
5196,86.6,roi_001,891.2952,1579.0229,879.5391,1570.739,903.0513,1587.3069,0.492451
5196,86.6,roi_001,890.6109,1578.2867,885.5319,1568.5735,895.6899,1587.9999,0.322371
5196,86.6,roi_001,891.6754,1578.6697,882.9217,1573.3539,900.4291,1583.9855,0.304525
5197,86.616667,roi_001,891.3623,1579.0295,879.5486,1570.702,903.1761,1587.3569,0.48522
5197,86.616667,roi_001,890.7094,1579.1836,883.989,1571.922,897.4297,1586.4452,0.357853
5198,86.633333,roi_001,891.4841,1578.8877,879.7679,1570.552,903.2002,1587.2234,0.549527
5198,86.633333,roi_001,891.7979,1578.6212,883.1597,1573.1871,900.4362,1584.0553,0.347487
5198,86.633333,roi_001,890.675,1578.1385,885.6085,1568.3381,895.7416,1587.939,0.346446
5199,86.65,roi_001,891.5618,1578.9987,879.2137,1570.8177,903.9099,1587.1796,0.523425
5199,86.65,roi_001,890.8096,1579.0748,884.2328,1571.8286,897.3864,1586.321,0.360956
5199,86.65,roi_001,890.8507,1578.3576,882.4113,1565.7783,899.2902,1590.9369,0.344868
5200,86.666667,roi_001,891.6091,1578.8479,879.7194,1570.5192,903.4988,1587.1766,0.531899
5200,86.666667,roi_001,890.8404,1579.0615,884.2478,1571.7649,897.433,1586.358,0.388767
5201,86.683333,roi_001,891.0791,1579.1385,879.3833,1570.973,902.775,1587.304,0.590572
5201,86.683333,roi_001,890.5338,1578.2629,884.9427,1568.4434,896.1249,1588.0824,0.43377
5202,86.7,roi_001,891.4733,1579.1257,879.5361,1571.0511,903.4105,1587.2003,0.555213
5202,86.7,roi_001,890.9756,1579.0625,884.3388,1572.0491,897.6124,1586.0759,0.376769
5203,86.716667,roi_001,890.5768,1578.4969,879.7107,1567.556,901.4428,1589.4379,0.636885
5203,86.716667,roi_001,890.5115,1579.0778,883.9003,1571.7568,897.1228,1586.3987,0.606159
5204,86.733333,roi_001,890.6136,1578.4659,879.3439,1567.1017,901.8832,1589.8302,0.608776
5204,86.733333,roi_001,890.6201,1579.1787,884.1061,1571.8446,897.134,1586.5128,0.53621
5205,86.75,roi_001,890.6089,1578.4694,879.3815,1567.1344,901.8364,1589.8044,0.608226
5205,86.75,roi_001,890.6185,1579.1785,884.0938,1571.844,897.1433,1586.5129,0.535303
5206,86.766667,roi_001,890.6685,1578.5654,879.6937,1567.4374,901.6434,1589.6934,0.633754
5206,86.766667,roi_001,890.6047,1579.1987,884.0405,1571.7307,897.1689,1586.6666,0.559483
5207,86.783333,roi_001,890.6617,1578.417,880.1064,1567.7931,901.2169,1589.0409,0.634182
5207,86.783333,roi_001,890.5328,1579.0911,884.062,1571.895,897.0035,1586.2872,0.612314
5208,86.8,roi_001,890.6588,1578.311,880.1234,1567.6138,901.1941,1589.0082,0.639312
5208,86.8,roi_001,890.5343,1579.0547,884.0696,1571.8644,896.999,1586.2451,0.613503
5209,86.816667,roi_001,890.529,1578.4774,880.0205,1567.8333,901.0375,1589.1216,0.645514
5209,86.816667,roi_001,890.4605,1579.1245,883.9194,1571.8699,897.0016,1586.379,0.618035
5210,86.833333,roi_001,890.7589,1578.3714,880.4566,1567.9326,901.0611,1588.8102,0.670841
5210,86.833333,roi_001,890.5238,1579.0099,883.8979,1571.548,897.1497,1586.4719,0.653769
5211,86.85,roi_001,890.4864,1577.9198,878.8063,1566.4204,902.1666,1589.4192,0.543086
5211,86.85,roi_001,890.516,1577.8893,885.091,1568.2742,895.941,1587.5045,0.497169
5211,86.85,roi_001,890.9804,1579.1229,882.6764,1573.1851,899.2845,1585.0607,0.378676
5212,86.866667,roi_001,891.1813,1578.6741,879.9812,1570.3757,902.3815,1586.9725,0.581017
5212,86.866667,roi_001,890.5572,1577.844,885.1652,1568.2395,895.9491,1587.4485,0.538437
5213,86.883333,roi_001,890.6124,1578.2341,879.2497,1567.2007,901.9752,1589.2676,0.61076
5213,86.883333,roi_001,890.5558,1578.9791,884.0386,1571.6001,897.0729,1586.3582,0.57556
5214,86.9,roi_001,890.7334,1578.0533,878.8028,1566.5984,902.664,1589.5083,0.542598
5214,86.9,roi_001,890.6087,1578.9927,884.2241,1571.6997,896.9933,1586.2858,0.513112
5215,86.916667,roi_001,890.7081,1578.4951,879.3255,1567.4504,902.0906,1589.5398,0.600286
5215,86.916667,roi_001,890.5566,1579.1443,884.0666,1571.7588,897.0466,1586.5299,0.542062
5216,86.933333,roi_001,890.9476,1578.4957,880.7752,1568.123,901.1199,1588.8683,0.664412
5216,86.933333,roi_001,891.1209,1578.8336,884.371,1571.0242,897.8708,1586.6429,0.633204
5217,86.95,roi_001,890.961,1578.4952,880.7618,1568.1069,901.1603,1588.8835,0.662476
5217,86.95,roi_001,891.1216,1578.8348,884.376,1571.019,897.8672,1586.6505,0.633043
5218,86.966667,roi_001,890.9922,1578.5961,881.0676,1568.3743,900.9168,1588.8179,0.670565
5218,86.966667,roi_001,890.7296,1579.0862,884.2253,1571.567,897.2339,1586.6055,0.625102
5219,86.983333,roi_001,891.0093,1578.6435,881.244,1568.6469,900.7747,1588.6401,0.683314
5219,86.983333,roi_001,890.6479,1579.1123,884.147,1571.6248,897.1488,1586.5999,0.6518
5220,87.0,roi_001,890.8825,1578.7214,881.5672,1568.9924,900.1979,1588.4503,0.691316
5221,87.016667,roi_001,890.7511,1578.4213,881.0031,1568.3796,900.4991,1588.4629,0.674341
5222,87.033333,roi_001,890.8356,1578.7443,881.5604,1569.1267,900.1108,1588.3619,0.707563
5223,87.05,roi_001,890.5925,1578.4706,881.2534,1568.948,899.9316,1587.9933,0.706391
5224,87.066667,roi_001,890.574,1578.4741,881.2245,1568.8998,899.9235,1588.0483,0.706304
5225,87.083333,roi_001,890.7034,1578.1885,879.808,1567.5223,901.5988,1588.8546,0.629048
5225,87.083333,roi_001,890.5681,1579.075,884.1247,1571.6421,897.0115,1586.5079,0.623909
5226,87.1,roi_001,890.6604,1578.2737,880.3763,1568.1016,900.9445,1588.4459,0.657091
5226,87.1,roi_001,890.4832,1579.0598,883.9691,1571.5527,896.9973,1586.5669,0.645052
5227,87.116667,roi_001,890.6366,1578.9954,884.298,1571.7244,896.9752,1586.2664,0.592079
5227,87.116667,roi_001,890.8085,1578.0818,879.4172,1567.1827,902.1999,1588.9808,0.564338
5228,87.133333,roi_001,891.0221,1578.4536,880.3231,1567.9597,901.721,1588.9474,0.594044
5228,87.133333,roi_001,890.6524,1579.0276,884.2516,1571.6912,897.0532,1586.364,0.586968
5229,87.15,roi_001,890.9883,1578.478,880.3276,1568.0104,901.6489,1588.9456,0.598363
5229,87.15,roi_001,890.6475,1579.0349,884.2443,1571.7039,897.0506,1586.366,0.586332
5230,87.166667,roi_001,890.7148,1579.0661,884.3964,1571.7897,897.0331,1586.3425,0.532485
5230,87.166667,roi_001,891.2263,1578.392,879.724,1567.1821,902.7286,1589.6018,0.521293
5231,87.183333,roi_001,890.7606,1579.1119,884.4866,1571.8151,897.0346,1586.4087,0.507002
5231,87.183333,roi_001,890.9636,1578.1951,883.1951,1566.2886,898.7321,1590.1016,0.481384
5231,87.183333,roi_001,891.5956,1578.8895,879.0118,1570.7795,904.1794,1586.9995,0.435955
5232,87.2,roi_001,890.7508,1579.0536,884.3994,1571.6716,897.1022,1586.4355,0.562046
5232,87.2,roi_001,891.3032,1578.5543,879.9601,1567.3451,902.6463,1589.7635,0.552681
5233,87.216667,roi_001,890.7733,1579.0827,884.4653,1571.7955,897.0814,1586.3699,0.535514
5233,87.216667,roi_001,891.1883,1578.2639,879.3793,1566.7507,902.9973,1589.7771,0.462403
5234,87.233333,roi_001,890.8354,1578.1469,885.5233,1568.5004,896.1476,1587.7933,0.393889
5234,87.233333,roi_001,891.6908,1578.8361,880.0695,1570.4346,903.3121,1587.2375,0.377391
5234,87.233333,roi_001,891.5595,1579.1501,883.425,1573.493,899.694,1584.8071,0.285178
5235,87.25,roi_001,892.2679,1578.7867,880.3342,1570.3448,904.2017,1587.2285,0.319238
5235,87.25,roi_001,891.4468,1577.8552,883.5025,1564.9816,899.3912,1590.7288,0.254018
5235,87.25,roi_001,891.0844,1579.113,885.2278,1572.1553,896.9409,1586.0707,0.24323
5236,87.266667,roi_001,892.2031,1578.8674,880.3352,1570.49,904.0709,1587.2448,0.310599
5236,87.266667,roi_001,891.0671,1579.1229,885.1296,1572.2054,897.0045,1586.0404,0.232056
5236,87.266667,roi_001,891.3448,1578.0103,883.3498,1565.2737,899.3398,1590.7468,0.2223
5237,87.283333,roi_001,892.2349,1578.8388,880.1029,1570.3401,904.3668,1587.3375,0.218413
5237,87.283333,roi_001,891.4479,1578.1239,883.4354,1565.1337,899.4605,1591.1141,0.19168
5237,87.283333,roi_001,892.1752,1579.0016,883.8503,1573.6805,900.5001,1584.3226,0.170836
5238,87.3,roi_001,892.2592,1578.885,880.1091,1570.4087,904.4092,1587.3613,0.212188
5238,87.3,roi_001,891.4394,1578.0843,883.4604,1565.097,899.4183,1591.0715,0.194967
5238,87.3,roi_001,892.0706,1579.0542,883.7714,1573.6868,900.3699,1584.4216,0.167047
5239,87.316667,roi_001,891.3191,1578.1945,880.0787,1566.2968,902.5596,1590.0923,0.462877
5239,87.316667,roi_001,890.8643,1578.8309,884.6039,1571.5842,897.1246,1586.0776,0.435087
5240,87.333333,roi_001,890.9879,1577.9947,883.1245,1565.4277,898.8513,1590.5616,0.338258
5240,87.333333,roi_001,890.6193,1578.8424,884.5673,1571.9395,896.6712,1585.7454,0.304057
5240,87.333333,roi_001,891.2502,1578.5332,879.6648,1570.5902,902.8356,1586.4762,0.206728
5241,87.35,roi_001,891.0154,1577.946,883.1894,1565.4399,898.8414,1590.4521,0.34261
5241,87.35,roi_001,890.6573,1578.8349,884.6016,1571.9141,896.7129,1585.7557,0.316207
5241,87.35,roi_001,891.2923,1578.5226,879.7795,1570.5878,902.8051,1586.4575,0.215458
5242,87.366667,roi_001,890.7684,1577.9961,882.7466,1565.0176,898.7902,1590.9746,0.375012
5242,87.366667,roi_001,890.647,1578.8417,884.6047,1571.8989,896.6892,1585.7844,0.321751
5242,87.366667,roi_001,891.3535,1578.5588,879.7475,1570.5145,902.9596,1586.6031,0.236627
5243,87.383333,roi_001,891.1055,1578.2783,883.2546,1565.5331,898.9563,1591.0236,0.40356
5243,87.383333,roi_001,890.4668,1578.0433,885.8246,1568.5269,895.1089,1587.5598,0.252157
5243,87.383333,roi_001,891.322,1578.7092,882.9807,1573.6534,899.6633,1583.765,0.195891
5243,87.383333,roi_001,891.5444,1578.6542,878.9479,1570.5927,904.1409,1586.7157,0.166098
5244,87.4,roi_001,891.0472,1578.2601,883.2003,1565.46,898.8942,1591.0603,0.395944
5244,87.4,roi_001,890.456,1577.9839,885.8298,1568.4178,895.0822,1587.55,0.238314
5244,87.4,roi_001,891.2649,1578.7012,882.9356,1573.6376,899.5941,1583.7649,0.186286
5244,87.4,roi_001,891.4472,1578.632,878.7693,1570.5502,904.1251,1586.7137,0.152611
5245,87.416667,roi_001,891.0968,1578.3631,883.0969,1565.0432,899.0967,1591.683,0.287775
5245,87.416667,roi_001,890.7766,1578.9255,884.9183,1572.3171,896.6349,1585.5339,0.259291
5245,87.416667,roi_001,891.5475,1578.6783,879.4099,1570.59,903.6851,1586.7666,0.217247
5249,87.483333,roi_001,890.7018,1579.2546,884.7642,1572.6353,896.6395,1585.8739,0.194208
5249,87.483333,roi_001,890.5633,1578.6998,882.5735,1566.0444,898.553,1591.3551,0.187232
5249,87.483333,roi_001,892.6149,1582.4507,879.2772,1569.2715,905.9525,1595.6299,0.185413
5251,87.516667,roi_001,892.3431,1582.4382,880.2666,1569.8062,904.4197,1595.0703,0.283623
5251,87.516667,roi_001,890.7875,1579.2598,884.792,1572.5282,896.7831,1585.9913,0.186485
5252,87.533333,roi_001,890.7485,1578.2286,882.8347,1566.21,898.6624,1590.2473,0.153092
5253,87.55,roi_001,890.8886,1578.3375,883.009,1566.2922,898.7682,1590.3827,0.184409
5255,87.583333,roi_001,892.2201,1582.7616,880.1133,1570.5853,904.3269,1594.9379,0.306691
5255,87.583333,roi_001,890.6956,1579.194,884.5036,1572.3276,896.8876,1586.0604,0.275635
5255,87.583333,roi_001,891.0251,1578.8153,883.2582,1567.1321,898.792,1590.4985,0.26686
5256,87.6,roi_001,892.1908,1582.8287,880.0362,1570.6517,904.3453,1595.0056,0.298667
5256,87.6,roi_001,890.6776,1579.2335,884.4969,1572.3967,896.8584,1586.0702,0.287731
5256,87.6,roi_001,891.0023,1578.8217,883.2816,1567.1221,898.723,1590.5212,0.2755
5257,87.616667,roi_001,892.1935,1582.6125,880.1622,1570.3417,904.2249,1594.8834,0.327229
5257,87.616667,roi_001,890.7069,1579.192,884.5644,1572.3492,896.8494,1586.0347,0.287017
5257,87.616667,roi_001,890.744,1578.7827,882.8154,1566.8728,898.6727,1590.6926,0.259007
5258,87.633333,roi_001,892.2036,1582.6667,880.1031,1570.4631,904.3041,1594.8704,0.325692
5258,87.633333,roi_001,891.0363,1578.8625,883.244,1567.2017,898.8286,1590.5234,0.295264
5258,87.633333,roi_001,890.6852,1579.1946,884.4337,1572.1989,896.9368,1586.1904,0.286558
5259,87.65,roi_001,890.9289,1578.7562,883.1912,1566.7334,898.6666,1590.7789,0.416746
5259,87.65,roi_001,890.7587,1579.0519,884.6166,1572.0721,896.9008,1586.0317,0.356911
5259,87.65,roi_001,891.3503,1578.9515,879.3186,1570.9008,903.382,1587.0023,0.331252
5260,87.666667,roi_001,891.053,1578.8965,883.2861,1566.8315,898.8199,1590.9614,0.348295
5260,87.666667,roi_001,892.0791,1582.5328,879.7229,1570.0226,904.4353,1595.043,0.332815
5260,87.666667,roi_001,890.739,1579.164,884.6494,1572.3186,896.8286,1586.0094,0.312572
5261,87.683333,roi_001,891.1742,1578.8073,883.4842,1566.7277,898.8643,1590.8868,0.432018
5261,87.683333,roi_001,891.3979,1578.8665,879.3425,1570.6853,903.4534,1587.0476,0.335801
5261,87.683333,roi_001,890.7861,1578.962,884.6744,1571.9471,896.8977,1585.9768,0.329576
5262,87.7,roi_001,891.0278,1578.7065,883.2776,1566.5658,898.778,1590.8472,0.419901
5262,87.7,roi_001,891.4568,1578.8246,879.4302,1570.6844,903.4835,1586.9647,0.324944
5262,87.7,roi_001,890.8393,1578.9348,884.7592,1571.9479,896.9194,1585.9218,0.321296
5263,87.716667,roi_001,891.9926,1582.3673,879.6162,1569.8428,904.3691,1594.8918,0.349403
5263,87.716667,roi_001,890.7081,1579.1858,884.5748,1572.2378,896.8414,1586.1338,0.270667
5264,87.733333,roi_001,891.4508,1578.9075,883.7943,1566.9111,899.1073,1590.9039,0.397318
5264,87.733333,roi_001,890.8622,1578.9922,884.6093,1571.7554,897.1151,1586.229,0.254871
5265,87.75,roi_001,891.4501,1578.9068,883.7919,1566.905,899.1083,1590.9086,0.396266
5265,87.75,roi_001,890.8623,1578.992,884.6091,1571.757,897.1155,1586.2271,0.254616
5266,87.766667,roi_001,891.3108,1578.9238,883.5823,1566.8413,899.0392,1591.0062,0.455206
5266,87.766667,roi_001,891.3943,1578.8513,879.6194,1570.6846,903.1692,1587.0179,0.302954
5266,87.766667,roi_001,890.7491,1578.9216,884.5624,1571.7352,896.9359,1586.1079,0.289379
5267,87.783333,roi_001,891.4104,1578.9802,883.9952,1567.3911,898.8255,1590.5692,0.417265
5267,87.783333,roi_001,891.9897,1582.459,879.8363,1570.1088,904.1432,1594.8093,0.274891
5268,87.8,roi_001,891.3302,1579.0565,883.9081,1567.5731,898.7522,1590.5398,0.437376
5268,87.8,roi_001,891.8285,1582.8176,880.2086,1570.9135,903.4484,1594.7217,0.26695
5269,87.816667,roi_001,891.3724,1579.0115,883.8986,1567.4177,898.8463,1590.6052,0.440887
5269,87.816667,roi_001,891.9865,1582.7261,880.0527,1570.5061,903.9204,1594.946,0.255462
5270,87.833333,roi_001,891.2527,1578.713,883.8084,1566.9137,898.697,1590.5122,0.460407
5270,87.833333,roi_001,890.6853,1579.0233,884.5598,1571.873,896.8108,1586.1736,0.3105
5270,87.833333,roi_001,891.8155,1582.1777,879.3948,1569.7275,904.2362,1594.6278,0.264203
5271,87.85,roi_001,891.2789,1578.7723,883.6769,1566.8459,898.8809,1590.6987,0.433487
5271,87.85,roi_001,892.0212,1582.4164,879.7076,1570.1178,904.3348,1594.7151,0.251502
5271,87.85,roi_001,890.6721,1578.9918,884.4596,1571.829,896.8846,1586.1547,0.24477
5272,87.866667,roi_001,891.2993,1578.7514,883.7065,1567.0103,898.892,1590.4926,0.449076
5272,87.866667,roi_001,890.6619,1578.9372,884.4748,1571.7731,896.8489,1586.1013,0.26223
5272,87.866667,roi_001,891.2727,1578.7613,879.1454,1570.4773,903.4001,1587.0453,0.244222
5273,87.883333,roi_001,891.1105,1578.794,883.3121,1566.7035,898.9089,1590.8845,0.440788
5273,87.883333,roi_001,890.638,1579.0076,884.3854,1571.8066,896.8905,1586.2085,0.269305
5273,87.883333,roi_001,891.1409,1578.8295,879.1689,1570.632,903.113,1587.0271,0.25433
5274,87.9,roi_001,891.2696,1578.892,883.6445,1567.0317,898.8947,1590.7522,0.409406
5274,87.9,roi_001,892.0519,1582.5225,879.6467,1570.2863,904.4572,1594.7588,0.250252
5274,87.9,roi_001,890.6907,1579.0716,884.4386,1571.9142,896.9427,1586.229,0.231439
5275,87.916667,roi_001,890.8828,1579.0385,880.5318,1568.2645,901.2337,1589.8124,0.513788
5275,87.916667,roi_001,890.7121,1578.476,884.808,1569.0527,896.6161,1587.8992,0.305904
5276,87.933333,roi_001,891.0802,1579.1076,880.7356,1568.2,901.4248,1590.0153,0.378878
5276,87.933333,roi_001,890.7072,1579.1193,884.3201,1571.6669,897.0944,1586.5718,0.186997
5277,87.95,roi_001,891.0802,1579.1064,880.7358,1568.1973,901.4245,1590.0156,0.379092
5277,87.95,roi_001,890.7073,1579.1191,884.3204,1571.6663,897.0941,1586.572,0.187148
5278,87.966667,roi_001,890.9206,1579.1919,880.3673,1568.1932,901.4738,1590.1906,0.373168
5278,87.966667,roi_001,890.6247,1579.1494,884.2352,1571.7493,897.0142,1586.5496,0.161703
5279,87.983333,roi_001,891.1351,1578.9951,881.01,1568.3053,901.2602,1589.6849,0.377709
5279,87.983333,roi_001,890.803,1579.1588,884.3745,1571.6876,897.2316,1586.63,0.231827
5280,88.0,roi_001,890.9142,1579.0999,881.0341,1568.4497,900.7943,1589.7501,0.37524
5280,88.0,roi_001,890.6603,1579.2149,884.1674,1571.5555,897.1533,1586.8743,0.211541
5281,88.016667,roi_001,890.9064,1579.0062,880.8511,1568.296,900.9617,1589.7163,0.387693
5281,88.016667,roi_001,890.6631,1579.144,884.2144,1571.5568,897.1118,1586.7313,0.224988
5282,88.033333,roi_001,891.2367,1582.7022,883.9772,1570.9813,898.4962,1594.4231,0.360928
5282,88.033333,roi_001,891.2034,1578.9456,879.8676,1570.9404,902.5392,1586.9508,0.227737
5283,88.05,roi_001,890.8825,1579.1708,880.9578,1568.6857,900.8072,1589.656,0.340179
5283,88.05,roi_001,890.785,1579.2443,884.1605,1571.6573,897.4095,1586.8313,0.19708
5284,88.066667,roi_001,890.9048,1582.4698,880.2585,1571.7799,901.5511,1593.1597,0.330532
5284,88.066667,roi_001,890.688,1579.3085,884.0176,1571.7362,897.3583,1586.8807,0.194178
5285,88.083333,roi_001,890.9812,1582.2004,879.6533,1570.8666,902.3091,1593.5343,0.353955
5285,88.083333,roi_001,890.6798,1579.3043,884.1729,1571.8257,897.1867,1586.783,0.155081
5286,88.1,roi_001,891.2069,1582.8995,883.9244,1571.1821,898.4894,1594.6168,0.355904
5286,88.1,roi_001,890.9974,1579.0728,879.5551,1571.1052,902.4398,1587.0404,0.202695
5287,88.116667,roi_001,891.1956,1582.6537,883.8604,1570.9547,898.5309,1594.3528,0.335525
5288,88.133333,roi_001,891.0934,1582.3646,883.9548,1570.9696,898.2321,1593.7596,0.372846
5289,88.15,roi_001,891.0938,1582.3636,883.9576,1570.9778,898.23,1593.7495,0.372936
5290,88.166667,roi_001,891.0,1582.5175,883.7254,1571.1162,898.2745,1593.9187,0.447527
5291,88.183333,roi_001,891.0464,1582.7603,883.7224,1571.3306,898.3704,1594.1899,0.445328
5292,88.2,roi_001,890.978,1582.6332,883.757,1571.3224,898.1989,1593.944,0.444751
5293,88.216667,roi_001,890.9646,1582.5673,883.725,1571.2661,898.2042,1593.8684,0.462122
5294,88.233333,roi_001,890.8948,1582.8353,883.6121,1571.5791,898.1775,1594.0914,0.38531
5295,88.25,roi_001,890.9584,1582.7424,883.6719,1571.3604,898.2449,1594.1244,0.482371
5296,88.266667,roi_001,890.9673,1582.5435,882.2305,1572.7256,899.7041,1592.3613,0.460646
5297,88.283333,roi_001,890.9313,1582.6713,883.7592,1571.4431,898.1035,1593.8995,0.43212
5298,88.3,roi_001,890.9557,1582.7357,883.7704,1571.5225,898.1409,1593.949,0.427225
5299,88.316667,roi_001,890.9796,1582.7922,883.6642,1571.3477,898.2949,1594.2367,0.43801
5300,88.333333,roi_001,890.9536,1583.0947,882.2614,1573.1526,899.6459,1593.0369,0.339311
5301,88.35,roi_001,890.9132,1583.2588,882.2426,1573.4655,899.5839,1593.0521,0.304671
5302,88.366667,roi_001,891.0237,1583.1806,883.7419,1571.5709,898.3054,1594.7903,0.412057
5303,88.383333,roi_001,891.0921,1583.249,883.8248,1571.5458,898.3595,1594.9523,0.39307
5304,88.4,roi_001,891.0993,1583.2095,883.834,1571.5039,898.3646,1594.9152,0.39764
5305,88.416667,roi_001,890.9942,1583.2537,883.6848,1571.5355,898.3037,1594.9719,0.36287
5306,88.433333,roi_001,891.1119,1583.2125,883.8459,1571.5256,898.3779,1594.8994,0.398942
5307,88.45,roi_001,890.7686,1583.7535,881.2548,1573.5848,900.2823,1593.9222,0.488582
5308,88.466667,roi_001,890.9926,1583.801,882.2335,1573.9883,899.7518,1593.6138,0.530402
5309,88.483333,roi_001,891.2394,1583.8551,883.9606,1572.7664,898.5182,1594.9438,0.548447
5310,88.5,roi_001,891.0803,1583.8337,882.0008,1573.9807,900.1597,1593.6868,0.561302
5311,88.516667,roi_001,891.0205,1584.204,883.7611,1573.3378,898.2799,1595.0703,0.540001
5312,88.533333,roi_001,890.7363,1583.7803,881.6531,1573.9323,899.8195,1593.6284,0.551587
5313,88.55,roi_001,890.735,1583.7675,881.6111,1573.9052,899.8589,1593.6298,0.55292
5314,88.566667,roi_001,890.674,1583.9056,881.7833,1574.1976,899.5646,1593.6136,0.554945
5315,88.583333,roi_001,890.8165,1584.1279,881.7363,1574.2881,899.8966,1593.9677,0.515007
5316,88.6,roi_001,890.9195,1584.3282,883.5411,1573.2441,898.2979,1595.4122,0.512879
5317,88.616667,roi_001,890.7706,1584.3306,881.8893,1574.7505,899.6518,1593.9106,0.51226
5318,88.633333,roi_001,890.746,1584.1606,882.0573,1574.6333,899.4348,1593.688,0.572726
5319,88.65,roi_001,890.5987,1584.2469,882.0389,1574.7085,899.1585,1593.7853,0.593108
5320,88.666667,roi_001,890.5936,1584.441,882.0258,1574.9874,899.1614,1593.8945,0.586839
5321,88.683333,roi_001,890.7081,1583.6295,882.3958,1574.041,899.0203,1593.2179,0.544639
5322,88.7,roi_001,890.781,1583.8542,882.3792,1574.1276,899.1829,1593.5809,0.55783
5323,88.716667,roi_001,890.569,1584.037,881.4358,1574.1323,899.7021,1593.9417,0.620216
5324,88.733333,roi_001,890.5648,1584.058,881.2507,1573.9545,899.879,1594.1616,0.575053
5325,88.75,roi_001,890.5653,1584.0613,881.2543,1573.9609,899.8763,1594.1616,0.575124
5326,88.766667,roi_001,890.5541,1584.3154,881.2062,1574.2828,899.902,1594.348,0.576247
5327,88.783333,roi_001,890.1659,1585.6805,881.9562,1577.1841,898.3756,1594.177,0.51694
5328,88.8,roi_001,890.2321,1585.7561,882.2577,1577.4878,898.2064,1594.0244,0.521369
5329,88.816667,roi_001,890.2155,1585.8058,882.2777,1577.6002,898.1533,1594.0114,0.50594
5330,88.833333,roi_001,890.1839,1585.5758,881.8867,1576.968,898.481,1594.1836,0.518272
5331,88.85,roi_001,890.1291,1585.493,882.6381,1577.4769,897.6201,1593.509,0.526922
5332,88.866667,roi_001,890.1842,1585.6486,882.6369,1577.6094,897.7315,1593.6877,0.516597
5333,88.883333,roi_001,890.6508,1583.9648,881.6652,1574.0146,899.6364,1593.9149,0.511513
5334,88.9,roi_001,890.5074,1583.8531,881.5147,1573.8093,899.5001,1593.8969,0.537673
5335,88.916667,roi_001,890.3498,1584.5487,881.2266,1574.9329,899.473,1594.1646,0.625205
5335,88.916667,roi_001,889.7583,1587.6898,883.3521,1580.1299,896.1646,1595.2496,0.20102
5336,88.933333,roi_001,890.6897,1584.8652,883.1563,1573.8759,898.2231,1595.8545,0.598704
5337,88.95,roi_001,890.6824,1584.8416,883.1374,1573.8376,898.2274,1595.8455,0.599226
5338,88.966667,roi_001,890.283,1584.8299,880.7001,1574.9476,899.8658,1594.7122,0.610522
5338,88.966667,roi_001,889.8603,1587.8848,883.4921,1580.4825,896.2285,1595.287,0.217697
5339,88.983333,roi_001,890.075,1584.911,879.8856,1575.0354,900.2643,1594.7866,0.598464
5339,88.983333,roi_001,890.1939,1586.5057,884.6229,1577.5002,895.7649,1595.5112,0.503916
5340,89.0,roi_001,890.0398,1584.9305,879.6952,1574.8849,900.3844,1594.9761,0.608724
5340,89.0,roi_001,890.2468,1586.5509,884.7387,1577.5472,895.7549,1595.5546,0.509048
5341,89.016667,roi_001,889.788,1586.2284,881.0088,1577.6519,898.5671,1594.8049,0.59948
5342,89.033333,roi_001,889.562,1586.5402,880.1259,1577.5796,898.9981,1595.5007,0.596422
5343,89.05,roi_001,889.4594,1586.4412,879.6594,1576.9581,899.2593,1595.9242,0.608622
5344,89.066667,roi_001,889.421,1586.5457,879.7526,1577.2644,899.0894,1595.827,0.617642
5345,89.083333,roi_001,889.4849,1586.3486,879.1881,1576.2355,899.7816,1596.4618,0.572616
5345,89.083333,roi_001,890.0746,1586.8268,884.6812,1577.7817,895.4681,1595.8719,0.382243
5346,89.1,roi_001,889.4342,1586.409,879.3417,1576.5366,899.5267,1596.2814,0.602294
5346,89.1,roi_001,890.0138,1587.0956,884.5197,1578.0897,895.5078,1596.1014,0.422747
5347,89.116667,roi_001,889.2201,1586.4269,879.1574,1576.5549,899.2827,1596.299,0.576603
5348,89.133333,roi_001,889.1962,1586.2158,878.3678,1575.832,900.0245,1596.5995,0.622736
5348,89.133333,roi_001,889.8553,1587.4655,884.1153,1578.3542,895.5953,1596.5767,0.435897
5349,89.15,roi_001,889.2,1586.2166,878.3644,1575.8275,900.0357,1596.6056,0.623808
5349,89.15,roi_001,889.8594,1587.4644,884.1182,1578.3541,895.6006,1596.5746,0.436695
5350,89.166667,roi_001,889.2108,1586.2454,878.0541,1575.5878,900.3674,1596.903,0.603422
5350,89.166667,roi_001,889.8883,1587.4443,884.2453,1578.2568,895.5314,1596.6317,0.407209
5351,89.183333,roi_001,889.2793,1586.8615,878.0853,1576.262,900.4734,1597.4609,0.604435
5351,89.183333,roi_001,889.9366,1587.5115,884.3314,1578.2932,895.5419,1596.7299,0.428361
5352,89.2,roi_001,889.4317,1587.2552,879.2056,1577.2115,899.6578,1597.2988,0.585542
5352,89.2,roi_001,889.9615,1587.5397,884.4222,1578.3778,895.5009,1596.7017,0.390224
5353,89.216667,roi_001,889.3022,1587.2899,879.408,1577.5164,899.1964,1597.0635,0.578143
5354,89.233333,roi_001,889.2615,1586.6552,878.5843,1576.5658,899.9388,1596.7446,0.640756
5355,89.25,roi_001,889.2216,1587.6275,879.8154,1578.4567,898.6277,1596.7983,0.67531
5356,89.266667,roi_001,889.1119,1587.4468,879.8052,1578.3774,898.4185,1596.5162,0.671724
5357,89.283333,roi_001,889.1915,1587.6823,879.715,1578.5789,898.668,1596.7858,0.662282
5358,89.3,roi_001,889.2113,1587.4338,879.5636,1578.1462,898.859,1596.7213,0.654427
5359,89.316667,roi_001,889.231,1587.0405,879.4392,1577.884,899.0228,1596.197,0.686143
5360,89.333333,roi_001,889.2228,1588.0684,880.7061,1579.8413,897.7394,1596.2954,0.68283
5361,89.35,roi_001,889.2217,1588.072,880.7142,1579.8511,897.7293,1596.293,0.683018
5362,89.366667,roi_001,889.112,1588.1856,880.4821,1579.8933,897.7419,1596.4779,0.692615
5363,89.383333,roi_001,889.0957,1588.1093,880.2178,1579.5345,897.9736,1596.6841,0.649743
5364,89.4,roi_001,889.1044,1587.9784,880.2006,1579.3438,898.0082,1596.613,0.64392
5365,89.416667,roi_001,889.0993,1588.0103,879.9844,1579.2128,898.2142,1596.8077,0.647924
5366,89.433333,roi_001,889.0259,1587.9272,880.6334,1579.6229,897.4184,1596.2316,0.671879
5367,89.45,roi_001,888.9523,1587.7174,879.3101,1578.7825,898.5945,1596.6523,0.663176
5368,89.466667,roi_001,888.8609,1587.7514,879.3041,1578.9415,898.4176,1596.5613,0.672696
5369,89.483333,roi_001,889.1454,1587.967,879.5603,1579.1321,898.7305,1596.8019,0.648182
5370,89.5,roi_001,889.0826,1587.6099,879.5576,1578.7631,898.6075,1596.4568,0.658366
5371,89.516667,roi_001,889.2019,1588.2067,879.7723,1579.6781,898.6315,1596.7352,0.658455
5372,89.533333,roi_001,889.2772,1588.6912,879.7568,1579.825,898.7975,1597.5574,0.683606
5373,89.55,roi_001,889.2715,1588.6969,879.7696,1579.8467,898.7733,1597.5471,0.684133
5374,89.566667,roi_001,889.1581,1588.7433,879.9,1580.2567,898.4162,1597.23,0.686712
5375,89.583333,roi_001,889.1832,1588.9645,880.6033,1581.0632,897.7631,1596.8657,0.671592
5376,89.6,roi_001,889.2003,1588.9572,880.5613,1581.0292,897.8392,1596.8853,0.665164
5377,89.616667,roi_001,889.1945,1588.8932,880.3603,1580.848,898.0288,1596.9384,0.650956
5378,89.633333,roi_001,889.2052,1588.9849,880.9334,1581.303,897.477,1596.6667,0.658622
5379,89.65,roi_001,889.1724,1589.1597,880.5687,1581.3134,897.7761,1597.0061,0.61958
5380,89.666667,roi_001,889.3004,1589.0359,880.5605,1581.0188,898.0403,1597.053,0.600788
5381,89.683333,roi_001,889.1082,1589.041,880.5314,1581.1078,897.6849,1596.9742,0.714092
5382,89.7,roi_001,889.2078,1589.2166,880.5663,1581.3468,897.8492,1597.0864,0.677653
5383,89.716667,roi_001,889.2285,1589.2584,879.9093,1580.8771,898.5477,1597.6396,0.654766
5384,89.733333,roi_001,889.1649,1589.1465,879.7151,1580.8328,898.6147,1597.4602,0.622315
5385,89.75,roi_001,889.1663,1589.1425,879.718,1580.8346,898.6146,1597.4504,0.622125
5386,89.766667,roi_001,889.1891,1589.2061,879.8582,1581.054,898.5201,1597.3583,0.612876
5387,89.783333,roi_001,888.9165,1590.2152,878.8605,1581.5806,898.9725,1598.8499,0.654542
5388,89.8,roi_001,889.0741,1590.1703,879.0615,1581.5677,899.0867,1598.7728,0.650046
5389,89.816667,roi_001,889.0433,1590.272,879.1641,1581.8461,898.9225,1598.698,0.652212
5390,89.833333,roi_001,888.9372,1590.0478,878.8102,1581.2942,899.0642,1598.8014,0.647348
5391,89.85,roi_001,889.0811,1590.506,879.422,1581.679,898.7403,1599.3331,0.590231
5392,89.866667,roi_001,888.9938,1590.6028,879.497,1581.9305,898.4906,1599.2751,0.576237
5393,89.883333,roi_001,889.033,1590.5316,879.5661,1581.856,898.4999,1599.2073,0.60062
5394,89.9,roi_001,889.0118,1590.4155,879.3799,1581.4592,898.6437,1599.3718,0.596231
5395,89.916667,roi_001,889.2324,1590.5782,879.2932,1581.297,899.1716,1599.8595,0.445578
5396,89.933333,roi_001,889.4176,1590.4653,879.4396,1580.9398,899.3956,1599.9907,0.491201
5397,89.95,roi_001,889.4421,1590.5103,879.6208,1581.116,899.2634,1599.9047,0.520475
5398,89.966667,roi_001,889.4005,1590.5343,879.4089,1581.0334,899.392,1600.0352,0.512509
5399,89.983333,roi_001,889.2668,1590.6603,878.5135,1580.6824,900.0201,1600.6382,0.367916
5399,89.983333,roi_001,889.4937,1591.0429,882.8092,1583.2791,896.1782,1598.8068,0.220464
5400,90.0,roi_001,889.1685,1590.6614,878.3141,1580.616,900.0229,1600.7069,0.338736
5400,90.0,roi_001,889.4322,1591.0201,882.7203,1583.2662,896.144,1598.774,0.199097
5401,90.016667,roi_001,889.2544,1590.6963,878.4185,1580.7881,900.0903,1600.6045,0.347655
5401,90.016667,roi_001,889.4838,1591.0294,882.7878,1583.3877,896.1798,1598.6711,0.222912
5402,90.033333,roi_001,889.3599,1590.6537,878.8685,1580.4121,899.8512,1600.8953,0.334158
5402,90.033333,roi_001,889.5243,1590.7568,882.9601,1583.3231,896.0884,1598.1906,0.155685
5403,90.05,roi_001,889.4053,1590.841,879.0048,1580.7809,899.8059,1600.9011,0.363595
5403,90.05,roi_001,889.5632,1590.853,882.9312,1583.2249,896.1953,1598.4812,0.191858
5404,90.066667,roi_001,889.2028,1590.7823,879.0602,1581.0229,899.3455,1600.5417,0.317988
5405,90.083333,roi_001,889.4815,1591.0676,879.6595,1581.197,899.3036,1600.9382,0.416515
5406,90.1,roi_001,889.3904,1591.1219,879.3266,1581.1041,899.4543,1601.1396,0.352817
5407,90.116667,roi_001,889.498,1593.124,879.6304,1583.4235,899.3656,1602.8245,0.345436
5408,90.133333,roi_001,889.5933,1592.841,880.01,1583.0974,899.1766,1602.5846,0.320824
5409,90.15,roi_001,889.6149,1592.8419,879.934,1583.0233,899.2959,1602.6605,0.334624
5410,90.166667,roi_001,889.5594,1592.6835,879.993,1583.0183,899.1257,1602.3486,0.313196
5411,90.183333,roi_001,889.8988,1593.171,879.1696,1582.3239,900.6281,1604.0181,0.352788
5412,90.2,roi_001,889.8912,1593.2289,879.091,1582.3431,900.6913,1604.1147,0.337843
5413,90.216667,roi_001,889.7284,1593.279,879.0789,1582.5712,900.3779,1603.9868,0.299854
5414,90.233333,roi_001,889.7139,1593.054,879.2701,1582.271,900.1577,1603.837,0.336262
5415,90.25,roi_001,889.508,1594.3669,880.9661,1585.3131,898.0499,1603.4208,0.400085
5416,90.266667,roi_001,889.5276,1594.1406,880.6916,1584.9315,898.3637,1603.3497,0.35603
5417,90.283333,roi_001,889.6396,1593.8253,880.0791,1583.8698,899.2002,1603.7809,0.375956
5418,90.3,roi_001,889.456,1594.3867,880.7795,1585.2128,898.1324,1603.5607,0.373228
5419,90.316667,roi_001,889.3598,1594.0846,878.8729,1583.5359,899.8466,1604.6333,0.20779
5422,90.366667,roi_001,889.1604,1594.7933,879.8802,1585.5161,898.4406,1604.0706,0.160657
5423,90.383333,roi_001,889.7562,1594.9053,882.6892,1583.8251,896.8231,1605.9855,0.292444
5424,90.4,roi_001,889.8477,1594.7904,882.8293,1583.6472,896.8661,1605.9336,0.256544
5425,90.416667,roi_001,889.1693,1594.9942,880.343,1586.2021,897.9957,1603.7863,0.296346
5426,90.433333,roi_001,889.696,1595.0627,882.6663,1583.8523,896.7258,1606.2731,0.236662
5427,90.45,roi_001,889.8708,1596.0145,882.5063,1585.2867,897.2353,1606.7423,0.376021
5428,90.466667,roi_001,889.2121,1596.4583,880.8478,1588.0708,897.5764,1604.8458,0.369295
5429,90.483333,roi_001,889.9707,1595.9841,882.6283,1585.2734,897.3132,1606.6948,0.470451
5430,90.5,roi_001,889.9821,1596.5437,882.6659,1586.0417,897.2983,1607.0457,0.40796
5431,90.516667,roi_001,889.2043,1596.497,881.524,1588.606,896.8845,1604.3881,0.361682
5432,90.533333,roi_001,889.5661,1595.0054,881.4296,1586.0023,897.7026,1604.0084,0.397933
5433,90.55,roi_001,889.5674,1595.016,881.4176,1586.0017,897.7171,1604.0303,0.399051
5434,90.566667,roi_001,889.556,1595.1226,881.4596,1586.1898,897.6523,1604.0554,0.383693
5435,90.583333,roi_001,889.9422,1595.992,881.8826,1583.6812,898.0018,1608.3029,0.515834
5436,90.6,roi_001,889.4874,1595.0167,879.8968,1584.6763,899.0781,1605.3572,0.531333
5437,90.616667,roi_001,889.4386,1595.0331,879.8568,1584.6963,899.0204,1605.3699,0.529399
5438,90.633333,roi_001,889.5942,1595.1392,880.3706,1585.1223,898.8179,1605.156,0.556936
5439,90.65,roi_001,889.4881,1595.0267,879.9424,1584.7517,899.0338,1605.3018,0.533216
5440,90.666667,roi_001,889.4744,1595.0121,879.78,1584.6849,899.1688,1605.3392,0.538885
5440,90.666667,roi_001,889.9778,1597.6412,884.3138,1588.5365,895.6417,1606.746,0.295782
5441,90.683333,roi_001,889.4944,1595.1511,879.9123,1584.8215,899.0766,1605.4807,0.558661
5442,90.7,roi_001,889.3745,1595.0441,879.772,1584.6974,898.977,1605.3909,0.576094
5442,90.7,roi_001,889.9569,1597.5408,884.1559,1588.2172,895.7578,1606.8644,0.363288
5443,90.716667,roi_001,889.1819,1594.9791,880.4311,1584.9287,897.9327,1605.0294,0.571988
5444,90.733333,roi_001,889.5189,1596.8068,881.0054,1587.9016,898.0325,1605.712,0.581426
5445,90.75,roi_001,889.1106,1595.2591,880.5288,1585.7059,897.6924,1604.8123,0.604382
5446,90.766667,roi_001,889.0163,1594.8695,880.7844,1585.4824,897.2482,1604.2566,0.57497
5447,90.783333,roi_001,889.0306,1595.785,880.4463,1586.0757,897.6149,1605.4944,0.607661
5448,90.8,roi_001,889.1434,1596.1435,880.551,1586.4808,897.7358,1605.8062,0.616136
5449,90.816667,roi_001,889.1498,1596.153,880.5434,1586.4871,897.7562,1605.8188,0.614057
5450,90.833333,roi_001,889.1768,1596.0219,880.7317,1586.4086,897.622,1605.6351,0.606774
5451,90.85,roi_001,889.3436,1596.7678,880.6651,1587.282,898.022,1606.2537,0.611376
5452,90.866667,roi_001,889.4171,1596.9341,880.83,1587.5884,898.0042,1606.2798,0.602833
5453,90.883333,roi_001,889.2514,1596.6667,880.3105,1586.9808,898.1923,1606.3525,0.600154
5454,90.9,roi_001,889.5115,1596.7182,880.3365,1587.0851,898.6866,1606.3513,0.622807
5455,90.916667,roi_001,889.6808,1599.2211,881.5371,1591.3284,897.8245,1607.1138,0.620226
5456,90.933333,roi_001,889.58,1599.2301,881.5192,1591.4001,897.6407,1607.0601,0.593634
5457,90.95,roi_001,889.6186,1599.2071,881.3591,1591.1486,897.8781,1607.2656,0.621098
5458,90.966667,roi_001,889.6286,1599.3223,881.7221,1591.578,897.5351,1607.0667,0.605981
5459,90.983333,roi_001,889.4564,1599.4151,881.0552,1590.9111,897.8575,1607.9191,0.582878
5460,91.0,roi_001,889.4427,1598.5456,880.3313,1589.3287,898.5541,1607.7625,0.447561
5461,91.016667,roi_001,889.889,1599.2219,882.5282,1588.3284,897.2498,1610.1155,0.447454
5462,91.033333,roi_001,889.8264,1599.303,882.4922,1588.4115,897.1607,1610.1945,0.451927
5463,91.05,roi_001,889.597,1599.3055,882.0137,1588.1403,897.1803,1610.4707,0.410355
5464,91.066667,roi_001,889.6322,1599.3137,882.0394,1588.1602,897.225,1610.4673,0.419893
5465,91.083333,roi_001,889.5007,1599.3307,881.9113,1588.0541,897.0901,1610.6074,0.335811
5466,91.1,roi_001,889.7311,1599.3713,881.9547,1587.8545,897.5074,1610.8881,0.379911
5467,91.116667,roi_001,889.5423,1599.8223,882.0045,1588.3259,897.0802,1611.3186,0.306537
5468,91.133333,roi_001,889.2529,1600.0457,881.5585,1588.6094,896.9473,1611.4821,0.201382
5469,91.15,roi_001,889.3507,1600.0928,881.6154,1588.5583,897.0861,1611.6273,0.200888
5470,91.166667,roi_001,889.7486,1600.1122,881.9953,1588.6361,897.502,1611.5883,0.379599
5471,91.183333,roi_001,889.9811,1600.1755,882.2146,1589.2349,897.7476,1611.1162,0.395425
5472,91.2,roi_001,889.5666,1600.7141,881.2572,1589.0594,897.8759,1612.3688,0.263279
5472,91.2,roi_001,889.5434,1601.3376,882.9087,1594.1553,896.1781,1608.52,0.161288
5473,91.216667,roi_001,889.5687,1600.718,881.261,1589.0654,897.8764,1612.3705,0.263936
5473,91.216667,roi_001,889.5435,1601.3383,882.9084,1594.1562,896.1785,1608.5204,0.161405
5474,91.233333,roi_001,889.6182,1600.8633,881.4427,1589.3732,897.7937,1612.3535,0.264495
5475,91.25,roi_001,889.6045,1601.3481,881.2441,1590.1317,897.9648,1612.5645,0.240898
5476,91.266667,roi_001,890.4282,1604.4081,879.7617,1593.75,901.0947,1615.0662,0.260001
5477,91.283333,roi_001,889.5165,1601.0575,881.1855,1589.9452,897.8475,1612.1698,0.223181
5478,91.3,roi_001,890.5872,1604.232,879.8848,1593.6803,901.2895,1614.7837,0.310604
5478,91.3,roi_001,889.5042,1601.8779,882.3732,1594.0837,896.6351,1609.672,0.169605
5479,91.316667,roi_001,891.0731,1604.5039,880.079,1593.389,902.0672,1615.6188,0.449997
5479,91.316667,roi_001,890.2208,1601.5048,883.4615,1594.0796,896.9802,1608.9299,0.382379
5480,91.333333,roi_001,890.9539,1604.3659,880.2207,1593.297,901.6871,1615.4348,0.485257
5480,91.333333,roi_001,890.1214,1601.5601,883.3282,1594.0771,896.9145,1609.043,0.36356
5481,91.35,roi_001,890.4173,1605.3451,880.2238,1594.6694,900.6108,1616.0208,0.421616
5481,91.35,roi_001,889.8835,1601.7503,882.8718,1594.2362,896.8951,1609.2644,0.208436
5482,91.366667,roi_001,890.4705,1600.9982,879.5069,1589.8362,901.4341,1612.1603,0.459551
5482,91.366667,roi_001,890.0191,1601.5408,883.2246,1594.1851,896.8135,1608.8965,0.316981
5483,91.383333,roi_001,890.9135,1605.7947,881.1581,1595.676,900.6689,1615.9133,0.56943
5483,91.383333,roi_001,890.2146,1602.3153,883.0001,1594.9255,897.4292,1609.7051,0.21747
5484,91.4,roi_001,890.9791,1605.4666,881.5044,1595.4994,900.4539,1615.4337,0.535131
5485,91.416667,roi_001,890.9827,1605.4648,881.5018,1595.4951,900.4636,1615.4346,0.535957
5486,91.433333,roi_001,890.9522,1605.5068,881.5095,1595.6099,900.3949,1615.4038,0.568978
5487,91.45,roi_001,891.3934,1605.1873,881.4519,1594.8665,901.3348,1615.5082,0.664804
5488,91.466667,roi_001,891.4058,1605.3293,881.5563,1595.125,901.2553,1615.5337,0.66488
5489,91.483333,roi_001,891.4529,1604.9946,881.4164,1594.5073,901.4895,1615.4818,0.666271
5490,91.5,roi_001,891.4799,1605.0473,881.4335,1594.5402,901.5262,1615.5544,0.67142
5491,91.516667,roi_001,891.5828,1605.6502,881.999,1595.9088,901.1666,1615.3916,0.644024
5491,91.516667,roi_001,891.1564,1600.2438,886.9461,1598.4949,895.3666,1601.9928,0.159471
5492,91.533333,roi_001,891.5982,1605.734,882.1889,1596.2434,901.0074,1615.2246,0.618702
5493,91.55,roi_001,891.2572,1605.3888,881.7179,1595.3412,900.7966,1615.4364,0.642262
5494,91.566667,roi_001,891.5731,1605.8645,881.7686,1595.621,901.3776,1616.108,0.640427
5495,91.583333,roi_001,891.424,1605.8258,881.9927,1595.9194,900.8552,1615.7322,0.658683
5496,91.6,roi_001,891.5184,1606.1712,882.1995,1596.4393,900.8373,1615.9031,0.630345
5497,91.616667,roi_001,891.6181,1606.2315,882.2123,1596.4766,901.0239,1615.9865,0.624251
5498,91.633333,roi_001,891.6942,1606.3406,882.2681,1596.5125,901.1202,1616.1687,0.586964
5499,91.65,roi_001,892.6353,1606.1698,882.6044,1595.6304,902.6661,1616.7092,0.564505
5500,91.666667,roi_001,892.6137,1606.007,882.5701,1595.3596,902.6573,1616.6543,0.557251
5501,91.683333,roi_001,892.538,1606.0572,882.6157,1595.587,902.4603,1616.5273,0.563959
5502,91.7,roi_001,892.6456,1606.5524,882.9613,1596.7048,902.3299,1616.3999,0.549367
5503,91.716667,roi_001,893.1726,1606.682,883.3439,1596.8049,903.0013,1616.5591,0.356096
5504,91.733333,roi_001,893.3011,1606.7158,883.6718,1596.9536,902.9304,1616.478,0.348856
5505,91.75,roi_001,893.2005,1606.6479,883.6334,1597.1315,902.7677,1616.1643,0.410016
5506,91.766667,roi_001,893.2422,1606.5185,883.5679,1596.7864,902.9166,1616.2506,0.37732
5507,91.783333,roi_001,893.7236,1607.0599,883.7624,1597.3547,903.6849,1616.7651,0.38034
5508,91.8,roi_001,893.8552,1606.8378,883.3034,1596.5172,904.407,1617.1583,0.393748
5509,91.816667,roi_001,893.8438,1606.8008,883.3069,1596.4818,904.3806,1617.1199,0.385225
5510,91.833333,roi_001,893.9272,1606.6854,883.3828,1596.262,904.4716,1617.1089,0.382258
5511,91.85,roi_001,894.5051,1607.6249,884.5972,1598.1733,904.413,1617.0764,0.32899
5512,91.866667,roi_001,894.2312,1607.6839,884.2742,1598.0856,904.1882,1617.2822,0.351368
5513,91.883333,roi_001,894.3207,1607.4469,884.2026,1597.751,904.4387,1617.1428,0.314082
5514,91.9,roi_001,895.0382,1607.1173,885.136,1597.7334,904.9404,1616.5012,0.242762
5515,91.916667,roi_001,894.602,1606.8567,885.0683,1597.3945,904.1356,1616.3188,0.176266
5516,91.933333,roi_001,894.573,1607.04,885.1926,1597.8105,903.9534,1616.2694,0.160641
5517,91.95,roi_001,894.34,1607.3606,884.7354,1598.064,903.9446,1616.6572,0.157232
5518,91.966667,roi_001,894.5271,1607.0515,885.0939,1597.7787,903.9603,1616.3243,0.154462
5519,91.983333,roi_001,894.9569,1607.8301,885.2919,1598.9492,904.6219,1616.7111,0.223202
5523,92.05,roi_001,899.4258,1606.5659,888.75,1597.4176,910.1017,1615.7142,0.549626
5523,92.05,roi_001,900.5283,1608.7663,894.1707,1600.3639,906.886,1617.1687,0.167699
5524,92.066667,roi_001,899.385,1606.5549,888.653,1597.339,910.1171,1615.7709,0.548789
5524,92.066667,roi_001,900.5142,1608.7541,894.1891,1600.3129,906.8393,1617.1953,0.168532
5525,92.083333,roi_001,899.7536,1607.6065,889.8321,1599.3754,909.6751,1615.8376,0.531512
5526,92.1,roi_001,899.8582,1607.6627,889.8162,1599.0505,909.9003,1616.2749,0.502548
5527,92.116667,roi_001,900.1236,1607.6705,890.0353,1598.9315,910.2118,1616.4095,0.571986
5528,92.133333,roi_001,900.174,1607.67,889.9132,1598.8086,910.4348,1616.5314,0.531173
5529,92.15,roi_001,899.9147,1607.847,889.6535,1598.865,910.176,1616.8291,0.480171
5530,92.166667,roi_001,900.1053,1607.7853,889.8208,1598.8719,910.3898,1616.6987,0.540574
5531,92.183333,roi_001,899.9323,1607.9272,889.5349,1598.8048,910.3297,1617.0497,0.462184
5532,92.2,roi_001,899.83,1608.0821,889.7161,1599.1879,909.944,1616.9763,0.486463
5533,92.216667,roi_001,899.8236,1608.071,889.6998,1599.1646,909.9474,1616.9774,0.486069
5534,92.233333,roi_001,899.7266,1608.4393,889.7853,1599.8484,909.6679,1617.0303,0.477078
5535,92.25,roi_001,899.742,1607.894,890.5186,1600.325,908.9653,1615.463,0.602277
5536,92.266667,roi_001,899.7504,1607.9211,890.5097,1600.3492,908.9911,1615.493,0.600101
5537,92.283333,roi_001,899.7491,1607.9407,890.5696,1600.3851,908.9287,1615.4962,0.601805
5538,92.3,roi_001,899.6718,1607.9484,890.4567,1600.3689,908.8868,1615.5278,0.58858
5539,92.316667,roi_001,899.6945,1608.3967,890.7548,1601.1125,908.6342,1615.6809,0.580088
5540,92.333333,roi_001,899.7592,1608.5858,890.8348,1601.2957,908.6836,1615.876,0.586027
5541,92.35,roi_001,899.612,1608.5097,890.5891,1601.0215,908.635,1615.9979,0.577098
5542,92.366667,roi_001,899.7672,1608.3922,890.6309,1600.8795,908.9034,1615.9048,0.593306
5543,92.383333,roi_001,899.5438,1609.0571,890.2935,1601.3289,908.7941,1616.7854,0.587251
5544,92.4,roi_001,899.8081,1609.1529,890.2507,1601.2766,909.3656,1617.0292,0.620984
5545,92.416667,roi_001,899.8051,1609.1447,890.2433,1601.2648,909.3668,1617.0245,0.622627
5546,92.433333,roi_001,899.7933,1609.0084,890.0747,1601.028,909.512,1616.9888,0.608431
5547,92.45,roi_001,899.7941,1609.5115,889.8041,1600.9985,909.7841,1618.0245,0.604662
5548,92.466667,roi_001,899.8061,1609.3033,889.6627,1600.6605,909.9494,1617.946,0.582012
5549,92.483333,roi_001,899.7289,1609.086,889.5585,1600.4365,909.8994,1617.7355,0.57827
5550,92.5,roi_001,899.5431,1609.0405,889.0864,1600.3384,909.9999,1617.7427,0.470482
5550,92.5,roi_001,900.5906,1610.4218,894.6547,1602.3445,906.5264,1618.499,0.157135
5551,92.516667,roi_001,899.3624,1609.1291,888.7897,1600.1833,909.9351,1618.0748,0.408703
5551,92.516667,roi_001,900.2538,1610.5525,894.2979,1602.3545,906.2097,1618.7505,0.169573
5552,92.533333,roi_001,899.4116,1608.9371,888.209,1599.0668,910.6141,1618.8075,0.430796
5553,92.55,roi_001,899.3616,1609.0593,888.7969,1600.1044,909.9264,1618.0142,0.378173
5554,92.566667,roi_001,899.5266,1608.8998,888.9948,1599.9489,910.0583,1617.8508,0.451661
5555,92.583333,roi_001,900.0773,1609.869,890.7469,1598.9781,909.4077,1620.7599,0.328443
5556,92.6,roi_001,899.8472,1611.0746,888.3079,1603.1124,911.3865,1619.0369,0.323613
5556,92.6,roi_001,900.6027,1610.8307,894.7637,1602.5409,906.4418,1619.1206,0.157003
5557,92.616667,roi_001,899.8443,1611.0729,888.3024,1603.1077,911.3862,1619.0381,0.323805
5557,92.616667,roi_001,900.6019,1610.8308,894.7598,1602.5391,906.444,1619.1226,0.157166
5558,92.633333,roi_001,899.9822,1611.0459,888.3593,1603.1097,911.6052,1618.9821,0.311192
5559,92.65,roi_001,899.8865,1609.8919,889.3549,1600.1666,910.4182,1619.6172,0.4647
5559,92.65,roi_001,900.4575,1611.6596,893.5946,1604.5353,907.3203,1618.7839,0.194716
5560,92.666667,roi_001,900.8033,1610.5505,894.5461,1601.6947,907.0604,1619.4062,0.3648
5560,92.666667,roi_001,899.8403,1609.733,888.6608,1599.6196,911.0198,1619.8464,0.358799
5561,92.683333,roi_001,899.893,1609.9524,889.4207,1600.3378,910.3654,1619.567,0.476512
5561,92.683333,roi_001,900.4496,1611.651,893.5878,1604.5571,907.3114,1618.7449,0.20464
5562,92.7,roi_001,900.2763,1611.0609,888.9014,1603.0243,911.6511,1619.0974,0.394514
5562,92.7,roi_001,901.0294,1610.5678,895.2917,1601.7933,906.7672,1619.3423,0.197089
5565,92.75,roi_001,900.098,1611.4844,888.4811,1603.5718,911.7149,1619.3971,0.157267
5604,93.4,roi_001,894.3051,1617.6848,885.0796,1607.325,903.5305,1628.0447,0.239724
5605,93.416667,roi_001,894.4966,1617.6365,885.4515,1607.52,903.5417,1627.7529,0.244553
5606,93.433333,roi_001,894.6854,1617.9976,885.8804,1608.2111,903.4904,1627.7842,0.183508
5607,93.45,roi_001,893.6275,1617.8326,884.4321,1607.6428,902.8229,1628.0225,0.378064
5608,93.466667,roi_001,893.9496,1617.8993,884.7394,1607.7502,903.1597,1628.0483,0.327212
5609,93.483333,roi_001,893.5394,1617.7773,884.3801,1607.6118,902.6987,1627.9427,0.389916
5610,93.5,roi_001,893.5107,1617.7714,884.3261,1607.5386,902.6953,1628.0042,0.379291
5611,93.516667,roi_001,893.9726,1617.8883,885.3712,1608.0266,902.574,1627.75,0.412693
5612,93.533333,roi_001,893.863,1617.9345,885.2079,1608.0317,902.518,1627.8373,0.412821
5613,93.55,roi_001,894.077,1618.3632,885.601,1608.7418,902.5531,1627.9845,0.397496
5614,93.566667,roi_001,894.1347,1618.2861,885.6648,1608.6691,902.6047,1627.9032,0.391874
5615,93.583333,roi_001,893.0942,1619.2302,883.9787,1609.7191,902.2098,1628.7412,0.453767
5616,93.6,roi_001,893.4633,1619.6215,884.2231,1610.0736,902.7034,1629.1693,0.370215
5617,93.616667,roi_001,893.4642,1619.6219,884.2271,1610.0762,902.7014,1629.1676,0.370086
5618,93.633333,roi_001,893.347,1619.5781,883.8162,1609.6477,902.8778,1629.5085,0.439469
5619,93.65,roi_001,893.0319,1619.0978,883.4485,1609.0801,902.6153,1629.1155,0.550445
5620,93.666667,roi_001,893.0063,1619.2072,883.4812,1609.2222,902.5315,1629.1921,0.558921
5621,93.683333,roi_001,893.2946,1619.6652,883.8587,1609.8196,902.7305,1629.5107,0.492509
5622,93.7,roi_001,893.2718,1619.75,883.8627,1610.0743,902.681,1629.4257,0.526134
5623,93.716667,roi_001,892.6532,1620.2203,883.4409,1610.597,901.8655,1629.8435,0.521793
5624,93.733333,roi_001,892.9628,1620.4667,884.0621,1610.9554,901.8635,1629.9779,0.505279
5625,93.75,roi_001,892.6634,1620.1427,883.5158,1610.2606,901.8109,1630.0248,0.527415
5626,93.766667,roi_001,892.4058,1619.8475,882.97,1609.8984,901.8415,1629.7965,0.551982
5627,93.783333,roi_001,892.2358,1620.5297,882.7073,1610.3456,901.7643,1630.7137,0.593673
5627,93.783333,roi_001,892.5649,1622.4999,884.5927,1616.5128,900.5372,1628.4871,0.281424
5628,93.8,roi_001,892.1037,1620.4768,882.467,1610.4159,901.7405,1630.5377,0.580811
5628,93.8,roi_001,892.5609,1622.4313,884.5729,1616.576,900.549,1628.2866,0.300179
5629,93.816667,roi_001,892.1046,1620.4773,882.4686,1610.4187,901.7405,1630.5359,0.580987
5629,93.816667,roi_001,892.5627,1622.4316,884.5746,1616.5757,900.5507,1628.2875,0.300049
5630,93.833333,roi_001,892.4762,1621.3531,882.6763,1611.1603,902.2762,1631.5459,0.518215
5630,93.833333,roi_001,892.938,1622.6462,884.9796,1616.6262,900.8964,1628.6661,0.250194
5631,93.85,roi_001,892.9815,1622.1161,882.3423,1614.0336,903.6208,1630.1987,0.58094
5632,93.866667,roi_001,892.9388,1622.0208,882.5491,1614.0546,903.3284,1629.9869,0.578775
5633,93.883333,roi_001,893.2499,1622.0327,882.9308,1614.0432,903.569,1630.0222,0.578175
5634,93.9,roi_001,893.0175,1622.0803,882.4519,1614.0201,903.5831,1630.1404,0.581623
5635,93.916667,roi_001,892.3755,1622.1641,882.6888,1612.0033,902.0621,1632.325,0.486514
5635,93.916667,roi_001,892.8405,1622.7914,884.9968,1616.5458,900.6841,1629.0371,0.348152
5636,93.933333,roi_001,892.3376,1622.1409,882.6934,1612.0217,901.9817,1632.26,0.476832
5636,93.933333,roi_001,892.5532,1622.8102,884.6937,1616.9253,900.4127,1628.6951,0.290646
5637,93.95,roi_001,892.9768,1622.2324,882.3231,1614.1934,903.6305,1630.2714,0.46009
5638,93.966667,roi_001,892.264,1622.1971,882.6857,1612.0988,901.8423,1632.2954,0.477409
5638,93.966667,roi_001,892.5124,1622.8356,884.6809,1616.9512,900.3439,1628.72,0.289362
5639,93.983333,roi_001,892.8242,1622.4045,882.1765,1614.3885,903.472,1630.4204,0.47212
5640,94.0,roi_001,892.0793,1622.5094,882.8984,1612.6259,901.2602,1632.3929,0.464195
5640,94.0,roi_001,892.3723,1622.907,884.7347,1617.1832,900.0099,1628.6307,0.282093
5641,94.016667,roi_001,892.0789,1622.5071,882.8861,1612.6089,901.2718,1632.4053,0.465505
5641,94.016667,roi_001,892.371,1622.9048,884.7332,1617.1843,900.0088,1628.6254,0.282905
5642,94.033333,roi_001,892.2131,1622.49,882.8847,1612.4718,901.5415,1632.5082,0.469667
5642,94.033333,roi_001,892.5262,1622.9368,884.8531,1617.2012,900.1992,1628.6724,0.276067
5643,94.05,roi_001,892.4965,1622.8906,882.5657,1611.998,902.4273,1633.7831,0.473152
5643,94.05,roi_001,892.9573,1623.207,885.1243,1616.938,900.7904,1629.4761,0.333715
5644,94.066667,roi_001,892.5012,1622.7493,882.6841,1612.0793,902.3182,1633.4192,0.470313
5644,94.066667,roi_001,892.9805,1623.1348,885.1218,1616.8608,900.8392,1629.4088,0.346981
5645,94.083333,roi_001,892.5807,1622.7783,882.62,1611.8394,902.5415,1633.7173,0.453464
5645,94.083333,roi_001,893.0593,1623.1718,885.2266,1616.902,900.892,1629.4415,0.305498
5646,94.1,roi_001,892.5034,1622.6797,882.3792,1611.5529,902.6276,1633.8065,0.452457
5646,94.1,roi_001,892.9043,1623.1664,885.0784,1616.8489,900.7302,1629.4839,0.310865
5649,94.15,roi_001,891.916,1623.3757,881.4606,1612.2651,902.3713,1634.4863,0.188961
5649,94.15,roi_001,892.0042,1623.3833,884.3317,1618.3245,899.6766,1628.4421,0.178845
5650,94.166667,roi_001,891.9832,1623.8142,881.8901,1612.7428,902.0763,1634.8856,0.212588
5661,94.35,roi_001,892.3587,1628.7722,885.5444,1617.7131,899.173,1639.8313,0.190777
5663,94.383333,roi_001,892.127,1630.1434,884.8389,1618.6744,899.4152,1641.6124,0.354911
5664,94.4,roi_001,891.9753,1630.4991,884.657,1618.9756,899.2936,1642.0226,0.302311
5665,94.416667,roi_001,891.9782,1630.5033,884.6578,1618.9891,899.2985,1642.0175,0.303162
5666,94.433333,roi_001,892.0172,1630.5967,884.7111,1619.171,899.3234,1642.0225,0.309693
5667,94.45,roi_001,891.8983,1630.2174,884.8249,1619.2799,898.9717,1641.1549,0.527538
5667,94.45,roi_001,892.0623,1632.3314,878.8813,1624.5001,905.2432,1640.1627,0.188115
5668,94.466667,roi_001,891.7307,1630.1123,883.502,1620.9977,899.9593,1639.2269,0.541824
5668,94.466667,roi_001,891.2224,1631.9976,886.7513,1623.0442,895.6935,1640.9509,0.31214
5669,94.483333,roi_001,891.7949,1630.1359,881.3903,1619.4052,902.1995,1640.8666,0.547483
5669,94.483333,roi_001,891.4671,1631.6022,886.4116,1622.609,896.5226,1640.5953,0.372241
5670,94.5,roi_001,891.5793,1630.211,883.2936,1621.1447,899.8651,1639.2773,0.5152
5670,94.5,roi_001,891.133,1631.9818,886.6371,1623.0392,895.629,1640.9243,0.273889
5671,94.516667,roi_001,892.0423,1630.8169,883.0699,1621.2556,901.0148,1640.3782,0.513278
5671,94.516667,roi_001,891.2657,1632.9497,886.901,1624.1782,895.6304,1641.7212,0.360868
5672,94.533333,roi_001,891.9579,1630.454,883.2697,1621.0009,900.646,1639.9071,0.516763
5672,94.533333,roi_001,891.343,1632.7805,886.9774,1623.8512,895.7087,1641.7098,0.375619
5673,94.55,roi_001,892.0732,1631.7004,884.527,1619.6035,899.6195,1643.7974,0.508731
5673,94.55,roi_001,891.6273,1632.2431,886.6561,1623.1244,896.5985,1641.3618,0.403931
5673,94.55,roi_001,893.3176,1633.0598,881.8597,1625.3043,904.7755,1640.8153,0.256224
5674,94.566667,roi_001,891.936,1630.8056,883.2419,1621.3514,900.6301,1640.2598,0.524543
5674,94.566667,roi_001,891.2894,1632.846,886.9009,1623.9141,895.678,1641.778,0.38927
5675,94.583333,roi_001,891.2859,1630.8849,882.4576,1621.2399,900.1142,1640.53,0.590057
5675,94.583333,roi_001,891.0291,1632.6624,886.3273,1623.4581,895.7308,1641.8666,0.486805
5675,94.583333,roi_001,891.3867,1633.39,883.23,1629.0352,899.5435,1637.7449,0.189086
5676,94.6,roi_001,891.7234,1631.4741,884.0703,1619.2886,899.3766,1643.6595,0.451265
5676,94.6,roi_001,891.1589,1632.5656,886.7747,1623.3641,895.5431,1641.767,0.400147
5676,94.6,roi_001,892.5467,1632.982,878.8922,1624.6111,906.2012,1641.3529,0.203798
5677,94.616667,roi_001,891.7138,1631.5046,884.0564,1619.3292,899.3712,1643.6799,0.459115
5677,94.616667,roi_001,891.1484,1632.5652,886.7366,1623.3361,895.5602,1641.7943,0.406447
5677,94.616667,roi_001,892.4963,1632.9796,878.8798,1624.5942,906.1129,1641.3649,0.212091
5678,94.633333,roi_001,891.8326,1631.5681,884.1824,1619.5184,899.4829,1643.6178,0.441042
5678,94.633333,roi_001,891.2498,1632.7183,886.7762,1623.6447,895.7234,1641.792,0.369273
5678,94.633333,roi_001,892.8633,1633.0878,880.974,1625.1741,904.7526,1641.0016,0.193656
5679,94.65,roi_001,890.5977,1632.4316,882.45,1624.4379,898.7453,1640.4253,0.674979
5680,94.666667,roi_001,890.6136,1632.4396,882.5763,1624.541,898.6508,1640.3383,0.667958
5681,94.683333,roi_001,891.1637,1632.888,880.5032,1622.8051,901.8241,1642.9709,0.673834
5681,94.683333,roi_001,890.92,1633.1483,885.3602,1623.9592,896.4798,1642.3374,0.575926
5681,94.683333,roi_001,891.2373,1633.5783,882.7659,1628.7141,899.7087,1638.4425,0.356898
5682,94.7,roi_001,890.637,1632.493,882.5529,1624.5382,898.7211,1640.4478,0.673089
5683,94.716667,roi_001,889.4868,1632.3423,881.1233,1623.96,897.8502,1640.7246,0.685829
5684,94.733333,roi_001,889.3193,1632.509,881.0621,1624.386,897.5764,1640.632,0.709215
5685,94.75,roi_001,890.5931,1631.8274,880.129,1621.5774,901.0573,1642.0774,0.728463
5685,94.75,roi_001,890.6651,1632.8862,884.978,1623.6554,896.3522,1642.1169,0.617801
5685,94.75,roi_001,890.657,1633.7543,882.2963,1628.8564,899.0177,1638.6522,0.541878
5686,94.766667,roi_001,890.4548,1631.8124,879.9921,1621.3916,900.9176,1642.2333,0.736311
5686,94.766667,roi_001,890.6327,1632.6707,884.9017,1623.1981,896.3636,1642.1432,0.638601
5686,94.766667,roi_001,890.5555,1633.7741,882.2116,1628.9294,898.8994,1638.6188,0.552379
5687,94.783333,roi_001,890.1495,1632.8525,879.6313,1622.6663,900.6677,1643.0388,0.719749
5687,94.783333,roi_001,890.4678,1633.9828,881.9825,1628.963,898.9531,1639.0026,0.607512
5687,94.783333,roi_001,890.4132,1633.345,884.6464,1624.2614,896.1801,1642.4287,0.60352
5688,94.8,roi_001,890.1747,1632.5099,879.8403,1622.4821,900.5092,1642.5378,0.72372
5688,94.8,roi_001,890.2753,1633.9116,883.8652,1627.3336,896.6854,1640.4895,0.640978
5689,94.816667,roi_001,890.0757,1632.7784,879.5497,1622.6797,900.6017,1642.8772,0.725727
5689,94.816667,roi_001,890.3906,1633.8621,881.8914,1629.1024,898.8898,1638.6217,0.620936
5689,94.816667,roi_001,890.76,1632.6869,885.0283,1623.7097,896.4917,1641.6641,0.544947
5690,94.833333,roi_001,889.64,1633.175,878.6852,1623.0201,900.5947,1643.33,0.672441
5690,94.833333,roi_001,890.1685,1633.8537,883.778,1627.3799,896.559,1640.3275,0.529007
5691,94.85,roi_001,889.7136,1632.802,879.2657,1623.2659,900.1615,1642.3381,0.650331
5691,94.85,roi_001,889.975,1634.1245,883.5245,1627.5814,896.4254,1640.6675,0.581389
5692,94.866667,roi_001,890.2109,1633.0589,881.9932,1625.5104,898.4287,1640.6074,0.723042
5693,94.883333,roi_001,890.2116,1633.0586,881.9968,1625.5133,898.4265,1640.6039,0.722714
5694,94.9,roi_001,890.2645,1633.1592,882.1326,1625.6095,898.3965,1640.7089,0.716369
5694,94.9,roi_001,885.5323,1633.307,875.6453,1624.2455,895.4192,1642.3685,0.155823
5695,94.916667,roi_001,889.6544,1632.5045,879.0883,1623.0175,900.2205,1641.9916,0.709053
5695,94.916667,roi_001,890.0191,1633.8478,883.608,1627.4332,896.4302,1640.2625,0.512352
5696,94.933333,roi_001,889.6564,1632.5641,879.0445,1623.0228,900.2682,1642.1055,0.714288
5696,94.933333,roi_001,890.0396,1633.8631,883.6676,1627.4661,896.4116,1640.2601,0.516257
5697,94.95,roi_001,889.6967,1632.5242,878.8026,1622.7585,900.5908,1642.2899,0.697416
5697,94.95,roi_001,890.0711,1633.837,883.7842,1627.5448,896.358,1640.1293,0.504535
5698,94.966667,roi_001,889.7122,1632.5434,879.1093,1623.022,900.3151,1642.0648,0.704084
5698,94.966667,roi_001,890.0261,1633.8813,883.6068,1627.4369,896.4454,1640.3257,0.522947
5699,94.983333,roi_001,889.1106,1633.6208,878.6751,1625.0487,899.546,1642.193,0.449385
5699,94.983333,roi_001,889.4583,1634.5307,882.7886,1628.1991,896.1279,1640.8623,0.258228
5700,95.0,roi_001,889.0362,1633.4753,878.4181,1624.8337,899.6542,1642.1168,0.452209
5700,95.0,roi_001,889.4335,1634.5032,882.7712,1628.173,896.0958,1640.8335,0.254447
5701,95.016667,roi_001,888.7205,1633.347,878.3558,1624.736,899.0852,1641.9581,0.371293
5701,95.016667,roi_001,889.2219,1634.5987,882.5269,1628.0548,895.917,1641.1426,0.205531
5702,95.033333,roi_001,888.7484,1633.4107,878.344,1624.7888,899.1528,1642.0326,0.381523
5702,95.033333,roi_001,889.2864,1634.4897,882.6061,1628.1377,895.9666,1640.8418,0.20772
5703,95.05,roi_001,888.4322,1633.4901,878.2636,1625.1711,898.6008,1641.809,0.416189
5704,95.066667,roi_001,888.3751,1633.2907,878.2341,1624.9656,898.5161,1641.6158,0.441965
5705,95.083333,roi_001,884.9209,1634.2713,874.4614,1626.1337,895.3804,1642.4089,0.434343
5706,95.1,roi_001,888.3846,1634.0885,877.8931,1625.707,898.8761,1642.47,0.389251
5707,95.116667,roi_001,883.9557,1634.6248,872.7811,1626.5356,895.1302,1642.714,0.270106
5708,95.133333,roi_001,883.895,1634.6072,872.6411,1626.4744,895.149,1642.74,0.27627
5709,95.15,roi_001,883.9901,1634.5674,872.7211,1626.3785,895.2591,1642.7562,0.290099
5710,95.166667,roi_001,883.9021,1634.5614,872.6218,1626.3755,895.1823,1642.7473,0.312652
5723,95.383333,roi_001,880.7463,1633.1845,869.9904,1623.4249,891.5023,1642.9441,0.161685
5726,95.433333,roi_001,880.7488,1633.1519,869.9424,1623.2605,891.5551,1643.0432,0.150585
5727,95.45,roi_001,880.4355,1633.3264,869.5898,1623.6448,891.2812,1643.0079,0.266668
5728,95.466667,roi_001,880.0544,1633.3569,868.9288,1623.6571,891.1799,1643.0568,0.297921
5729,95.483333,roi_001,880.0562,1633.3799,868.9052,1623.6836,891.2073,1643.0763,0.29562
5730,95.5,roi_001,879.9456,1633.1652,868.5308,1623.4205,891.3604,1642.9099,0.241422
5731,95.516667,roi_001,879.7116,1632.7028,868.3043,1622.4622,891.119,1642.9434,0.307035
5732,95.533333,roi_001,879.8777,1632.597,868.515,1622.3783,891.2403,1642.8157,0.260701
5733,95.55,roi_001,879.709,1632.6245,868.2838,1622.3618,891.1341,1642.8871,0.308349
5734,95.566667,roi_001,879.613,1632.47,868.3263,1622.2346,890.8997,1642.7053,0.31777
5737,95.616667,roi_001,879.1823,1632.6315,868.2511,1622.5405,890.1136,1642.7225,0.28372
5738,95.633333,roi_001,879.4603,1632.889,868.4756,1622.802,890.4449,1642.976,0.23035
5739,95.65,roi_001,877.6719,1632.0815,866.3093,1621.1949,889.0346,1642.9681,0.162676
5749,95.816667,roi_001,876.6777,1631.1565,865.4421,1621.0718,887.9133,1641.2412,0.197064
5750,95.833333,roi_001,876.8418,1631.1301,865.4744,1621.0979,888.2092,1641.1624,0.195785
5751,95.85,roi_001,876.3995,1630.4176,864.4039,1619.6294,888.3951,1641.2058,0.252385
5752,95.866667,roi_001,876.0611,1630.2358,864.2495,1619.3374,887.8726,1641.1342,0.211649
5753,95.883333,roi_001,876.0608,1630.2424,864.2504,1619.3452,887.8713,1641.1395,0.210898
5754,95.9,roi_001,876.1111,1629.9358,864.2981,1618.9692,887.924,1640.9023,0.252892
5763,96.05,roi_001,870.7947,1632.2198,861.0297,1623.1029,880.5598,1641.3368,0.260655
5767,96.116667,roi_001,870.3624,1633.2218,859.4319,1623.3586,881.2928,1643.085,0.151636
5770,96.166667,roi_001,870.1524,1633.3494,859.2087,1623.498,881.0961,1643.2008,0.155713
5771,96.183333,roi_001,869.897,1633.368,859.3331,1623.8478,880.4609,1642.8883,0.511713
5771,96.183333,roi_001,870.1988,1633.7209,861.0293,1628.2618,879.3683,1639.1799,0.179177
5771,96.183333,roi_001,869.0838,1633.3298,863.3152,1624.621,874.8524,1642.0386,0.159758
5772,96.2,roi_001,869.888,1633.3976,859.2211,1623.7793,880.5549,1643.0159,0.512808
5772,96.2,roi_001,870.1589,1633.7096,861.0436,1628.3022,879.2741,1639.1169,0.175264
5772,96.2,roi_001,869.0826,1633.3326,863.3022,1624.6553,874.863,1642.01,0.157413
5773,96.216667,roi_001,869.9722,1633.454,859.3481,1623.8448,880.5963,1643.0632,0.487461
5773,96.216667,roi_001,870.2708,1633.7626,861.1144,1628.3376,879.4273,1639.1875,0.163746
5774,96.233333,roi_001,869.9503,1633.4792,859.2287,1623.8474,880.672,1643.1111,0.489732
5774,96.233333,roi_001,870.2359,1633.7632,861.1013,1628.3928,879.3706,1639.1337,0.163031
5774,96.233333,roi_001,869.0575,1633.3809,863.3724,1624.6707,874.7427,1642.0911,0.151439
5775,96.25,roi_001,869.3682,1633.1976,857.9259,1623.4087,880.8105,1642.9865,0.245462
5776,96.266667,roi_001,868.9483,1633.0791,857.4988,1623.6548,880.3978,1642.5034,0.184328
5777,96.283333,roi_001,868.9353,1633.0704,857.4876,1623.6378,880.383,1642.5029,0.181336
5986,99.766667,roi_001,861.1677,1645.6314,852.0762,1637.3737,870.2591,1653.8892,0.271003
5987,99.783333,roi_001,861.0732,1645.6669,851.5186,1637.4794,870.6277,1653.8545,0.29224
5988,99.8,roi_001,861.0674,1645.6478,851.4953,1637.4277,870.6394,1653.8678,0.292224
5989,99.816667,roi_001,861.1241,1645.6087,851.5805,1637.5573,870.6677,1653.6602,0.262468
5990,99.833333,roi_001,860.9783,1645.915,852.0939,1637.5358,869.8628,1654.2942,0.302433
5991,99.85,roi_001,861.0807,1645.8973,852.23,1637.5306,869.9313,1654.264,0.311436
5992,99.866667,roi_001,860.9423,1645.9385,852.1986,1637.6685,869.6859,1654.2086,0.328192
5993,99.883333,roi_001,860.9852,1645.993,852.3008,1637.6815,869.6697,1654.3046,0.310843
5995,99.916667,roi_001,860.9669,1646.6275,852.4239,1638.6588,869.5099,1654.5962,0.157531
5996,99.933333,roi_001,861.1915,1646.7519,853.1713,1638.7047,869.2117,1654.7991,0.204734
5998,99.966667,roi_001,858.6403,1650.5741,850.6904,1641.2395,866.5903,1659.9087,0.353444
5999,99.983333,roi_001,858.1177,1650.3453,850.8753,1638.7036,865.3601,1661.9869,0.426092
6000,100.0,roi_001,858.721,1650.3251,850.8759,1641.189,866.5661,1659.4612,0.370606
6001,100.016667,roi_001,858.128,1650.3551,850.9249,1638.6986,865.3311,1662.0116,0.438367
6002,100.033333,roi_001,858.1414,1650.5727,850.5468,1641.7701,865.7361,1659.3752,0.542972
6003,100.05,roi_001,858.1409,1650.6037,850.5504,1641.7753,865.7313,1659.4321,0.529957
6004,100.066667,roi_001,858.183,1650.6289,850.6195,1641.7781,865.7465,1659.4797,0.542298
6005,100.083333,roi_001,858.227,1650.5809,850.616,1641.6653,865.838,1659.4965,0.526828
6006,100.1,roi_001,857.893,1654.2192,850.4724,1643.2258,865.3137,1665.2126,0.64946
6007,100.116667,roi_001,857.5687,1653.7933,849.2499,1644.73,865.8875,1662.8566,0.640688
6008,100.133333,roi_001,857.3576,1653.8021,849.1058,1644.9193,865.6093,1662.6848,0.648343
6009,100.15,roi_001,858.0305,1654.1638,850.6,1643.0934,865.4609,1665.2341,0.651641
6010,100.166667,roi_001,857.1108,1654.2342,849.5317,1643.8411,864.6899,1664.6273,0.758509
6011,100.183333,roi_001,856.1269,1654.6174,848.8448,1646.8566,863.409,1662.3782,0.745896
6012,100.2,roi_001,856.1268,1654.6174,848.8446,1646.8566,863.4091,1662.3783,0.745858
6013,100.216667,roi_001,857.0052,1654.1469,849.5215,1643.4598,864.4888,1664.834,0.741896
6014,100.233333,roi_001,855.8868,1655.1912,847.9341,1647.2385,863.8396,1663.1438,0.730421
6015,100.25,roi_001,855.6659,1655.3347,847.7178,1647.3879,863.614,1663.2814,0.735304
6016,100.266667,roi_001,855.8346,1655.2986,847.8705,1647.3472,863.7987,1663.25,0.737746
6017,100.283333,roi_001,856.4713,1655.4033,848.1348,1647.2432,864.8079,1663.5635,0.740679
6018,100.3,roi_001,855.733,1656.6002,847.251,1648.6196,864.2149,1664.5808,0.598089
6019,100.316667,roi_001,855.9559,1656.3944,847.5833,1648.2377,864.3285,1664.5511,0.635876
6020,100.333333,roi_001,855.7774,1656.6294,847.0489,1648.4586,864.506,1664.8002,0.542279
6021,100.35,roi_001,855.6953,1656.4208,847.0527,1648.3552,864.3379,1664.4865,0.571212
6022,100.366667,roi_001,853.6797,1659.5082,843.7634,1649.4746,863.5961,1669.5417,0.591229
6023,100.383333,roi_001,853.56,1659.2936,843.5685,1649.3643,863.5514,1669.2229,0.6731
6024,100.4,roi_001,853.5623,1659.3061,843.5691,1649.3823,863.5555,1669.2299,0.670763
6025,100.416667,roi_001,853.6132,1659.1505,843.8045,1649.4042,863.4219,1668.8967,0.673295
6026,100.433333,roi_001,852.7957,1660.3548,842.0854,1649.8754,863.5059,1670.8342,0.666257
6027,100.45,roi_001,852.9983,1660.7532,842.2054,1650.0227,863.7911,1671.4836,0.653995
6028,100.466667,roi_001,852.8499,1660.3481,842.1663,1649.8734,863.5334,1670.8228,0.661933
6029,100.483333,roi_001,852.8938,1660.2508,842.1184,1649.6439,863.6693,1670.8577,0.65723
6030,100.5,roi_001,848.7429,1661.9211,839.0974,1652.7903,858.3883,1671.0519,0.533513
6031,100.516667,roi_001,848.746,1662.0695,839.0049,1652.886,858.4871,1671.2531,0.525058
6032,100.533333,roi_001,848.3892,1661.5378,838.6848,1652.514,858.0936,1670.5615,0.557212
6033,100.55,roi_001,848.8256,1661.9157,839.1788,1652.7487,858.4724,1671.0828,0.538425
6034,100.566667,roi_001,846.744,1662.8946,838.0519,1654.9722,855.4362,1670.817,0.680363
6035,100.583333,roi_001,847.0193,1663.1534,838.1003,1655.0485,855.9382,1671.2583,0.654059
6035,100.583333,roi_001,848.0535,1659.5095,836.2562,1652.2031,859.8508,1666.8159,0.197627
6036,100.6,roi_001,847.0199,1663.1519,838.1015,1655.0469,855.9382,1671.2568,0.654143
6036,100.6,roi_001,848.0531,1659.5103,836.2601,1652.2043,859.846,1666.8162,0.197222
6037,100.616667,roi_001,846.9666,1663.3616,838.0068,1655.1873,855.9265,1671.5359,0.642519
6037,100.616667,roi_001,848.0747,1659.4437,836.2362,1652.119,859.9132,1666.7683,0.177489
6038,100.633333,roi_001,845.6904,1663.5842,837.364,1655.8357,854.0168,1671.3326,0.777837
6039,100.65,roi_001,845.651,1663.7205,837.1895,1655.8245,854.1125,1671.6165,0.787282
6040,100.666667,roi_001,845.6737,1663.6553,837.3225,1655.8505,854.025,1671.4602,0.785438
6041,100.683333,roi_001,845.6502,1663.6665,837.2907,1655.8557,854.0096,1671.4773,0.787084
6042,100.7,roi_001,845.3753,1664.9078,837.1204,1656.9828,853.6302,1672.8328,0.837457
6043,100.716667,roi_001,845.4276,1664.9108,837.0956,1656.8263,853.7596,1672.9954,0.840033
6044,100.733333,roi_001,845.3904,1665.0541,836.8762,1656.9176,853.9045,1673.1907,0.839252
6045,100.75,roi_001,845.4006,1664.9667,836.9847,1656.9675,853.8166,1672.9658,0.830981
6046,100.766667,roi_001,845.1626,1665.8106,836.3942,1657.3713,853.931,1674.2499,0.811733
6047,100.783333,roi_001,845.2442,1666.1485,835.8549,1657.212,854.6335,1675.085,0.787599
6048,100.8,roi_001,845.2447,1666.1482,835.8542,1657.2109,854.6352,1675.0854,0.787596
6049,100.816667,roi_001,845.2382,1665.9258,835.9943,1657.0022,854.4821,1674.8495,0.808128
6050,100.833333,roi_001,845.2257,1665.9292,835.9778,1657.0031,854.4735,1674.8553,0.807169
6051,100.85,roi_001,845.1755,1667.1802,836.2028,1658.5162,854.1482,1675.8441,0.767491
6052,100.866667,roi_001,845.2148,1667.1536,836.2469,1658.4376,854.1827,1675.8695,0.764704
6053,100.883333,roi_001,845.2932,1667.4089,835.9741,1658.5713,854.6124,1676.2465,0.768152
6054,100.9,roi_001,844.3216,1667.0364,834.9078,1658.0577,853.7355,1676.0151,0.646709
6054,100.9,roi_001,845.3732,1668.0901,839.3373,1661.361,851.4091,1674.8192,0.615478
6055,100.916667,roi_001,844.2847,1667.0969,834.9199,1658.1453,853.6495,1676.0486,0.655556
6055,100.916667,roi_001,845.345,1668.1102,839.2302,1661.3335,851.4597,1674.887,0.627457
6056,100.933333,roi_001,844.4194,1666.9756,834.9984,1658.0001,853.8404,1675.9512,0.634421
6056,100.933333,roi_001,845.3633,1668.0778,839.2875,1661.3027,851.4392,1674.8529,0.606597
6057,100.95,roi_001,844.3942,1667.0616,834.9825,1658.0865,853.8059,1676.0367,0.641501
6057,100.95,roi_001,845.3531,1668.0784,839.2867,1661.3179,851.4194,1674.839,0.607902
6058,100.966667,roi_001,844.9937,1673.2227,838.2514,1661.7925,851.7359,1684.6528,0.150686
6059,100.983333,roi_001,845.2273,1673.4449,838.349,1661.8892,852.1057,1685.0007,0.230264
6060,101.0,roi_001,845.207,1673.4147,838.3223,1661.8757,852.0916,1684.9536,0.235956
6061,101.016667,roi_001,845.1619,1673.364,838.3004,1661.8579,852.0235,1684.8701,0.216417
6062,101.033333,roi_001,843.8728,1672.9761,834.4421,1663.2526,853.3035,1682.6997,0.64015
6063,101.05,roi_001,843.9102,1672.942,834.5062,1663.2584,853.3142,1682.6255,0.6384
6064,101.066667,roi_001,843.8683,1673.0303,834.3716,1663.1654,853.3649,1682.8953,0.654979
6065,101.083333,roi_001,843.8534,1673.0131,834.7065,1663.3551,853.0002,1682.6711,0.649243
6066,101.1,roi_001,843.6814,1674.1507,834.8591,1664.7091,852.5037,1683.5923,0.579995
6067,101.116667,roi_001,843.7732,1674.2269,834.7593,1664.651,852.787,1683.8027,0.565728
6068,101.133333,roi_001,843.6826,1674.246,834.8453,1664.8368,852.5198,1683.6553,0.583655
6069,101.15,roi_001,843.7116,1674.286,834.8422,1664.8362,852.5811,1683.7358,0.578793
6070,101.166667,roi_001,844.0677,1674.2935,835.2188,1664.8882,852.9167,1683.6987,0.410134
6071,101.183333,roi_001,844.1802,1674.312,834.8959,1664.6678,853.4645,1683.9562,0.389268
6072,101.2,roi_001,844.1797,1674.3118,834.8965,1664.6687,853.4628,1683.9548,0.389281
6073,101.216667,roi_001,844.1674,1674.4621,834.731,1664.7399,853.6039,1684.1843,0.388961
6074,101.233333,roi_001,845.2591,1678.1345,838.5945,1666.269,851.9236,1690.0,0.22154
6075,101.25,roi_001,845.2574,1678.1318,838.593,1666.2635,851.9219,1690.0,0.222566
6076,101.266667,roi_001,845.2463,1678.0178,838.6095,1666.0355,851.8831,1690.0,0.276344
6076,101.266667,roi_001,844.5649,1678.3892,832.8758,1670.7559,856.2541,1686.0226,0.181411
6077,101.283333,roi_001,845.2669,1678.1443,838.5916,1666.2886,851.9422,1690.0,0.220888
6078,101.3,roi_001,845.0924,1679.4044,835.5499,1669.12,854.6349,1689.6887,0.233338
6078,101.3,roi_001,845.0645,1679.3703,839.7576,1672.6295,850.3714,1686.1111,0.198967
6079,101.316667,roi_001,844.7738,1679.4492,833.3971,1671.6538,856.1506,1687.2446,0.238506
6079,101.316667,roi_001,845.0969,1679.3805,839.7358,1672.6691,850.4579,1686.0919,0.209222
6079,101.316667,roi_001,845.2455,1678.9749,838.4703,1667.9498,852.0207,1690.0,0.206582
6080,101.333333,roi_001,844.9828,1679.3425,835.6003,1669.1127,854.3654,1689.5723,0.26775
6080,101.333333,roi_001,845.08,1679.3656,839.7704,1672.5957,850.3896,1686.1355,0.211754
6081,101.35,roi_001,845.1303,1679.4374,835.6027,1669.105,854.658,1689.7698,0.222854
6081,101.35,roi_001,845.0523,1679.3864,839.771,1672.6544,850.3337,1686.1183,0.191858
6082,101.366667,roi_001,845.2003,1680.1526,833.8647,1672.8169,856.5358,1687.4883,0.17641
6086,101.433333,roi_001,845.4014,1680.5182,833.2706,1672.7312,857.5321,1688.3053,0.374539
6086,101.433333,roi_001,845.9515,1679.7773,837.7532,1674.7798,854.1498,1684.7749,0.264005
6087,101.45,roi_001,845.3499,1680.5295,833.2478,1672.7695,857.4519,1688.2894,0.377833
6087,101.45,roi_001,845.9344,1679.7847,837.748,1674.7954,854.1207,1684.7739,0.265519
6088,101.466667,roi_001,845.2796,1680.5014,833.3322,1672.7946,857.2271,1688.2083,0.398804
6088,101.466667,roi_001,845.8967,1679.7563,837.7529,1674.7854,854.0405,1684.7273,0.287956
6089,101.483333,roi_001,845.4159,1680.5464,833.2831,1672.7672,857.5487,1688.3257,0.383347
6089,101.483333,roi_001,845.9475,1679.8145,837.7474,1674.7911,854.1476,1684.8378,0.280136
6090,101.5,roi_001,846.6052,1679.859,834.8442,1671.7719,858.3661,1687.9462,0.498625
6090,101.5,roi_001,846.8123,1679.64,838.282,1674.2687,855.3425,1685.0114,0.40452
6090,101.5,roi_001,846.0494,1680.0735,840.4816,1671.1918,851.6172,1688.9553,0.2276
6091,101.516667,roi_001,846.5966,1679.864,834.8608,1671.7759,858.3323,1687.9521,0.498077
6091,101.516667,roi_001,846.8063,1679.6454,838.2878,1674.2469,855.3248,1685.0438,0.405842
6091,101.516667,roi_001,846.0432,1680.0836,840.4933,1671.2195,851.5931,1688.9476,0.228902
6092,101.533333,roi_001,846.5906,1679.9111,834.7104,1671.8361,858.4708,1687.9861,0.490563
6092,101.533333,roi_001,846.7935,1679.6635,838.293,1674.3224,855.294,1685.0045,0.385073
6092,101.533333,roi_001,846.0216,1680.0589,840.4439,1671.0452,851.5994,1689.0726,0.224564
6093,101.55,roi_001,846.6761,1679.948,834.9055,1671.9309,858.4468,1687.9651,0.503309
6093,101.55,roi_001,846.8264,1679.6813,838.3189,1674.293,855.3338,1685.0696,0.410185
6093,101.55,roi_001,846.0323,1680.0764,840.4564,1671.0898,851.6083,1689.0629,0.229381
