frame_index,time_seconds,track_id,roi_id,center_x,center_y,x1,y1,x2,y2,score,observed,track_age,missed_frames,assignment_cost,ambiguity_margin,switch_risk,review_reason
4860,81.0,1,roi_001,903.1107,1555.1024,894.107,1549.2494,912.1144,1560.9554,0.711895,1,1,0,0.0,1.0,0.7,interior_track_birth
4861,81.01666666666667,1,roi_001,903.1112,1555.1024,894.1073,1549.2499,912.1151,1560.9548,0.711826,1,2,0,2.1e-05,1.0,8e-06,
4862,81.03333333333333,1,roi_001,903.1837,1555.1359,894.1608,1549.2227,912.2065,1561.0492,0.720524,1,3,0,0.00377,1.0,0.001508,
4863,81.05,1,roi_001,903.2868,1555.1031,894.4496,1549.5081,912.124,1560.6981,0.677114,1,4,0,0.008253,1.0,0.003301,
4864,81.06666666666666,1,roi_001,903.3267,1555.1141,894.4757,1549.5042,912.1777,1560.724,0.680478,1,5,0,0.002402,1.0,0.000961,
4865,81.08333333333333,1,roi_001,903.1104,1555.1534,894.127,1549.3965,912.0939,1560.9103,0.715748,1,6,0,0.008139,0.088599,0.728503,ambiguous_assignment
4865,81.08333333333333,2,roi_001,901.4919,1554.6688,887.2384,1547.3293,915.7454,1562.0083,0.155205,1,1,0,0.0,1.0,0.7,interior_track_birth
4866,81.1,1,roi_001,903.3164,1555.1956,894.455,1549.5988,912.1779,1560.7925,0.677791,1,7,0,0.011887,0.084064,0.739841,ambiguous_assignment
4866,81.1,2,roi_001,901.4919,1554.6688,887.2384,1547.3293,915.7454,1562.0083,0.155205,0,2,1,0.0,0.0,0.44,missing_detection
4867,81.11666666666666,1,roi_001,903.1521,1555.1185,894.1321,1549.3906,912.1721,1560.8463,0.718268,1,8,0,0.010493,0.07533,0.761675,ambiguous_assignment
4867,81.11666666666666,2,roi_001,901.4919,1554.6688,887.2384,1547.3293,915.7454,1562.0083,0.155205,0,3,2,0.0,0.0,0.53,missing_detection
4868,81.13333333333334,1,roi_001,903.142,1555.1391,894.0913,1549.3969,912.1926,1560.8813,0.716007,1,9,0,0.005331,0.077266,0.756835,ambiguous_assignment
4868,81.13333333333334,2,roi_001,901.4919,1554.6688,887.2384,1547.3293,915.7454,1562.0083,0.155205,0,4,3,0.0,0.0,0.62,missing_detection
4869,81.15,1,roi_001,903.2754,1555.0433,894.4016,1549.5757,912.1493,1560.5109,0.649196,1,10,0,0.009161,0.059282,0.801794,ambiguous_assignment
4869,81.15,2,roi_001,902.7702,1554.8184,890.2177,1547.027,915.3227,1562.6097,0.590778,1,5,0,0.023128,0.045315,0.836711,ambiguous_assignment
4870,81.16666666666667,1,roi_001,903.4089,1554.9474,894.535,1549.4799,912.2827,1560.415,0.649196,0,11,1,0.009161,0.0,0.44,missing_detection
4870,81.16666666666667,2,roi_001,903.0626,1553.6814,893.2563,1544.7018,912.8688,1562.661,0.637595,1,6,0,0.059322,0.007982,0.930046,ambiguous_assignment
4871,81.18333333333334,1,roi_001,903.5423,1554.8516,894.6685,1549.384,912.4162,1560.3192,0.649196,0,12,2,0.009161,0.0,0.53,missing_detection
4871,81.18333333333334,2,roi_001,903.0732,1553.8683,893.4951,1545.1161,912.6512,1562.6205,0.648704,1,7,0,0.039496,0.016388,0.909031,ambiguous_assignment
4872,81.2,1,roi_001,903.6758,1554.7558,894.8019,1549.2882,912.5497,1560.2234,0.649196,0,13,3,0.009161,0.0,0.62,missing_detection
4872,81.2,2,roi_001,903.2601,1553.5378,893.1384,1544.308,913.3818,1562.7676,0.578758,1,8,0,0.020009,0.0443,0.83925,ambiguous_assignment
4873,81.21666666666667,1,roi_001,903.4206,1554.8033,894.4023,1549.6091,912.4388,1559.9976,0.444845,1,14,0,0.012668,0.050357,0.824109,ambiguous_assignment
4873,81.21666666666667,2,roi_001,903.3235,1553.5363,893.1599,1544.2764,913.4871,1562.7961,0.57148,1,9,0,0.010658,0.052367,0.819083,ambiguous_assignment
4874,81.23333333333333,1,roi_001,903.3123,1554.8066,894.3959,1549.6438,912.2287,1559.9694,0.467031,1,15,0,0.005384,0.067815,0.780462,ambiguous_assignment
4874,81.23333333333333,2,roi_001,903.224,1553.5471,893.1555,1544.2733,913.2925,1562.8208,0.567932,1,10,0,0.004927,0.068272,0.779319,ambiguous_assignment
4875,81.25,1,roi_001,903.2677,1554.7933,894.3239,1549.8197,912.2115,1559.7668,0.4598,1,16,0,0.005853,0.071335,0.771663,ambiguous_assignment
4875,81.25,2,roi_001,903.3721,1553.3384,892.8981,1543.8104,913.846,1562.8663,0.580399,1,11,0,0.010298,0.06689,0.782775,ambiguous_assignment
4876,81.26666666666667,1,roi_001,903.1921,1554.7729,894.2706,1549.7776,912.1136,1559.7683,0.4772,1,17,0,0.001642,0.082579,0.743552,ambiguous_assignment
4876,81.26666666666667,2,roi_001,903.3061,1553.3611,892.7672,1543.7817,913.8449,1562.9406,0.586983,1,12,0,0.007934,0.076287,0.759282,ambiguous_assignment
4877,81.28333333333333,1,roi_001,903.3204,1554.7795,894.4186,1549.7383,912.2222,1559.8208,0.442872,1,18,0,0.0057,0.077005,0.757488,ambiguous_assignment
4877,81.28333333333333,2,roi_001,903.3916,1553.3727,892.9698,1543.8762,913.8134,1562.8691,0.573355,1,13,0,0.004048,0.078657,0.753356,ambiguous_assignment
4878,81.3,1,roi_001,903.2959,1554.8257,894.3411,1549.7329,912.2507,1559.9186,0.470048,1,19,0,0.004609,0.076438,0.758906,ambiguous_assignment
4878,81.3,2,roi_001,903.4103,1553.3517,893.0286,1543.927,913.792,1562.7765,0.589401,1,14,0,0.002501,0.078546,0.753636,ambiguous_assignment
4879,81.31666666666666,1,roi_001,903.2851,1554.8322,894.4521,1549.7682,912.118,1559.8961,0.437532,1,20,0,0.00272,0.078,0.754999,ambiguous_assignment
4879,81.31666666666666,2,roi_001,903.4018,1553.3201,893.1804,1543.9484,913.6231,1562.6919,0.579107,1,15,0,0.002611,0.078109,0.754726,ambiguous_assignment
4880,81.33333333333333,1,roi_001,903.3003,1554.8688,894.454,1549.7664,912.1467,1559.9713,0.456512,1,21,0,0.001567,0.080558,0.748604,ambiguous_assignment
4880,81.33333333333333,2,roi_001,903.4453,1553.3729,893.0134,1543.7924,913.8773,1562.9534,0.587852,1,16,0,0.005353,0.076772,0.758071,ambiguous_assignment
4881,81.35,1,roi_001,903.1283,1554.9033,894.2612,1549.6753,911.9954,1560.1312,0.544873,1,22,0,0.008903,0.07262,0.768449,ambiguous_assignment
4881,81.35,2,roi_001,903.2768,1553.5333,892.9532,1544.0087,913.6005,1563.058,0.642469,1,17,0,0.005878,0.075645,0.760887,ambiguous_assignment
4882,81.36666666666666,1,roi_001,903.3256,1554.8047,894.5073,1549.6594,912.144,1559.9501,0.476686,1,23,0,0.01098,0.067331,0.781673,ambiguous_assignment
4882,81.36666666666666,2,roi_001,903.5119,1553.3217,893.2971,1543.8024,913.7268,1562.8409,0.610856,1,18,0,0.013487,0.064824,0.78794,ambiguous_assignment
4883,81.38333333333334,1,roi_001,903.5229,1554.7062,894.7046,1549.5609,912.3413,1559.8516,0.476686,0,24,1,0.01098,0.0,0.44,missing_detection
4883,81.38333333333334,2,roi_001,902.7676,1553.6732,892.7836,1544.6658,912.7516,1562.6807,0.621831,1,19,0,0.026968,0.047062,0.832345,ambiguous_assignment
4884,81.4,1,roi_001,903.0333,1554.9701,894.1606,1549.7701,911.906,1560.17,0.604743,1,25,0,0.021255,0.050016,0.824961,ambiguous_assignment
4884,81.4,2,roi_001,902.9391,1553.7578,892.7836,1544.5925,913.0946,1562.923,0.641542,1,20,0,0.021635,0.049636,0.825911,ambiguous_assignment
4885,81.41666666666667,1,roi_001,903.0342,1554.9725,894.1604,1549.7683,911.908,1560.1768,0.605061,1,26,0,0.017282,0.061758,0.795604,ambiguous_assignment
4885,81.41666666666667,2,roi_001,902.9373,1553.7591,892.7885,1544.5996,913.0861,1562.9186,0.641278,1,21,0,0.004692,0.074349,0.764128,ambiguous_assignment
4886,81.43333333333334,1,roi_001,903.035,1554.975,894.1613,1549.7708,911.9088,1560.1792,0.605061,0,27,1,0.017282,0.0,0.44,missing_detection
4886,81.43333333333334,2,roi_001,902.9316,1553.9626,892.9862,1545.1135,912.877,1562.8116,0.635622,1,22,0,0.008183,0.059638,0.800904,ambiguous_assignment
4887,81.45,1,roi_001,903.0359,1554.9774,894.1621,1549.7732,911.9097,1560.1816,0.605061,0,28,2,0.017282,0.0,0.53,missing_detection
4887,81.45,2,roi_001,902.7485,1554.1501,892.9539,1545.0222,912.5432,1563.2781,0.653429,1,23,0,0.007516,0.056787,0.808032,ambiguous_assignment
4888,81.46666666666667,1,roi_001,903.137,1555.2716,894.3584,1549.5837,911.9156,1560.9595,0.656402,1,29,0,0.013623,0.05939,0.801526,ambiguous_assignment
4888,81.46666666666667,2,roi_001,902.5655,1554.3377,892.7709,1545.2098,912.3601,1563.4656,0.653429,0,24,1,0.007516,0.0,0.44,missing_detection
4889,81.48333333333333,1,roi_001,903.1605,1555.3152,894.2963,1549.7036,912.0247,1560.9268,0.660557,1,30,0,0.009452,0.05534,0.81165,ambiguous_assignment
4889,81.48333333333333,2,roi_001,902.3824,1554.5253,892.5878,1545.3973,912.1771,1563.6532,0.653429,0,25,2,0.007516,0.0,0.53,missing_detection
4890,81.5,1,roi_001,903.0237,1555.2107,894.1227,1549.6975,911.9248,1560.7239,0.658159,1,31,0,0.007904,0.059424,0.80144,ambiguous_assignment
4890,81.5,2,roi_001,902.1994,1554.7128,892.4048,1545.5849,911.994,1563.8408,0.653429,0,26,3,0.007516,0.0,0.62,missing_detection
4891,81.51666666666667,1,roi_001,902.9675,1555.2521,893.7621,1549.3406,912.1728,1561.1637,0.736962,1,32,0,0.015243,0.037747,0.855632,ambiguous_assignment
4891,81.51666666666667,2,roi_001,900.8118,1554.7967,886.2889,1547.0004,915.3346,1562.593,0.243361,1,27,0,0.055471,-0.002481,0.95,ambiguous_assignment
4892,81.53333333333333,1,roi_001,902.9988,1555.2496,893.8422,1549.3242,912.1554,1561.1749,0.742768,1,33,0,0.005065,0.094302,0.714246,ambiguous_assignment
4892,81.53333333333333,2,roi_001,901.0235,1554.7982,886.4952,1547.0548,915.5518,1562.5415,0.224973,1,28,0,0.035618,0.063748,0.790629,ambiguous_assignment
4893,81.55,1,roi_001,903.0301,1555.247,893.8735,1549.3217,912.1867,1561.1724,0.742768,0,34,1,0.005065,0.0,0.44,missing_detection
4893,81.55,2,roi_001,902.5985,1554.1774,892.0499,1544.4888,913.1472,1563.866,0.715204,1,29,0,0.056231,0.01707,0.907325,ambiguous_assignment
4894,81.56666666666666,1,roi_001,903.0614,1555.2444,893.9048,1549.3191,912.218,1561.1698,0.742768,0,35,2,0.005065,0.0,0.53,missing_detection
4894,81.56666666666666,2,roi_001,902.5129,1554.2228,892.1214,1544.6484,912.9044,1563.7972,0.716634,1,30,0,0.040473,0.025674,0.885816,ambiguous_assignment
4895,81.58333333333333,1,roi_001,903.0927,1555.2419,893.9361,1549.3165,912.2493,1561.1672,0.742768,0,36,3,0.005065,0.0,0.62,missing_detection
4895,81.58333333333333,2,roi_001,902.252,1554.1951,892.3054,1545.0559,912.1985,1563.3342,0.742748,1,31,0,0.011699,0.046035,0.834912,ambiguous_assignment
4896,81.6,1,roi_001,903.124,1555.2393,893.9674,1549.314,912.2806,1561.1647,0.742768,0,37,4,0.005065,0.0,0.71,missing_detection
4896,81.6,2,roi_001,902.22,1554.1566,892.0441,1545.0446,912.3959,1563.2686,0.738836,1,32,0,0.005802,0.051742,0.820645,ambiguous_assignment
4897,81.61666666666666,1,roi_001,903.1553,1555.2368,893.9987,1549.3114,912.312,1561.1621,0.742768,0,38,5,0.005065,0.0,0.8,missing_detection
4897,81.61666666666666,2,roi_001,902.243,1554.1957,892.1635,1545.1545,912.3226,1563.2369,0.741054,1,33,0,0.003323,0.052085,0.819788,ambiguous_assignment
4898,81.63333333333334,2,roi_001,902.1596,1554.2161,892.2697,1545.2394,912.0496,1563.1927,0.747136,1,34,0,0.004082,0.050786,0.823035,ambiguous_assignment
4899,81.65,2,roi_001,901.7725,1554.2631,891.5917,1545.4825,911.9534,1563.0437,0.786414,1,35,0,0.008966,0.092513,0.718717,ambiguous_assignment
4899,81.65,3,roi_001,898.0079,1554.8022,892.8663,1546.9333,903.1495,1562.6711,0.179638,1,1,0,0.0,1.0,0.7,interior_track_birth
4899,81.65,4,roi_001,899.5099,1555.2769,889.7197,1551.3871,909.3,1559.1667,0.172582,1,1,0,0.0,1.0,0.7,interior_track_birth
4900,81.66666666666667,2,roi_001,901.7949,1554.2021,891.4254,1545.2169,912.1645,1563.1873,0.785301,1,36,0,0.011259,0.080348,0.74913,ambiguous_assignment
4900,81.66666666666667,3,roi_001,897.9732,1554.8025,892.8404,1546.8777,903.106,1562.7273,0.177547,1,2,0,0.001748,0.091763,0.720593,ambiguous_assignment
4900,81.66666666666667,4,roi_001,899.4946,1555.2628,889.7274,1551.3923,909.2618,1559.1332,0.15804,1,2,0,0.000958,0.090649,0.723378,ambiguous_assignment
4901,81.68333333333334,2,roi_001,901.7658,1554.279,891.6694,1545.571,911.8622,1562.9869,0.787148,1,37,0,0.007749,0.085674,0.735814,ambiguous_assignment
4901,81.68333333333334,3,roi_001,898.0147,1554.7815,892.8813,1546.8867,903.1481,1562.6763,0.178237,1,3,0,0.002703,0.090714,0.723215,ambiguous_assignment
4901,81.68333333333334,4,roi_001,899.513,1555.2619,889.7023,1551.4297,909.3237,1559.0941,0.156927,1,3,0,0.001814,0.091603,0.720994,ambiguous_assignment
4902,81.7,2,roi_001,901.9811,1554.209,891.8241,1545.3362,912.1381,1563.0819,0.791348,1,38,0,0.007414,0.091534,0.721166,ambiguous_assignment
4902,81.7,3,roi_001,898.0448,1554.65,893.0134,1546.7056,903.0762,1562.5945,0.172468,1,4,0,0.00632,0.09318,0.717051,ambiguous_assignment
4902,81.7,4,roi_001,899.5314,1555.261,889.7208,1551.4288,909.3421,1559.0933,0.156927,0,4,1,0.001814,0.0,0.44,missing_detection
4903,81.71666666666667,2,roi_001,901.8572,1554.2194,892.079,1545.6936,911.6353,1562.7451,0.798566,1,39,0,0.012217,0.074079,0.764802,ambiguous_assignment
4903,81.71666666666667,3,roi_001,898.0748,1554.5186,893.0434,1546.5741,903.1062,1562.463,0.172468,0,5,1,0.00632,0.0,0.44,missing_detection
4903,81.71666666666667,4,roi_001,899.5499,1555.2602,889.7392,1551.428,909.3605,1559.0924,0.156927,0,5,2,0.001814,0.0,0.53,missing_detection
4904,81.73333333333333,2,roi_001,901.8719,1554.2236,892.0827,1545.6951,911.6611,1562.7522,0.800591,1,40,0,0.003584,0.078119,0.754702,ambiguous_assignment
4904,81.73333333333333,3,roi_001,898.1049,1554.3871,893.0735,1546.4426,903.1363,1562.3315,0.172468,0,6,2,0.00632,0.0,0.53,missing_detection
4904,81.73333333333333,4,roi_001,899.5683,1555.2593,889.7576,1551.4271,909.379,1559.0916,0.156927,0,6,3,0.001814,0.0,0.62,missing_detection
4905,81.75,2,roi_001,901.8065,1554.6313,892.5741,1546.6117,911.039,1562.6509,0.814869,1,41,0,0.016968,0.058063,0.804844,ambiguous_assignment
4905,81.75,3,roi_001,898.1349,1554.2556,893.1035,1546.3112,903.1664,1562.2001,0.172468,0,7,3,0.00632,0.0,0.62,missing_detection
4905,81.75,4,roi_001,899.5867,1555.2585,889.7761,1551.4263,909.3974,1559.0907,0.156927,0,7,4,0.001814,0.0,0.71,missing_detection
4906,81.76666666666667,2,roi_001,901.72,1554.5291,892.7115,1546.7452,910.7286,1562.313,0.79619,1,42,0,0.015149,0.053199,0.817003,ambiguous_assignment
4906,81.76666666666667,3,roi_001,898.165,1554.1241,893.1336,1546.1797,903.1964,1562.0686,0.172468,0,8,4,0.00632,0.0,0.71,missing_detection
4906,81.76666666666667,4,roi_001,899.6052,1555.2576,889.7945,1551.4254,909.4158,1559.0898,0.156927,0,8,5,0.001814,0.0,0.8,missing_detection
4907,81.78333333333333,2,roi_001,901.7966,1553.918,892.0815,1545.4836,911.5117,1562.3524,0.787781,1,43,0,0.020751,0.051448,0.821379,ambiguous_assignment
4907,81.78333333333333,3,roi_001,898.1951,1553.9927,893.1637,1546.0482,903.2265,1561.9371,0.172468,0,9,5,0.00632,0.0,0.8,missing_detection
4908,81.8,2,roi_001,901.7198,1553.8848,891.5485,1544.9648,911.8911,1562.8047,0.786306,1,44,0,0.018557,0.056599,0.808503,ambiguous_assignment
4909,81.81666666666666,2,roi_001,901.7312,1553.8794,891.5195,1544.9645,911.9429,1562.7943,0.785534,1,45,0,0.003108,1.0,0.001243,
4910,81.83333333333333,2,roi_001,901.7886,1553.7,891.4551,1544.682,912.1221,1562.718,0.776035,1,46,0,0.00594,1.0,0.002376,
4911,81.85,2,roi_001,901.8615,1553.8195,891.3766,1544.712,912.3464,1562.927,0.778694,1,47,0,0.008737,0.098587,0.703533,ambiguous_assignment
4911,81.85,5,roi_001,897.8896,1554.4543,892.9742,1546.2786,902.8049,1562.63,0.26496,1,1,0,0.0,1.0,0.7,interior_track_birth
4912,81.86666666666666,2,roi_001,901.9156,1553.9108,891.3292,1544.776,912.502,1563.0457,0.780317,1,48,0,0.002206,0.107701,0.680747,ambiguous_assignment
4912,81.86666666666666,5,roi_001,897.9355,1554.5753,893.0146,1546.4017,902.8563,1562.7489,0.242432,1,2,0,0.004878,0.105029,0.687428,ambiguous_assignment
4913,81.88333333333334,2,roi_001,901.8714,1553.7902,891.3636,1544.6436,912.3793,1562.9368,0.782225,1,49,0,0.006102,0.102995,0.692513,ambiguous_assignment
4913,81.88333333333334,5,roi_001,897.9814,1554.6964,893.0606,1546.5228,902.9023,1562.8699,0.242432,0,3,1,0.004878,0.0,0.44,missing_detection
4914,81.9,2,roi_001,902.0371,1553.7785,891.183,1544.4506,912.8912,1563.1064,0.770181,1,50,0,0.007918,0.061052,0.79737,ambiguous_assignment
4914,81.9,5,roi_001,897.9133,1554.4095,893.0612,1546.1239,902.7654,1562.6951,0.252411,1,4,0,0.010829,0.08734,0.73165,ambiguous_assignment
4914,81.9,6,roi_001,902.4522,1554.7983,893.1814,1549.5867,911.723,1560.0099,0.687011,1,1,0,0.0,1.0,0.7,interior_track_birth
4915,81.91666666666667,2,roi_001,901.472,1554.7556,888.7592,1546.6307,914.1849,1562.8804,0.775396,1,51,0,0.040967,0.02802,0.87995,ambiguous_assignment
4915,81.91666666666667,5,roi_001,897.8452,1554.1226,892.9931,1545.837,902.6973,1562.4082,0.252411,0,5,1,0.010829,0.0,0.44,missing_detection
4915,81.91666666666667,6,roi_001,902.4741,1554.894,893.162,1549.5148,911.7861,1560.2733,0.70621,1,2,0,0.005027,0.06396,0.790101,ambiguous_assignment
4916,81.93333333333334,2,roi_001,901.9546,1553.9852,891.563,1544.9785,912.3461,1562.9918,0.788223,1,52,0,0.053814,0.011355,0.921613,ambiguous_assignment
4916,81.93333333333334,5,roi_001,897.7771,1553.8358,892.925,1545.5502,902.6292,1562.1213,0.252411,0,6,2,0.010829,0.0,0.53,missing_detection
4916,81.93333333333334,6,roi_001,902.4959,1554.9898,893.1839,1549.6105,911.8079,1560.3691,0.70621,0,3,1,0.005027,0.0,0.44,missing_detection
4917,81.95,2,roi_001,901.5615,1554.7107,888.9962,1546.678,914.1268,1562.7434,0.778288,1,53,0,0.050598,0.018015,0.904963,ambiguous_assignment
4917,81.95,5,roi_001,897.9286,1554.5095,893.024,1546.3353,902.8331,1562.6837,0.267923,1,7,0,0.020878,0.06427,0.789325,ambiguous_assignment
4917,81.95,6,roi_001,901.663,1554.8016,894.3573,1547.9888,908.9686,1561.6144,0.639111,1,4,0,0.045962,0.022651,0.893373,ambiguous_assignment
4918,81.96666666666667,2,roi_001,901.5986,1554.7028,888.8521,1546.6265,914.3452,1562.7792,0.774096,1,54,0,0.022649,0.04851,0.828726,ambiguous_assignment
4918,81.96666666666667,5,roi_001,897.9064,1554.4484,893.0323,1546.2224,902.7804,1562.6744,0.28301,1,8,0,0.020332,0.070057,0.774857,ambiguous_assignment
4918,81.96666666666667,6,roi_001,901.6922,1554.7851,894.4393,1547.9968,908.9451,1561.5734,0.648457,1,5,0,0.025596,0.045563,0.836093,ambiguous_assignment
4919,81.98333333333333,2,roi_001,901.6599,1554.2121,891.5207,1545.2783,911.7991,1563.1459,0.793214,1,55,0,0.032796,0.024365,0.889087,ambiguous_assignment
4919,81.98333333333333,5,roi_001,897.9055,1554.5139,893.0569,1546.2698,902.7542,1562.7579,0.401292,1,9,0,0.003908,0.094738,0.713155,ambiguous_assignment
4919,81.98333333333333,6,roi_001,899.0821,1555.0255,889.6997,1551.2366,908.4645,1558.8145,0.229526,1,6,0,0.087837,-0.030676,0.95,ambiguous_assignment
4920,82.0,2,roi_001,901.4081,1554.6986,889.2288,1546.7312,913.5875,1562.666,0.778564,1,56,0,0.036378,0.022526,0.893686,ambiguous_assignment
4920,82.0,5,roi_001,897.8405,1554.2894,893.1044,1546.02,902.5767,1562.5587,0.400991,1,10,0,0.009186,0.08943,0.726425,ambiguous_assignment
4920,82.0,6,roi_001,901.7877,1554.1738,895.431,1545.9869,908.1444,1562.3606,0.588958,1,7,0,0.133983,-0.07508,0.95,ambiguous_assignment
4921,82.01666666666667,2,roi_001,901.3797,1554.7142,889.2417,1546.7587,913.5177,1562.6697,0.779506,1,57,0,0.013562,0.08607,0.734825,ambiguous_assignment
4921,82.01666666666667,5,roi_001,897.8474,1554.293,893.1021,1546.0294,902.5927,1562.5566,0.401479,1,11,0,0.006961,0.105251,0.686872,ambiguous_assignment
4921,82.01666666666667,6,roi_001,904.4933,1553.322,898.1366,1545.1352,910.85,1561.5089,0.588958,0,8,1,0.133983,0.0,0.44,missing_detection
4922,82.03333333333333,2,roi_001,901.7534,1554.1621,891.2806,1545.1686,912.2262,1563.1556,0.781272,1,58,0,0.030572,0.064056,0.789861,ambiguous_assignment
4922,82.03333333333333,5,roi_001,897.9148,1554.4326,893.0776,1546.1649,902.7519,1562.7003,0.364797,1,12,0,0.005276,0.095244,0.71189,ambiguous_assignment
4922,82.03333333333333,6,roi_001,899.0724,1554.9791,889.5618,1551.2061,908.583,1558.7521,0.156134,1,9,0,0.14561,-0.050983,0.95,ambiguous_assignment
4923,82.05,2,roi_001,901.6004,1553.8566,891.3778,1544.8575,911.8229,1562.8557,0.777146,1,59,0,0.014319,0.092205,0.719488,ambiguous_assignment
4923,82.05,5,roi_001,897.9821,1554.5722,893.145,1546.3045,902.8193,1562.8399,0.364797,0,13,1,0.005276,0.0,0.44,missing_detection
4923,82.05,6,roi_001,893.6515,1556.6361,884.1409,1552.8631,903.1621,1560.4091,0.156134,0,10,1,0.14561,0.0,0.44,missing_detection
4924,82.06666666666666,2,roi_001,901.6854,1553.8169,891.354,1544.8024,912.0167,1562.8314,0.773338,1,60,0,0.009245,0.086159,0.734602,ambiguous_assignment
4924,82.06666666666666,5,roi_001,898.0495,1554.7118,893.2124,1546.4441,902.8867,1562.9795,0.364797,0,14,2,0.005276,0.0,0.53,missing_detection
4924,82.06666666666666,6,roi_001,888.2306,1558.2932,878.72,1554.5201,897.7412,1562.0662,0.156134,0,11,2,0.14561,0.0,0.53,missing_detection
4925,82.08333333333333,2,roi_001,901.619,1553.8277,891.2679,1544.8054,911.9701,1562.85,0.764533,1,61,0,0.003975,0.083995,0.740013,ambiguous_assignment
4925,82.08333333333333,5,roi_001,897.8326,1554.2288,893.0269,1545.8839,902.6383,1562.5737,0.349067,1,15,0,0.016853,0.071117,0.772208,ambiguous_assignment
4925,82.08333333333333,6,roi_001,882.8097,1559.9502,873.2991,1556.1772,892.3203,1563.7232,0.156134,0,12,3,0.14561,0.0,0.62,missing_detection
4926,82.1,2,roi_001,901.0481,1554.5901,889.0494,1546.6284,913.0468,1562.5519,0.785558,1,62,0,0.033326,0.068844,0.77789,ambiguous_assignment
4926,82.1,5,roi_001,897.8491,1554.2899,892.9351,1545.8809,902.7632,1562.699,0.344979,1,16,0,0.019218,0.082952,0.74262,ambiguous_assignment
4926,82.1,6,roi_001,877.3888,1561.6072,867.8782,1557.8342,886.8994,1565.3802,0.156134,0,13,4,0.14561,0.0,0.71,missing_detection
4927,82.11666666666666,2,roi_001,901.0518,1554.5037,888.4992,1546.3993,913.6044,1562.6082,0.760745,1,63,0,0.026216,0.044061,0.839847,ambiguous_assignment
4927,82.11666666666666,5,roi_001,901.9762,1554.7711,892.8192,1549.2915,911.1332,1560.2507,0.629357,1,17,0,0.117951,-0.047675,0.95,ambiguous_assignment
4927,82.11666666666666,6,roi_001,871.9679,1563.2643,862.4573,1559.4913,881.4785,1567.0373,0.156134,0,14,5,0.14561,0.0,0.8,missing_detection
4928,82.13333333333334,2,roi_001,900.9847,1554.5031,888.5821,1546.4426,913.3873,1562.5635,0.758399,1,64,0,0.00416,0.062796,0.793009,ambiguous_assignment
4928,82.13333333333334,5,roi_001,901.3618,1554.5427,894.1914,1547.6625,908.5322,1561.423,0.614218,1,18,0,0.111372,-0.044416,0.95,ambiguous_assignment
4929,82.15,2,roi_001,901.504,1553.954,890.5508,1544.5048,912.4572,1563.4033,0.740798,1,65,0,0.032208,0.033524,0.86619,ambiguous_assignment
4929,82.15,5,roi_001,901.9308,1554.7959,892.634,1549.3345,911.2275,1560.2573,0.629952,1,19,0,0.057512,0.008221,0.929449,ambiguous_assignment
4929,82.15,7,roi_001,897.6132,1554.2059,892.8402,1545.6851,902.3862,1562.7268,0.359187,1,1,0,0.0,1.0,0.7,interior_track_birth
4930,82.16666666666667,2,roi_001,901.0005,1554.5574,888.3633,1546.4231,913.6378,1562.6917,0.756423,1,66,0,0.041214,0.03116,0.8721,ambiguous_assignment
4930,82.16666666666667,5,roi_001,901.9318,1554.7839,892.6863,1549.3601,911.1773,1560.2078,0.623425,1,20,0,0.022191,0.050183,0.824542,ambiguous_assignment
4930,82.16666666666667,7,roi_001,897.6132,1554.2059,892.8402,1545.6851,902.3862,1562.7268,0.359187,0,2,1,0.0,0.0,0.44,missing_detection
4931,82.18333333333334,2,roi_001,901.1389,1554.3824,888.0771,1546.3557,914.2008,1562.4091,0.72983,1,67,0,0.025523,0.037459,0.856351,ambiguous_assignment
4931,82.18333333333334,5,roi_001,900.9762,1554.8383,893.799,1547.772,908.1534,1561.9045,0.636575,1,21,0,0.050847,0.012136,0.919661,ambiguous_assignment
4931,82.18333333333334,7,roi_001,897.6132,1554.2059,892.8402,1545.6851,902.3862,1562.7268,0.359187,0,3,2,0.0,0.0,0.53,missing_detection
4932,82.2,2,roi_001,901.2882,1554.0383,887.9624,1545.9108,914.6141,1562.1659,0.728384,1,68,0,0.006841,0.060841,0.797898,ambiguous_assignment
4932,82.2,5,roi_001,901.6015,1554.8716,892.918,1549.5979,910.285,1560.1454,0.524226,1,22,0,0.060424,-0.006249,0.95,ambiguous_assignment
4932,82.2,7,roi_001,901.3484,1553.6628,894.9871,1544.8215,907.7098,1562.504,0.620409,1,4,0,0.084228,-0.030053,0.95,ambiguous_assignment
4933,82.21666666666667,2,roi_001,901.2858,1554.0339,887.9762,1545.9098,914.5955,1562.1581,0.728479,1,69,0,0.009831,0.054173,0.814567,ambiguous_assignment
4933,82.21666666666667,5,roi_001,901.598,1554.869,892.9144,1549.5962,910.2816,1560.1418,0.522651,1,23,0,0.019115,0.050172,0.824571,ambiguous_assignment
4933,82.21666666666667,7,roi_001,901.347,1553.6607,894.9913,1544.8199,907.7028,1562.5015,0.620138,1,5,0,0.096032,-0.032027,0.95,ambiguous_assignment
4934,82.23333333333333,2,roi_001,901.2133,1554.1603,887.9124,1546.1201,914.5141,1562.2004,0.732333,1,70,0,0.004104,0.062696,0.793259,ambiguous_assignment
4934,82.23333333333333,5,roi_001,901.8003,1554.5951,892.7359,1549.642,910.8646,1559.5482,0.541839,1,24,0,0.018652,0.047078,0.832304,ambiguous_assignment
4934,82.23333333333333,7,roi_001,901.3249,1553.6063,894.8092,1544.8199,907.8405,1562.3927,0.595966,1,6,0,0.008276,0.057454,0.806365,ambiguous_assignment
4935,82.25,2,roi_001,900.6737,1554.708,889.1036,1546.6268,912.2438,1562.7892,0.790676,1,71,0,0.030914,0.041124,0.847191,ambiguous_assignment
4935,82.25,5,roi_001,898.4064,1554.7167,889.5199,1550.6887,907.2928,1558.7446,0.244259,1,25,0,0.101719,-0.026515,0.95,ambiguous_assignment
4935,82.25,7,roi_001,897.425,1554.8352,892.6882,1546.5115,902.1617,1563.1589,0.495966,1,7,0,0.125022,-0.052984,0.95,ambiguous_assignment
4935,82.25,8,roi_001,896.8944,1554.6207,894.8285,1550.5283,898.9603,1558.7131,0.172395,1,1,0,0.0,1.0,0.7,interior_track_birth
4936,82.26666666666667,2,roi_001,900.6584,1554.8189,889.0254,1546.7502,912.2914,1562.8876,0.79023,1,72,0,0.021909,0.083174,0.742066,ambiguous_assignment
4936,82.26666666666667,5,roi_001,898.5411,1554.7259,889.6276,1550.7024,907.4547,1558.7494,0.212012,1,26,0,0.085657,0.019426,0.901436,ambiguous_assignment
4936,82.26666666666667,7,roi_001,893.5251,1556.0641,888.7884,1547.7404,898.2619,1564.3878,0.495966,0,8,1,0.125022,0.0,0.44,missing_detection
4936,82.26666666666667,8,roi_001,897.4786,1554.9308,892.5458,1546.7401,902.4115,1563.1216,0.407373,1,2,0,0.102595,0.013167,0.917083,ambiguous_assignment
4937,82.28333333333333,2,roi_001,900.6945,1554.8285,889.0201,1546.7458,912.3689,1562.9111,0.7892,1,73,0,0.006069,0.08494,0.737651,ambiguous_assignment
4937,82.28333333333333,5,roi_001,898.6041,1554.7236,889.7252,1550.7158,907.483,1558.7314,0.205434,1,27,0,0.011315,0.079693,0.750766,ambiguous_assignment
4937,82.28333333333333,7,roi_001,889.6252,1557.293,884.8885,1548.9692,894.362,1565.6167,0.495966,0,9,2,0.125022,0.0,0.53,missing_detection
4937,82.28333333333333,8,roi_001,897.5116,1554.9325,892.5755,1546.7229,902.4478,1563.1421,0.399664,1,3,0,0.030223,0.061765,0.795587,ambiguous_assignment
4938,82.3,2,roi_001,900.7615,1554.7847,888.889,1546.6191,912.6339,1562.9502,0.784295,1,74,0,0.004817,0.071894,0.770266,ambiguous_assignment
4938,82.3,5,roi_001,898.5453,1554.7,889.7484,1550.7274,907.3423,1558.6726,0.168064,1,28,0,0.009546,0.078376,0.754061,ambiguous_assignment
4938,82.3,7,roi_001,901.0803,1554.5482,894.2043,1547.5371,907.9563,1561.5593,0.59217,1,10,0,0.209356,-0.132645,0.95,ambiguous_assignment
4938,82.3,8,roi_001,897.5223,1554.9252,892.6545,1546.7245,902.3901,1563.126,0.406047,1,4,0,0.010355,0.084195,0.739512,ambiguous_assignment
4939,82.31666666666666,2,roi_001,900.4571,1554.6627,889.0875,1546.5769,911.8266,1562.7485,0.781273,1,75,0,0.011237,0.079829,0.750429,ambiguous_assignment
4939,82.31666666666666,5,roi_001,898.4866,1554.6764,889.6897,1550.7038,907.2835,1558.649,0.168064,0,29,1,0.009546,0.0,0.44,missing_detection
4939,82.31666666666666,7,roi_001,912.5353,1551.8035,905.6593,1544.7924,919.4113,1558.8146,0.59217,0,11,1,0.209356,0.0,0.44,missing_detection
4939,82.31666666666666,8,roi_001,897.5573,1554.7161,892.7734,1546.4249,902.3412,1563.0073,0.405991,1,5,0,0.00991,0.089494,0.726265,ambiguous_assignment
4940,82.33333333333333,2,roi_001,900.3804,1554.4166,890.3158,1544.6561,910.445,1564.1771,0.76774,1,76,0,0.031833,0.057783,0.805544,ambiguous_assignment
4940,82.33333333333333,5,roi_001,898.4279,1554.6528,889.6309,1550.6802,907.2248,1558.6254,0.168064,0,30,2,0.009546,0.0,0.53,missing_detection
4940,82.33333333333333,7,roi_001,923.9904,1549.0587,917.1144,1542.0476,930.8664,1556.0698,0.59217,0,12,2,0.209356,0.0,0.53,missing_detection
4940,82.33333333333333,8,roi_001,897.5055,1554.7867,892.6873,1546.3695,902.3236,1563.2039,0.399767,1,6,0,0.012751,0.084701,0.738248,ambiguous_assignment
4941,82.35,2,roi_001,901.0403,1554.2674,890.7163,1544.3894,911.3642,1564.1454,0.773866,1,77,0,0.017924,0.074634,0.763415,ambiguous_assignment
4941,82.35,5,roi_001,898.6203,1554.6771,889.716,1550.7574,907.5246,1558.5968,0.155307,1,31,0,0.009131,0.083427,0.741432,ambiguous_assignment
4941,82.35,7,roi_001,935.4454,1546.314,928.5694,1539.3029,942.3214,1553.3251,0.59217,0,13,3,0.209356,0.0,0.62,missing_detection
4941,82.35,8,roi_001,897.5565,1554.7839,892.7141,1546.4521,902.399,1563.1157,0.39373,1,7,0,0.006971,0.087577,0.731059,ambiguous_assignment
4942,82.36666666666666,2,roi_001,900.5442,1554.7372,889.2009,1546.6146,911.8876,1562.8597,0.783665,1,78,0,0.039508,0.050672,0.82332,ambiguous_assignment
4942,82.36666666666666,5,roi_001,898.8127,1554.7015,889.9084,1550.7818,907.717,1558.6212,0.155307,0,32,1,0.009131,0.0,0.44,missing_detection
4942,82.36666666666666,7,roi_001,946.9005,1543.5692,940.0245,1536.5581,953.7765,1550.5803,0.59217,0,14,4,0.209356,0.0,0.71,missing_detection
4942,82.36666666666666,8,roi_001,897.5944,1554.769,892.7632,1546.3423,902.4255,1563.1958,0.399379,1,8,0,0.003202,0.100754,0.698115,ambiguous_assignment
4943,82.38333333333334,2,roi_001,900.9742,1554.5785,890.374,1544.7563,911.5744,1564.4006,0.722148,1,79,0,0.035784,0.027683,0.880793,ambiguous_assignment
4943,82.38333333333334,5,roi_001,898.3354,1554.849,889.8308,1550.9467,906.84,1558.7513,0.249305,1,33,0,0.0182,0.052212,0.81947,ambiguous_assignment
4943,82.38333333333334,7,roi_001,900.887,1555.1111,893.7361,1547.9578,908.038,1562.2645,0.642692,1,15,0,0.325074,-0.261607,0.986962,ambiguous_assignment|large_motion_jump
4943,82.38333333333334,8,roi_001,897.5456,1554.7916,892.8517,1546.0909,902.2396,1563.4922,0.541266,1,9,0,0.008457,0.08497,0.737574,ambiguous_assignment
4943,82.38333333333334,9,roi_001,896.7901,1554.7266,894.8817,1550.8987,898.6985,1558.5544,0.162646,1,1,0,0.0,1.0,0.7,interior_track_birth
4944,82.4,2,roi_001,900.9337,1554.7004,890.5951,1545.1489,911.2723,1564.2518,0.745082,1,80,0,0.01345,0.056052,0.809869,ambiguous_assignment
4944,82.4,5,roi_001,898.3976,1554.9278,889.7401,1551.033,907.0551,1558.8226,0.344771,1,34,0,0.017838,0.067319,0.781702,ambiguous_assignment
4944,82.4,7,roi_001,901.2412,1554.8672,894.2247,1547.976,908.2576,1561.7584,0.625761,1,16,0,0.62793,-0.558428,0.95,ambiguous_assignment|large_motion_jump
4944,82.4,8,roi_001,897.5556,1554.8862,892.8269,1546.2382,902.2843,1563.5342,0.567755,1,10,0,0.003995,0.081163,0.747094,ambiguous_assignment
4944,82.4,9,roi_001,896.8248,1554.7464,894.8479,1550.9242,898.8018,1558.5686,0.204748,1,2,0,0.004387,0.095653,0.710867,ambiguous_assignment
4945,82.41666666666667,2,roi_001,900.274,1554.1268,889.949,1544.4451,910.599,1563.8086,0.718822,1,81,0,0.023084,0.047028,0.832431,ambiguous_assignment
4945,82.41666666666667,5,roi_001,898.4585,1554.8824,889.805,1550.8303,907.1121,1558.9344,0.272814,1,35,0,0.006316,0.086369,0.734079,ambiguous_assignment
4945,82.41666666666667,7,roi_001,901.2113,1555.011,894.3362,1548.0287,908.0864,1561.9934,0.55161,1,17,0,0.027448,0.042663,0.843342,ambiguous_assignment
4945,82.41666666666667,8,roi_001,897.6668,1554.9187,892.8449,1546.1134,902.4888,1563.724,0.493257,1,11,0,0.006612,0.086072,0.734819,ambiguous_assignment
4945,82.41666666666667,9,roi_001,896.8596,1554.7662,894.8827,1550.944,898.8365,1558.5884,0.204748,0,3,1,0.004387,0.0,0.44,missing_detection
4946,82.43333333333334,2,roi_001,900.1847,1553.7316,889.6739,1544.1997,910.6955,1563.2635,0.725459,1,82,0,0.013677,0.061833,0.795418,ambiguous_assignment
4946,82.43333333333334,5,roi_001,898.4431,1554.9719,889.6517,1550.9055,907.2344,1559.0382,0.3156,1,36,0,0.008378,0.08153,0.746174,ambiguous_assignment
4946,82.43333333333334,7,roi_001,901.3357,1554.9891,894.3378,1548.1312,908.3337,1561.8469,0.580894,1,18,0,0.01369,0.06182,0.795451,ambiguous_assignment
4946,82.43333333333334,8,roi_001,897.6583,1555.0007,892.8016,1546.506,902.515,1563.4954,0.501938,1,12,0,0.007752,0.082156,0.744611,ambiguous_assignment
4946,82.43333333333334,9,roi_001,896.8022,1554.8856,894.9107,1551.0206,898.6937,1558.7505,0.173587,1,4,0,0.011308,0.088008,0.72998,ambiguous_assignment
4947,82.45,2,roi_001,900.4513,1554.0809,889.4167,1543.978,911.486,1564.1838,0.6893,1,83,0,0.021424,0.05745,0.806376,ambiguous_assignment
4947,82.45,5,roi_001,898.6837,1554.9653,890.0198,1551.0107,907.3476,1558.9198,0.177706,1,37,0,0.014368,0.081336,0.746659,ambiguous_assignment
4947,82.45,7,roi_001,901.0083,1555.4291,893.7255,1548.0896,908.2911,1562.7686,0.610493,1,19,0,0.023433,0.055441,0.811397,ambiguous_assignment
4947,82.45,8,roi_001,897.6498,1555.0826,892.7931,1546.588,902.5065,1563.5773,0.501938,0,13,1,0.007752,0.0,0.44,missing_detection
4947,82.45,9,roi_001,896.7448,1555.0049,894.8533,1551.14,898.6363,1558.8698,0.173587,0,5,1,0.011308,0.0,0.44,missing_detection
4948,82.46666666666667,2,roi_001,900.9458,1554.9739,890.4045,1545.4504,911.4871,1564.4974,0.689132,1,84,0,0.017097,0.045474,0.836315,ambiguous_assignment
4948,82.46666666666667,5,roi_001,898.4991,1554.978,889.9041,1550.9772,907.0941,1558.9789,0.244365,1,38,0,0.013331,0.075353,0.761617,ambiguous_assignment
4948,82.46666666666667,7,roi_001,901.2953,1555.1871,894.3447,1548.2656,908.2458,1562.1085,0.548073,1,20,0,0.03109,0.031481,0.871297,ambiguous_assignment
4948,82.46666666666667,8,roi_001,897.6686,1554.9828,892.8276,1546.2748,902.5097,1563.6909,0.458162,1,14,0,0.007232,0.086552,0.733619,ambiguous_assignment
4948,82.46666666666667,9,roi_001,896.822,1554.89,894.9875,1551.0068,898.6565,1558.7732,0.165772,1,6,0,0.021786,0.075234,0.761915,ambiguous_assignment
4949,82.48333333333333,2,roi_001,900.9637,1555.0334,890.3947,1545.4723,911.5327,1564.5945,0.704372,1,85,0,0.023103,0.042142,0.844645,ambiguous_assignment
4949,82.48333333333333,5,roi_001,898.5261,1555.0103,889.8408,1550.9802,907.2114,1559.0404,0.268776,1,39,0,0.007207,0.079518,0.751206,ambiguous_assignment
4949,82.48333333333333,7,roi_001,901.3028,1555.2133,894.3018,1548.2139,908.3038,1562.2126,0.566136,1,21,0,0.01458,0.050665,0.823338,ambiguous_assignment
4949,82.48333333333333,8,roi_001,897.6757,1555.0143,892.7991,1546.2661,902.5523,1563.7625,0.470303,1,15,0,0.005343,0.081381,0.746546,ambiguous_assignment
4949,82.48333333333333,9,roi_001,896.8233,1554.8979,894.9886,1550.9983,898.6581,1558.7976,0.174253,1,7,0,0.011892,0.086933,0.732667,ambiguous_assignment
4950,82.5,2,roi_001,900.9124,1555.2238,890.9214,1546.2062,910.9035,1564.2413,0.709106,1,86,0,0.013003,0.047168,0.832081,ambiguous_assignment
4950,82.5,5,roi_001,898.629,1555.0746,890.0234,1550.7654,907.2346,1559.3838,0.295189,1,40,0,0.012369,0.074083,0.764792,ambiguous_assignment
4950,82.5,7,roi_001,901.3103,1555.2394,894.3093,1548.2401,908.3114,1562.2388,0.566136,0,22,1,0.01458,0.0,0.44,missing_detection
4950,82.5,8,roi_001,897.7362,1555.0897,892.7903,1546.4432,902.6821,1563.7361,0.442733,1,16,0,0.004322,0.082131,0.744674,ambiguous_assignment
4950,82.5,9,roi_001,896.803,1554.9589,894.9811,1550.9836,898.6249,1558.9341,0.172183,1,8,0,0.005589,0.099084,0.70229,ambiguous_assignment
4951,82.51666666666667,2,roi_001,900.8434,1555.1738,890.7962,1546.0433,910.8907,1564.3043,0.725482,1,87,0,0.006416,0.054578,0.813556,ambiguous_assignment
4951,82.51666666666667,5,roi_001,898.5693,1555.1163,889.8678,1550.8909,907.2709,1559.3417,0.343604,1,41,0,0.008893,0.069978,0.775054,ambiguous_assignment
4951,82.51666666666667,7,roi_001,901.3179,1555.2656,894.3168,1548.2662,908.3189,1562.265,0.566136,0,23,2,0.01458,0.0,0.53,missing_detection
4951,82.51666666666667,8,roi_001,897.649,1555.0961,892.7007,1546.3292,902.5974,1563.863,0.476216,1,17,0,0.006566,0.081257,0.746857,ambiguous_assignment
4951,82.51666666666667,9,roi_001,896.77,1554.9247,895.0005,1551.0304,898.5396,1558.8191,0.186714,1,9,0,0.009297,0.093796,0.71551,ambiguous_assignment
4952,82.53333333333333,2,roi_001,900.9904,1555.0464,890.6343,1545.6853,911.3466,1564.4075,0.724248,1,88,0,0.00898,0.056771,0.808073,ambiguous_assignment
4952,82.53333333333333,5,roi_001,898.5936,1555.106,889.925,1550.9498,907.2621,1559.2621,0.328968,1,42,0,0.005691,0.069003,0.777492,ambiguous_assignment
4952,82.53333333333333,7,roi_001,901.3254,1555.2918,894.3244,1548.2924,908.3264,1562.2912,0.566136,0,24,3,0.01458,0.0,0.62,missing_detection
4952,82.53333333333333,8,roi_001,897.6525,1555.1062,892.7675,1546.3539,902.5375,1563.8585,0.49466,1,18,0,0.00334,0.083281,0.741797,ambiguous_assignment
4952,82.53333333333333,9,roi_001,896.7925,1554.9166,894.9911,1550.9735,898.5939,1558.8596,0.200652,1,10,0,0.008765,0.09632,0.709199,ambiguous_assignment
4953,82.55,2,roi_001,900.9152,1555.0757,890.7391,1545.7699,911.0913,1564.3816,0.731097,1,89,0,0.007246,0.056777,0.808057,ambiguous_assignment
4953,82.55,5,roi_001,898.5671,1555.088,890.0117,1550.9408,907.1224,1559.2351,0.336651,1,43,0,0.003355,0.074489,0.763778,ambiguous_assignment
4953,82.55,7,roi_001,901.3329,1555.318,894.3319,1548.3186,908.334,1562.3174,0.566136,0,25,4,0.01458,0.0,0.71,missing_detection
4953,82.55,8,roi_001,897.6759,1555.1086,892.7422,1546.4104,902.6096,1563.8069,0.490121,1,19,0,0.0021,0.083979,0.740052,ambiguous_assignment
4953,82.55,9,roi_001,896.787,1554.9111,894.9883,1550.9701,898.5856,1558.8521,0.193815,1,11,0,0.003075,0.100999,0.697502,ambiguous_assignment
4954,82.56666666666666,2,roi_001,901.0744,1555.1107,890.7455,1545.7548,911.4032,1564.4667,0.723738,1,90,0,0.005921,0.058923,0.802692,ambiguous_assignment
4954,82.56666666666666,5,roi_001,898.6928,1555.0636,890.0634,1550.9565,907.3223,1559.1707,0.329164,1,44,0,0.00505,0.068107,0.779733,ambiguous_assignment
4954,82.56666666666666,7,roi_001,901.3405,1555.3442,894.3394,1548.3448,908.3415,1562.3436,0.566136,0,26,5,0.01458,0.0,0.8,missing_detection
4954,82.56666666666666,8,roi_001,897.7268,1555.0939,892.7859,1546.3296,902.6677,1563.8582,0.480146,1,20,0,0.001934,0.079743,0.750642,ambiguous_assignment
4954,82.56666666666666,9,roi_001,896.8203,1554.9133,895.0037,1551.0759,898.6368,1558.7507,0.193195,1,12,0,0.006991,0.097932,0.70517,ambiguous_assignment
4955,82.58333333333333,2,roi_001,901.1043,1554.8604,891.3173,1545.3193,910.8914,1564.4014,0.758022,1,91,0,0.011857,0.049088,0.827279,ambiguous_assignment
4955,82.58333333333333,5,roi_001,898.9845,1555.0437,890.8135,1550.8757,907.1555,1559.2117,0.328721,1,45,0,0.009079,0.058562,0.803596,ambiguous_assignment
4955,82.58333333333333,8,roi_001,897.8834,1554.9872,892.8794,1546.2966,902.8873,1563.6777,0.479836,1,21,0,0.005966,0.070688,0.773279,ambiguous_assignment
4955,82.58333333333333,9,roi_001,896.8824,1554.9007,895.0316,1550.9109,898.7332,1558.8905,0.227049,1,13,0,0.008568,0.092683,0.718293,ambiguous_assignment
4956,82.6,2,roi_001,901.0797,1554.9039,891.4521,1545.5431,910.7073,1564.2648,0.749101,1,92,0,0.008203,0.094372,0.714071,ambiguous_assignment
4956,82.6,5,roi_001,899.0167,1555.0607,890.819,1550.8879,907.2144,1559.2334,0.301032,1,46,0,0.007222,0.078664,0.75334,ambiguous_assignment
4956,82.6,8,roi_001,897.8804,1555.0107,892.89,1546.3884,902.8708,1563.6329,0.458909,1,22,0,0.007654,0.078232,0.754419,ambiguous_assignment
4956,82.6,9,roi_001,896.8956,1554.8823,895.0468,1550.8926,898.7444,1558.8721,0.225811,1,14,0,0.004958,0.095753,0.710618,ambiguous_assignment
4957,82.61666666666666,2,roi_001,901.0854,1554.998,891.1641,1545.3477,911.0067,1564.6484,0.765207,1,93,0,0.00721,0.094335,0.714163,ambiguous_assignment
4957,82.61666666666666,5,roi_001,898.9204,1554.9553,890.796,1550.8058,907.0447,1559.1047,0.304151,1,47,0,0.006754,0.077995,0.755013,ambiguous_assignment
4957,82.61666666666666,8,roi_001,897.8096,1554.9793,892.8658,1546.2723,902.7534,1563.6863,0.487983,1,23,0,0.005314,0.079435,0.751412,ambiguous_assignment
4957,82.61666666666666,9,roi_001,896.8571,1554.8866,895.0585,1550.8617,898.6558,1558.9115,0.202259,1,15,0,0.006172,0.092173,0.719566,ambiguous_assignment
4958,82.63333333333334,2,roi_001,901.1246,1555.0759,891.4614,1545.7391,910.7878,1564.4126,0.76942,1,94,0,0.006327,0.098321,0.704197,ambiguous_assignment
4958,82.63333333333334,5,roi_001,898.93,1555.0667,890.8497,1550.9243,907.0104,1559.209,0.374734,1,48,0,0.009243,0.075719,0.760701,ambiguous_assignment
4958,82.63333333333334,8,roi_001,897.8657,1555.0152,892.8688,1546.3575,902.8627,1563.6729,0.496154,1,24,0,0.005248,0.079714,0.750714,ambiguous_assignment
4958,82.63333333333334,9,roi_001,896.8945,1554.9194,895.0638,1550.9526,898.7253,1558.8861,0.264725,1,16,0,0.008147,0.091082,0.722295,ambiguous_assignment
4959,82.65,2,roi_001,901.1895,1554.5226,890.5351,1544.6526,911.8439,1564.3926,0.76447,1,95,0,0.022138,0.044871,0.837823,ambiguous_assignment
4959,82.65,5,roi_001,899.2859,1554.9561,891.4028,1550.8568,907.1691,1559.0553,0.302356,1,49,0,0.01518,0.074535,0.763663,ambiguous_assignment
4959,82.65,8,roi_001,901.7501,1555.1985,895.2221,1548.0887,908.2781,1562.3082,0.670531,1,25,0,0.122548,-0.055539,0.95,ambiguous_assignment
4959,82.65,9,roi_001,896.9319,1554.9521,895.1012,1550.9854,898.7627,1558.9189,0.264725,0,17,1,0.008147,0.0,0.44,missing_detection
4960,82.66666666666667,2,roi_001,901.3254,1554.6918,890.729,1544.8221,911.9219,1564.5614,0.750777,1,96,0,0.018058,0.061501,0.796247,ambiguous_assignment
4960,82.66666666666667,5,roi_001,899.3442,1554.9499,891.473,1550.8947,907.2155,1559.0051,0.24122,1,50,0,0.01249,0.074385,0.764037,ambiguous_assignment
4960,82.66666666666667,8,roi_001,901.7312,1555.2996,895.165,1548.1804,908.2974,1562.4188,0.657258,1,26,0,0.099274,-0.019715,0.95,ambiguous_assignment
4960,82.66666666666667,9,roi_001,898.059,1554.9078,893.1379,1546.4644,902.98,1563.3513,0.399151,1,18,0,0.095964,-0.00303,0.95,ambiguous_assignment
4961,82.68333333333334,2,roi_001,901.3259,1554.6889,890.7161,1544.8115,911.9357,1564.5663,0.750619,1,97,0,0.006964,0.063183,0.792042,ambiguous_assignment
4961,82.68333333333334,5,roi_001,899.3432,1554.95,891.4722,1550.8962,907.2142,1559.0037,0.241466,1,51,0,0.003456,0.076098,0.759755,ambiguous_assignment
4961,82.68333333333334,8,roi_001,901.7298,1555.2988,895.1658,1548.1824,908.2937,1562.4153,0.656943,1,27,0,0.00965,0.060497,0.798758,ambiguous_assignment
4961,82.68333333333334,9,roi_001,898.0574,1554.9077,893.1378,1546.4628,902.977,1563.3525,0.399812,1,19,0,0.036761,0.042793,0.843017,ambiguous_assignment
4962,82.7,2,roi_001,901.6788,1554.895,891.5381,1545.4607,911.8194,1564.3292,0.759516,1,98,0,0.013859,0.049961,0.825098,ambiguous_assignment
4962,82.7,5,roi_001,899.4295,1554.9612,891.6335,1550.837,907.2254,1559.0854,0.235941,1,52,0,0.00555,0.079529,0.751179,ambiguous_assignment
4962,82.7,8,roi_001,901.759,1555.2768,895.2358,1548.1798,908.2822,1562.3738,0.665119,1,28,0,0.007055,0.056765,0.808086,ambiguous_assignment
4962,82.7,9,roi_001,898.0558,1554.9075,893.1362,1546.4626,902.9754,1563.3524,0.399812,0,20,1,0.036761,0.0,0.44,missing_detection
4963,82.71666666666667,2,roi_001,901.6877,1554.9694,891.2741,1545.1774,912.1013,1564.7615,0.7669,1,99,0,0.01203,0.051984,0.820041,ambiguous_assignment
4963,82.71666666666667,5,roi_001,899.3218,1554.9574,891.4481,1550.8611,907.1955,1559.0537,0.30836,1,53,0,0.007433,0.080547,0.748633,ambiguous_assignment
4963,82.71666666666667,8,roi_001,901.755,1555.2954,895.1761,1548.1218,908.3339,1562.469,0.684515,1,29,0,0.00682,0.057193,0.807018,ambiguous_assignment
4963,82.71666666666667,9,roi_001,897.9866,1555.1085,893.1185,1546.6385,902.8547,1563.5785,0.454593,1,21,0,0.009292,0.08052,0.748701,ambiguous_assignment
4963,82.71666666666667,10,roi_001,897.066,1555.0065,895.1766,1550.8025,898.9554,1559.2106,0.276098,1,1,0,0.0,1.0,0.7,interior_track_birth
4964,82.73333333333333,2,roi_001,901.2828,1554.6979,890.8151,1544.5809,911.7505,1564.8149,0.768933,1,100,0,0.013627,0.052892,0.817769,ambiguous_assignment
4964,82.73333333333333,5,roi_001,899.3532,1554.9583,891.5186,1550.8496,907.1879,1559.0669,0.302083,1,54,0,0.005385,0.082899,0.742753,ambiguous_assignment
4964,82.73333333333333,8,roi_001,901.7646,1555.2781,895.2128,1548.0962,908.3163,1562.4601,0.686893,1,30,0,0.004315,0.062204,0.794491,ambiguous_assignment
4964,82.73333333333333,9,roi_001,898.0324,1555.0731,893.1296,1546.6578,902.9351,1563.4883,0.448558,1,22,0,0.010602,0.077682,0.755795,ambiguous_assignment
4964,82.73333333333333,10,roi_001,897.066,1555.0065,895.1766,1550.8025,898.9554,1559.2106,0.276098,0,2,1,0.0,0.0,0.44,missing_detection
4965,82.75,2,roi_001,901.2943,1554.7621,890.8098,1544.6559,911.7789,1564.8683,0.765074,1,101,0,0.013181,0.060272,0.799319,ambiguous_assignment
4965,82.75,5,roi_001,899.3491,1554.9661,891.4745,1550.8845,907.2236,1559.0477,0.283178,1,55,0,0.002536,0.086841,0.732898,ambiguous_assignment
4965,82.75,8,roi_001,901.7555,1555.3259,895.1483,1548.1152,908.3626,1562.5365,0.687144,1,31,0,0.004294,0.06916,0.777101,ambiguous_assignment
4965,82.75,9,roi_001,898.0167,1555.0943,893.1454,1546.6608,902.8879,1563.5278,0.440406,1,23,0,0.004547,0.085553,0.736117,ambiguous_assignment
4965,82.75,10,roi_001,897.0591,1555.0124,895.1818,1550.821,898.9363,1559.2037,0.268687,1,3,0,0.00101,0.105527,0.686181,ambiguous_assignment
4966,82.76666666666667,2,roi_001,901.2763,1554.9119,891.1572,1544.7594,911.3955,1565.0645,0.760937,1,102,0,0.005678,0.065161,0.787098,ambiguous_assignment
4966,82.76666666666667,5,roi_001,899.2129,1555.0272,891.2479,1550.8495,907.1778,1559.205,0.341113,1,56,0,0.006858,0.083196,0.742011,ambiguous_assignment
4966,82.76666666666667,8,roi_001,901.7284,1555.3838,895.0553,1548.0303,908.4015,1562.7373,0.684575,1,32,0,0.004677,0.066162,0.784595,ambiguous_assignment
4966,82.76666666666667,9,roi_001,897.8661,1555.1277,893.0314,1546.4752,902.7007,1563.7802,0.474036,1,24,0,0.009359,0.081404,0.746489,ambiguous_assignment
4966,82.76666666666667,10,roi_001,897.0038,1555.0281,895.1683,1550.8279,898.8392,1559.2284,0.290959,1,4,0,0.004833,0.101825,0.695438,ambiguous_assignment
4967,82.78333333333333,2,roi_001,901.7143,1555.2323,891.1793,1545.1178,912.2492,1565.3468,0.756045,1,103,0,0.011398,0.055968,0.810079,ambiguous_assignment
4967,82.78333333333333,5,roi_001,899.3947,1555.0929,891.447,1550.9441,907.3425,1559.2417,0.343334,1,57,0,0.008989,0.078742,0.753146,ambiguous_assignment
4967,82.78333333333333,8,roi_001,901.7512,1555.4328,895.2572,1548.2581,908.2452,1562.6075,0.672788,1,33,0,0.006619,0.060747,0.798133,ambiguous_assignment
4967,82.78333333333333,9,roi_001,897.9341,1555.2824,893.1616,1546.795,902.7067,1563.7698,0.449106,1,25,0,0.010894,0.08022,0.74945,ambiguous_assignment
4967,82.78333333333333,10,roi_001,897.0732,1555.0538,895.2044,1550.7828,898.942,1559.3247,0.318493,1,5,0,0.010772,0.092069,0.719827,ambiguous_assignment
4968,82.8,2,roi_001,901.6335,1555.1666,891.3563,1545.213,911.9108,1565.1201,0.771037,1,104,0,0.015562,0.053029,0.817427,ambiguous_assignment
4968,82.8,5,roi_001,899.4023,1555.0971,891.4803,1550.8566,907.3243,1559.3376,0.348031,1,58,0,0.006888,0.079365,0.751587,ambiguous_assignment
4968,82.8,8,roi_001,901.7417,1555.403,895.2766,1548.1782,908.2068,1562.6278,0.679653,1,34,0,0.003153,0.065438,0.786405,ambiguous_assignment
4968,82.8,9,roi_001,897.9294,1555.2766,893.1633,1546.7512,902.6956,1563.802,0.460154,1,26,0,0.006495,0.086184,0.73454,ambiguous_assignment
4968,82.8,10,roi_001,897.073,1555.0526,895.1978,1550.7072,898.9481,1559.3979,0.313997,1,6,0,0.006978,0.09893,0.702676,ambiguous_assignment
4969,82.81666666666666,2,roi_001,901.6822,1555.2245,890.8829,1544.7894,912.4814,1565.6597,0.745554,1,105,0,0.01169,0.040902,0.847745,ambiguous_assignment
4969,82.81666666666666,5,roi_001,899.3276,1555.1083,891.3593,1550.833,907.296,1559.3835,0.28522,1,59,0,0.003556,0.084956,0.73761,ambiguous_assignment
4969,82.81666666666666,8,roi_001,901.4781,1555.2792,895.2974,1546.1897,907.6588,1564.3687,0.679502,1,35,0,0.02883,0.023762,0.890595,ambiguous_assignment
4969,82.81666666666666,9,roi_001,897.8944,1555.2665,893.0367,1546.632,902.7521,1563.901,0.388159,1,27,0,0.004554,0.088242,0.729396,ambiguous_assignment
4969,82.81666666666666,10,roi_001,897.0955,1555.0889,895.2,1550.7578,898.9909,1559.4199,0.278459,1,7,0,0.003681,0.100657,0.698358,ambiguous_assignment
4970,82.83333333333333,2,roi_001,901.6803,1555.1975,891.2928,1545.2029,912.0677,1565.1921,0.756891,1,106,0,0.009087,0.052203,0.819493,ambiguous_assignment
4970,82.83333333333333,5,roi_001,899.4192,1555.0934,891.4648,1550.934,907.3737,1559.2528,0.343341,1,60,0,0.006783,0.080761,0.748097,ambiguous_assignment
4970,82.83333333333333,8,roi_001,901.7965,1555.435,895.3044,1548.2759,908.2886,1562.5941,0.677239,1,36,0,0.034538,0.026752,0.883121,ambiguous_assignment
4970,82.83333333333333,9,roi_001,897.943,1555.2147,893.0891,1546.72,902.7969,1563.7094,0.431389,1,28,0,0.004823,0.08632,0.7342,ambiguous_assignment
4970,82.83333333333333,10,roi_001,897.0907,1555.0653,895.2048,1550.8322,898.9767,1559.2985,0.302163,1,8,0,0.004807,0.100558,0.698606,ambiguous_assignment
4971,82.85,2,roi_001,901.6953,1555.3129,891.9146,1545.3905,911.476,1565.2354,0.784408,1,107,0,0.008845,0.057167,0.807082,ambiguous_assignment
4971,82.85,5,roi_001,899.5571,1555.1516,891.4595,1550.8782,907.6548,1559.4249,0.293499,1,61,0,0.006064,0.084918,0.737705,ambiguous_assignment
4971,82.85,8,roi_001,901.8326,1555.4445,895.386,1547.9935,908.2791,1562.8955,0.684562,1,37,0,0.01186,0.054152,0.814619,ambiguous_assignment
4971,82.85,9,roi_001,898.0385,1555.1182,893.1187,1546.2731,902.9584,1563.9634,0.420989,1,29,0,0.006786,0.087135,0.732162,ambiguous_assignment
4971,82.85,10,roi_001,897.1121,1555.1176,895.2372,1550.8864,898.987,1559.3489,0.239395,1,9,0,0.005025,0.101629,0.695929,ambiguous_assignment
4972,82.86666666666666,2,roi_001,901.5459,1555.0753,891.7754,1545.3885,911.3164,1564.762,0.757641,1,108,0,0.0095,0.05308,0.817299,ambiguous_assignment
4972,82.86666666666666,5,roi_001,899.3072,1555.0356,891.2844,1550.8779,907.3299,1559.1934,0.309901,1,62,0,0.013563,0.070114,0.774714,ambiguous_assignment
4972,82.86666666666666,8,roi_001,901.8224,1555.3173,895.3613,1548.0498,908.2836,1562.5847,0.669306,1,38,0,0.005174,0.057406,0.806484,ambiguous_assignment
4972,82.86666666666666,9,roi_001,897.9648,1554.9888,893.0814,1546.3275,902.8483,1563.6501,0.428057,1,30,0,0.007692,0.083798,0.740505,ambiguous_assignment
4972,82.86666666666666,10,roi_001,897.0763,1555.0739,895.2146,1550.9607,898.938,1559.187,0.248655,1,10,0,0.007655,0.101927,0.695181,ambiguous_assignment
4973,82.88333333333334,2,roi_001,901.5463,1555.0755,891.7745,1545.3877,911.3181,1564.7633,0.757577,1,109,0,0.007041,0.054863,0.812843,ambiguous_assignment
4973,82.88333333333334,5,roi_001,899.307,1555.0356,891.2837,1550.8781,907.3303,1559.1931,0.310038,1,63,0,0.008979,0.081279,0.746802,ambiguous_assignment
4973,82.88333333333334,8,roi_001,901.8225,1555.317,895.3616,1548.0498,908.2834,1562.5842,0.669192,1,39,0,0.003562,0.058342,0.804146,ambiguous_assignment
4973,82.88333333333334,9,roi_001,897.9648,1554.989,893.0813,1546.3274,902.8483,1563.6506,0.428083,1,31,0,0.004851,0.085407,0.736483,ambiguous_assignment
4973,82.88333333333334,10,roi_001,897.0763,1555.0739,895.2147,1550.9611,898.9378,1559.1866,0.248743,1,11,0,0.004024,0.103769,0.690577,ambiguous_assignment
4974,82.9,2,roi_001,901.6087,1555.0989,891.9297,1545.448,911.2878,1564.7498,0.757209,1,110,0,0.002096,0.059983,0.800043,ambiguous_assignment
4974,82.9,5,roi_001,899.3855,1555.0687,891.3778,1550.9208,907.3932,1559.2166,0.301573,1,64,0,0.002937,0.087865,0.730338,ambiguous_assignment
4974,82.9,8,roi_001,901.8681,1555.3417,895.4296,1548.1252,908.3067,1562.5581,0.676147,1,40,0,0.002179,0.059901,0.800249,ambiguous_assignment
4974,82.9,9,roi_001,897.9954,1554.9575,893.1321,1546.3628,902.8587,1563.5522,0.414878,1,32,0,0.002092,0.090402,0.723996,ambiguous_assignment
4974,82.9,10,roi_001,897.1237,1555.0904,895.2391,1550.9775,899.0083,1559.2032,0.261673,1,12,0,0.005544,0.098395,0.704013,ambiguous_assignment
4975,82.91666666666667,2,roi_001,902.0847,1555.0085,891.468,1544.9427,912.7014,1565.0743,0.751758,1,111,0,0.017484,0.04159,0.846024,ambiguous_assignment
4975,82.91666666666667,5,roi_001,899.506,1555.0533,891.4615,1551.0706,907.5504,1559.0361,0.302578,1,65,0,0.006268,0.082192,0.744521,ambiguous_assignment
4975,82.91666666666667,8,roi_001,901.6161,1555.6544,894.7758,1548.2484,908.4565,1563.0604,0.706601,1,41,0,0.014545,0.044529,0.838677,ambiguous_assignment
4975,82.91666666666667,9,roi_001,898.026,1554.926,893.1627,1546.3313,902.8893,1563.5208,0.414878,0,33,1,0.002092,0.0,0.44,missing_detection
4975,82.91666666666667,10,roi_001,897.1712,1555.1069,895.2866,1550.9941,899.0558,1559.2198,0.261673,0,13,1,0.005544,0.0,0.44,missing_detection
4976,82.93333333333334,2,roi_001,902.0634,1555.0814,891.34,1544.9106,912.7868,1565.2521,0.75241,1,112,0,0.011879,0.06118,0.79705,ambiguous_assignment
4976,82.93333333333334,5,roi_001,899.5855,1555.0712,891.5501,1551.1525,907.6208,1558.9899,0.28982,1,66,0,0.003592,0.08529,0.736775,ambiguous_assignment
4976,82.93333333333334,8,roi_001,901.6128,1555.6749,894.7101,1548.2408,908.5155,1563.109,0.709419,1,42,0,0.011747,0.061312,0.796721,ambiguous_assignment
4976,82.93333333333334,9,roi_001,898.0137,1554.8945,893.1091,1546.0543,902.9183,1563.7347,0.407709,1,34,0,0.004181,0.086645,0.733388,ambiguous_assignment
4976,82.93333333333334,10,roi_001,897.2186,1555.1235,895.334,1551.0106,899.1032,1559.2363,0.261673,0,14,2,0.005544,0.0,0.53,missing_detection
4977,82.95,2,roi_001,901.9288,1555.0944,891.7712,1545.3926,912.0864,1564.7961,0.755079,1,113,0,0.011093,0.0535,0.816251,ambiguous_assignment
4977,82.95,5,roi_001,899.5626,1555.0648,891.6324,1551.0012,907.4928,1559.1284,0.255959,1,67,0,0.006477,0.085135,0.737163,ambiguous_assignment
4977,82.95,8,roi_001,901.9655,1555.3372,895.427,1548.0792,908.5039,1562.5952,0.671581,1,43,0,0.01553,0.049062,0.827344,ambiguous_assignment
4977,82.95,9,roi_001,898.0656,1554.8361,893.077,1546.1602,903.0543,1563.5121,0.373336,1,35,0,0.005234,0.088037,0.729908,ambiguous_assignment
4977,82.95,10,roi_001,897.2661,1555.14,895.3815,1551.0272,899.1507,1559.2529,0.261673,0,15,3,0.005544,0.0,0.62,missing_detection
4978,82.96666666666667,2,roi_001,902.0094,1555.1414,891.6894,1545.2327,912.3294,1565.0502,0.737834,1,114,0,0.006497,0.061466,0.796334,ambiguous_assignment
4978,82.96666666666667,5,roi_001,899.4874,1555.0779,891.5237,1551.0784,907.4512,1559.0775,0.294691,1,68,0,0.003172,0.089823,0.725442,ambiguous_assignment
4978,82.96666666666667,8,roi_001,901.9659,1555.4338,895.5023,1548.2446,908.4296,1562.623,0.673416,1,44,0,0.01694,0.051023,0.822443,ambiguous_assignment
4978,82.96666666666667,9,roi_001,898.1176,1554.7777,893.1289,1546.1017,903.1063,1563.4537,0.373336,0,36,1,0.005234,0.0,0.44,missing_detection
4978,82.96666666666667,10,roi_001,897.3135,1555.1566,895.429,1551.0437,899.1981,1559.2694,0.261673,0,16,4,0.005544,0.0,0.71,missing_detection
4979,82.98333333333333,2,roi_001,901.6681,1555.587,891.9362,1546.2865,911.4001,1564.8875,0.757943,1,115,0,0.018527,0.041361,0.846599,ambiguous_assignment
4979,82.98333333333333,5,roi_001,899.4121,1555.2888,891.5072,1551.0287,907.317,1559.5488,0.336068,1,69,0,0.012093,0.07573,0.760675,ambiguous_assignment
4979,82.98333333333333,8,roi_001,901.9664,1555.5305,895.5027,1548.3412,908.4301,1562.7197,0.673416,0,45,1,0.01694,0.0,0.44,missing_detection
4979,82.98333333333333,9,roi_001,897.9975,1554.9897,892.8838,1546.0762,903.1111,1563.9033,0.39975,1,37,0,0.010343,0.07748,0.756301,ambiguous_assignment
4979,82.98333333333333,10,roi_001,897.361,1555.1731,895.4764,1551.0602,899.2456,1559.2859,0.261673,0,17,5,0.005544,0.0,0.8,missing_detection
4980,83.0,2,roi_001,901.7051,1555.574,891.9827,1546.2765,911.4276,1564.8715,0.757342,1,116,0,0.015282,0.043179,0.842053,ambiguous_assignment
4980,83.0,5,roi_001,899.3982,1555.2828,891.4118,1551.0709,907.3846,1559.4948,0.368303,1,70,0,0.010415,0.080319,0.749202,ambiguous_assignment
4980,83.0,8,roi_001,901.9669,1555.6271,895.5032,1548.4379,908.4306,1562.8163,0.673416,0,46,2,0.01694,0.0,0.53,missing_detection
4980,83.0,9,roi_001,898.0436,1554.9857,892.9097,1546.0769,903.1776,1563.8945,0.420124,1,38,0,0.009564,0.08117,0.747074,ambiguous_assignment
4981,83.01666666666667,2,roi_001,901.6227,1555.6197,891.9387,1546.3265,911.3066,1564.9128,0.759378,1,117,0,0.003594,0.05466,0.813351,ambiguous_assignment
4981,83.01666666666667,5,roi_001,899.3456,1555.288,891.3975,1551.01,907.2936,1559.566,0.368212,1,71,0,0.003764,0.085191,0.737022,ambiguous_assignment
4981,83.01666666666667,8,roi_001,901.9674,1555.7237,895.5037,1548.5345,908.4311,1562.9129,0.673416,0,47,3,0.01694,0.0,0.62,missing_detection
4981,83.01666666666667,9,roi_001,897.9766,1555.0376,892.861,1546.0419,903.0921,1564.0333,0.420954,1,39,0,0.005208,0.085484,0.736289,ambiguous_assignment
4982,83.03333333333333,2,roi_001,901.6684,1555.5791,891.9492,1546.2825,911.3875,1564.8757,0.759704,1,118,0,0.004091,0.054085,0.814788,ambiguous_assignment
4982,83.03333333333333,5,roi_001,899.3635,1555.257,891.3884,1551.0244,907.3387,1559.4896,0.362022,1,72,0,0.003629,0.082731,0.743172,ambiguous_assignment
4982,83.03333333333333,8,roi_001,901.9679,1555.8203,895.5042,1548.6311,908.4316,1563.0095,0.673416,0,48,4,0.01694,0.0,0.71,missing_detection
4982,83.03333333333333,9,roi_001,897.9947,1555.0247,892.8962,1546.0831,903.0933,1563.9662,0.423765,1,40,0,0.004052,0.085642,0.735896,ambiguous_assignment
4983,83.05,2,roi_001,901.7383,1555.6363,891.7148,1546.1691,911.7619,1565.1035,0.716367,1,119,0,0.006095,0.055067,0.812331,ambiguous_assignment
4983,83.05,5,roi_001,899.3506,1555.3427,891.2356,1551.0521,907.4655,1559.6332,0.311833,1,73,0,0.007108,0.079545,0.751138,ambiguous_assignment
4983,83.05,8,roi_001,897.2316,1554.8462,894.6701,1552.2012,899.7931,1557.4912,0.158706,1,49,0,0.147628,-0.086466,0.95,ambiguous_assignment
4983,83.05,9,roi_001,897.9862,1555.0016,892.9263,1546.2872,903.0461,1563.7159,0.36546,1,41,0,0.004398,0.084821,0.737948,ambiguous_assignment
4984,83.06666666666666,2,roi_001,901.6894,1555.0747,891.2407,1545.002,912.1382,1565.1475,0.679699,1,120,0,0.020727,0.043214,0.841966,ambiguous_assignment
4984,83.06666666666666,5,roi_001,899.0756,1555.2072,890.9393,1551.0452,907.2119,1559.3693,0.30604,1,74,0,0.018606,0.06735,0.781625,ambiguous_assignment
4984,83.06666666666666,8,roi_001,896.9364,1555.181,895.212,1551.4943,898.6608,1558.8678,0.20075,1,50,0,0.185156,-0.063315,0.95,ambiguous_assignment
4984,83.06666666666666,9,roi_001,897.751,1554.8245,892.9405,1545.8699,902.5615,1563.7791,0.431048,1,42,0,0.012858,0.07467,0.763324,ambiguous_assignment
4984,83.06666666666666,11,roi_001,901.3962,1555.5724,894.4833,1548.0078,908.3092,1563.137,0.660511,1,1,0,0.0,1.0,0.7,interior_track_birth
4985,83.08333333333333,2,roi_001,901.6887,1555.0769,891.2494,1545.0132,912.1281,1565.1406,0.679976,1,121,0,0.014537,0.052579,0.818553,ambiguous_assignment
4985,83.08333333333333,5,roi_001,899.0769,1555.208,890.9417,1551.043,907.212,1559.373,0.305932,1,75,0,0.014162,0.072988,0.767529,ambiguous_assignment
4985,83.08333333333333,8,roi_001,896.9368,1555.1809,895.2123,1551.4926,898.6612,1558.8693,0.200545,1,51,0,0.05075,0.058154,0.804616,ambiguous_assignment
4985,83.08333333333333,9,roi_001,897.7536,1554.8253,892.9398,1545.8739,902.5675,1563.7766,0.430067,1,43,0,0.011496,0.075655,0.760864,ambiguous_assignment
4985,83.08333333333333,11,roi_001,901.3971,1555.5733,894.4814,1548.0072,908.3127,1563.1394,0.660817,1,2,0,7.2e-05,0.067044,0.782391,ambiguous_assignment
4986,83.1,2,roi_001,901.7059,1555.3939,891.6732,1545.6599,911.7386,1565.1278,0.677672,1,122,0,0.012667,0.048516,0.828709,ambiguous_assignment
4986,83.1,5,roi_001,899.1444,1555.28,891.0068,1551.0752,907.282,1559.4849,0.315455,1,76,0,0.006139,0.081011,0.747473,ambiguous_assignment
4986,83.1,8,roi_001,896.9542,1555.2861,895.2283,1551.6327,898.68,1558.9395,0.218614,1,52,0,0.020267,0.082846,0.742885,ambiguous_assignment
4986,83.1,9,roi_001,897.8019,1554.8865,892.9198,1545.969,902.6841,1563.804,0.384447,1,44,0,0.004043,0.085223,0.736943,ambiguous_assignment
4986,83.1,11,roi_001,901.8651,1555.4233,895.4389,1548.0874,908.2912,1562.7592,0.59453,1,3,0,0.016063,0.045121,0.837198,ambiguous_assignment
4987,83.11666666666666,2,roi_001,901.2635,1555.6991,891.5226,1545.9,911.0043,1565.4982,0.713137,1,123,0,0.011765,0.061675,0.795813,ambiguous_assignment
4987,83.11666666666666,5,roi_001,898.9971,1555.2176,890.8475,1550.7592,907.1467,1559.676,0.36388,1,77,0,0.014215,0.074733,0.763166,ambiguous_assignment
4987,83.11666666666666,8,roi_001,896.8542,1555.2227,895.1932,1551.4249,898.5152,1559.0205,0.208428,1,53,0,0.026182,0.077072,0.75732,ambiguous_assignment
4987,83.11666666666666,9,roi_001,897.6533,1555.0306,892.8573,1545.9227,902.4493,1564.1385,0.450278,1,45,0,0.009524,0.079425,0.751438,ambiguous_assignment
4987,83.11666666666666,11,roi_001,902.333,1555.2733,895.9069,1547.9374,908.7592,1562.6091,0.59453,0,4,1,0.016063,0.0,0.44,missing_detection
4988,83.13333333333334,2,roi_001,901.2664,1555.5378,891.3725,1545.5996,911.1603,1565.4761,0.708631,1,124,0,0.016782,0.054853,0.812868,ambiguous_assignment
4988,83.13333333333334,5,roi_001,898.8928,1555.2233,890.5925,1550.7703,907.1931,1559.6764,0.367911,1,78,0,0.006351,0.082708,0.743231,ambiguous_assignment
4988,83.13333333333334,8,roi_001,896.8433,1555.1788,895.1657,1551.42,898.5209,1558.9375,0.205412,1,54,0,0.013821,0.090385,0.724038,ambiguous_assignment
4988,83.13333333333334,9,roi_001,897.6066,1555.0516,892.7662,1545.9427,902.447,1564.1604,0.459001,1,46,0,0.006017,0.083042,0.742394,ambiguous_assignment
4988,83.13333333333334,11,roi_001,901.6642,1555.4484,895.2018,1547.9174,908.1265,1562.9794,0.59813,1,5,0,0.028805,0.042831,0.842924,ambiguous_assignment
4989,83.15,2,roi_001,901.3323,1555.7836,891.5277,1545.8328,911.1368,1565.7344,0.704446,1,125,0,0.010075,0.054412,0.813969,ambiguous_assignment
4989,83.15,5,roi_001,899.0203,1555.2536,890.7653,1550.7948,907.2752,1559.7124,0.368698,1,79,0,0.007268,0.072221,0.769447,ambiguous_assignment
4989,83.15,8,roi_001,896.8598,1555.2045,895.2081,1551.4438,898.5115,1558.9651,0.226267,1,55,0,0.008461,0.096099,0.709752,ambiguous_assignment
4989,83.15,9,roi_001,897.6335,1555.0494,892.827,1545.9285,902.4399,1564.1704,0.43164,1,47,0,0.003153,0.087192,0.732019,ambiguous_assignment
4989,83.15,11,roi_001,900.9953,1555.6235,894.533,1548.0925,907.4576,1563.1545,0.59813,0,6,1,0.028805,0.0,0.44,missing_detection
4990,83.16666666666667,2,roi_001,900.8111,1555.3459,891.4513,1545.1941,910.171,1565.4978,0.701392,1,126,0,0.022123,0.039687,0.850781,ambiguous_assignment
4990,83.16666666666667,5,roi_001,898.6707,1555.3873,890.2235,1550.8276,907.1179,1559.9469,0.366617,1,80,0,0.013891,0.054921,0.812698,ambiguous_assignment
4990,83.16666666666667,8,roi_001,896.7978,1555.4236,895.187,1551.5784,898.4087,1559.2689,0.181475,1,56,0,0.016331,0.084988,0.737529,ambiguous_assignment
4990,83.16666666666667,9,roi_001,897.3156,1555.1376,892.6757,1545.9075,901.9556,1564.3678,0.455725,1,48,0,0.013298,0.077481,0.756296,ambiguous_assignment
4990,83.16666666666667,11,roi_001,900.3264,1555.7986,893.8641,1548.2676,906.7887,1563.3296,0.59813,0,7,2,0.028805,0.0,0.53,missing_detection
4991,83.18333333333334,2,roi_001,901.0522,1556.1639,891.6761,1546.2683,910.4282,1566.0596,0.694756,1,127,0,0.03502,0.02728,0.8818,ambiguous_assignment
4991,83.18333333333334,5,roi_001,898.7762,1555.5092,890.4199,1550.9324,907.1324,1560.0859,0.369555,1,81,0,0.010907,0.049668,0.825831,ambiguous_assignment
4991,83.18333333333334,8,roi_001,896.8478,1555.3272,895.2186,1551.5304,898.4769,1559.124,0.214878,1,57,0,0.020911,0.084541,0.738647,ambiguous_assignment
4991,83.18333333333334,9,roi_001,897.4474,1555.2939,892.7261,1546.2114,902.1688,1564.3765,0.425226,1,49,0,0.016906,0.057299,0.806753,ambiguous_assignment
4991,83.18333333333334,11,roi_001,899.6575,1555.9737,893.1952,1548.4427,906.1198,1563.5047,0.59813,0,8,3,0.028805,0.0,0.62,missing_detection
4992,83.2,2,roi_001,901.0569,1556.0253,891.5239,1545.9039,910.59,1566.1466,0.698171,1,128,0,0.022131,0.045298,0.836754,ambiguous_assignment
4992,83.2,5,roi_001,898.767,1555.463,890.2957,1550.9705,907.2382,1559.9556,0.370919,1,82,0,0.00766,0.052163,0.819593,ambiguous_assignment
4992,83.2,8,roi_001,896.8477,1555.3088,895.21,1551.5546,898.4854,1559.063,0.215612,1,58,0,0.00818,0.095258,0.711855,ambiguous_assignment
4992,83.2,9,roi_001,897.3947,1555.211,892.7062,1546.0081,902.0831,1564.4139,0.441552,1,50,0,0.010476,0.055234,0.811915,ambiguous_assignment
4992,83.2,11,roi_001,901.3688,1555.7352,894.9105,1548.3357,907.8271,1563.1348,0.567876,1,9,0,0.046934,0.012889,0.917778,ambiguous_assignment
4993,83.21666666666667,2,roi_001,901.2031,1556.1328,891.5625,1545.8419,910.8438,1566.4236,0.678195,1,129,0,0.007111,0.065603,0.785993,ambiguous_assignment
4993,83.21666666666667,5,roi_001,898.8636,1555.4607,890.4914,1551.0155,907.2359,1559.9059,0.350894,1,83,0,0.004228,0.089769,0.725576,ambiguous_assignment
4993,83.21666666666667,8,roi_001,896.8898,1555.2628,895.2469,1551.5142,898.5326,1559.0115,0.21904,1,59,0,0.00536,0.100449,0.698879,ambiguous_assignment
4993,83.21666666666667,9,roi_001,897.4448,1555.2329,892.7705,1546.0505,902.1191,1564.4153,0.402806,1,51,0,0.005585,0.089592,0.72602,ambiguous_assignment
4993,83.21666666666667,11,roi_001,901.4563,1555.7177,895.071,1548.3486,907.8416,1563.0868,0.548442,1,10,0,0.044249,0.028464,0.878839,ambiguous_assignment
4994,83.23333333333333,2,roi_001,901.1815,1555.9652,891.5531,1545.6617,910.8098,1566.2687,0.679104,1,130,0,0.007934,0.059435,0.801413,ambiguous_assignment
4994,83.23333333333333,5,roi_001,898.8257,1555.4631,890.4364,1551.0192,907.2151,1559.9071,0.360992,1,84,0,0.003603,0.087934,0.730165,ambiguous_assignment
4994,83.23333333333333,8,roi_001,896.8793,1555.266,895.2285,1551.501,898.5302,1559.031,0.219642,1,60,0,0.006168,0.099571,0.701072,ambiguous_assignment
4994,83.23333333333333,9,roi_001,897.4377,1555.226,892.76,1546.0236,902.1153,1564.4283,0.414141,1,52,0,0.002684,0.091255,0.721863,ambiguous_assignment
4994,83.23333333333333,11,roi_001,901.4333,1555.7009,895.0344,1548.3428,907.8322,1563.059,0.549589,1,11,0,0.004345,0.063023,0.792442,ambiguous_assignment
4995,83.25,2,roi_001,901.4353,1555.9803,891.453,1545.7961,911.4176,1566.1646,0.634756,1,131,0,0.009078,0.059925,0.800187,ambiguous_assignment
4995,83.25,5,roi_001,898.7745,1555.4162,890.4057,1551.1278,907.1434,1559.7046,0.299805,1,85,0,0.00505,0.084715,0.738212,ambiguous_assignment
4995,83.25,8,roi_001,896.9163,1555.258,895.2526,1551.5424,898.58,1558.9736,0.220479,1,61,0,0.005407,0.099784,0.700541,ambiguous_assignment
4995,83.25,9,roi_001,897.39,1555.1139,892.8194,1545.9065,901.9606,1564.3213,0.411144,1,53,0,0.005611,0.09012,0.7247,ambiguous_assignment
4995,83.25,11,roi_001,901.227,1555.6759,894.7487,1548.4362,907.7053,1562.9156,0.56133,1,12,0,0.00708,0.061923,0.795193,ambiguous_assignment
4996,83.26666666666667,2,roi_001,900.8857,1556.0298,891.4025,1545.713,910.3688,1566.3466,0.603977,1,132,0,0.020918,0.052249,0.819378,ambiguous_assignment
4996,83.26666666666667,5,roi_001,898.7177,1555.4946,890.3124,1550.9843,907.123,1560.005,0.270593,1,86,0,0.013598,0.078533,0.753667,ambiguous_assignment
4996,83.26666666666667,8,roi_001,896.8184,1555.3867,895.2532,1551.7008,898.3835,1559.0726,0.168667,1,62,0,0.015941,0.090834,0.722914,ambiguous_assignment
4996,83.26666666666667,9,roi_001,897.3418,1555.0728,892.6746,1545.8451,902.009,1564.3004,0.342398,1,54,0,0.004849,0.089368,0.72658,ambiguous_assignment
4996,83.26666666666667,11,roi_001,901.0208,1555.7891,894.4417,1548.4359,907.6,1563.1422,0.48627,1,13,0,0.008444,0.064723,0.788192,ambiguous_assignment
4997,83.28333333333333,2,roi_001,900.8833,1556.0314,891.4042,1545.7131,910.3623,1566.3497,0.604177,1,133,0,0.014021,0.05554,0.811151,ambiguous_assignment
4997,83.28333333333333,5,roi_001,898.7197,1555.4938,890.3079,1550.9886,907.1315,1559.999,0.270629,1,87,0,0.008874,0.078748,0.753129,ambiguous_assignment
4997,83.28333333333333,8,roi_001,896.8181,1555.3854,895.2533,1551.6998,898.3829,1559.0709,0.168543,1,63,0,0.012651,0.095682,0.710796,ambiguous_assignment
4997,83.28333333333333,9,roi_001,897.3385,1555.0741,892.6788,1545.8463,901.9981,1564.3019,0.343232,1,55,0,0.002758,0.093216,0.716961,ambiguous_assignment
4997,83.28333333333333,11,roi_001,901.0196,1555.7898,894.4391,1548.4344,907.6,1563.1451,0.486423,1,14,0,0.00934,0.060221,0.799448,ambiguous_assignment
4998,83.3,2,roi_001,900.9373,1556.1957,891.4773,1546.0396,910.3974,1566.3518,0.590165,1,134,0,0.006915,0.063418,0.791455,ambiguous_assignment
4998,83.3,5,roi_001,898.7376,1555.5233,890.3813,1551.0319,907.0938,1560.0148,0.254263,1,88,0,0.007602,0.082949,0.742628,ambiguous_assignment
4998,83.3,8,roi_001,896.8559,1555.4102,895.3015,1551.7473,898.4103,1559.073,0.160029,1,64,0,0.004673,0.105334,0.686664,ambiguous_assignment
4998,83.3,9,roi_001,897.4193,1555.1263,892.6611,1545.9919,902.1774,1564.2607,0.311456,1,56,0,0.004795,0.085755,0.735612,ambiguous_assignment
4998,83.3,11,roi_001,901.3464,1555.8087,895.0117,1548.5522,907.6812,1563.0651,0.417518,1,15,0,0.014561,0.055773,0.810568,ambiguous_assignment
4999,83.31666666666666,2,roi_001,901.089,1556.3857,891.7412,1546.6407,910.4367,1566.1307,0.521824,1,135,0,0.006847,0.061464,0.79634,ambiguous_assignment
4999,83.31666666666666,5,roi_001,898.7932,1555.7212,890.566,1551.0281,907.0205,1560.4143,0.276518,1,89,0,0.009737,0.081864,0.74534,ambiguous_assignment
4999,83.31666666666666,8,roi_001,897.0429,1554.9492,894.7405,1552.0618,899.3453,1557.8367,0.176982,1,65,0,0.055423,0.042373,0.844067,ambiguous_assignment
4999,83.31666666666666,9,roi_001,897.5799,1555.5374,892.7798,1546.4124,902.3801,1564.6624,0.238056,1,57,0,0.01218,0.07942,0.75145,ambiguous_assignment
4999,83.31666666666666,11,roi_001,901.3529,1556.0978,895.1819,1548.7495,907.5238,1563.446,0.293704,1,16,0,0.014441,0.05387,0.815325,ambiguous_assignment
5000,83.33333333333333,2,roi_001,901.1092,1556.4583,891.7772,1546.6617,910.4411,1566.2549,0.532273,1,136,0,0.004829,0.062058,0.794855,ambiguous_assignment
5000,83.33333333333333,5,roi_001,898.808,1555.6572,890.5427,1551.1062,907.0732,1560.2083,0.27869,1,90,0,0.010211,0.081108,0.747229,ambiguous_assignment
5000,83.33333333333333,8,roi_001,897.0794,1554.9838,894.733,1552.1135,899.4257,1557.854,0.183437,1,66,0,0.030899,0.07294,0.767649,ambiguous_assignment
5000,83.33333333333333,9,roi_001,897.5363,1555.5618,892.7529,1546.3787,902.3197,1564.7449,0.237634,1,58,0,0.014581,0.077514,0.756214,ambiguous_assignment
5000,83.33333333333333,11,roi_001,901.331,1556.0842,895.167,1548.8135,907.4949,1563.3549,0.28898,1,17,0,0.008777,0.05811,0.804724,ambiguous_assignment
5001,83.35,2,roi_001,901.2517,1556.3984,892.0242,1546.715,910.4792,1566.0818,0.517324,1,137,0,0.005891,0.059342,0.801646,ambiguous_assignment
5001,83.35,5,roi_001,898.8813,1555.7628,890.6118,1551.0698,907.1509,1560.4558,0.277957,1,91,0,0.007102,0.085577,0.736057,ambiguous_assignment
5001,83.35,8,roi_001,897.0891,1554.954,894.783,1552.0881,899.3951,1557.8198,0.165882,1,67,0,0.007568,0.091404,0.72149,ambiguous_assignment
5001,83.35,9,roi_001,897.6367,1555.5234,892.7667,1546.3965,902.5067,1564.6503,0.219715,1,59,0,0.006437,0.086242,0.734394,ambiguous_assignment
5001,83.35,11,roi_001,901.3091,1556.0706,895.1451,1548.7999,907.473,1563.3412,0.28898,0,18,1,0.008777,0.0,0.44,missing_detection
5002,83.36666666666666,2,roi_001,901.2027,1556.6786,891.8465,1546.8876,910.5589,1566.4697,0.478694,1,138,0,0.009873,0.057989,0.805027,ambiguous_assignment
5002,83.36666666666666,5,roi_001,898.7866,1555.8619,890.4976,1551.1309,907.0756,1560.5929,0.258259,1,92,0,0.006419,0.083093,0.742267,ambiguous_assignment
5002,83.36666666666666,8,roi_001,897.0523,1555.0308,894.7542,1552.153,899.3505,1557.9087,0.175426,1,68,0,0.020393,0.082274,0.744315,ambiguous_assignment
5002,83.36666666666666,9,roi_001,897.5854,1555.854,892.7866,1546.7924,902.3841,1564.9156,0.160763,1,60,0,0.012123,0.08265,0.743374,ambiguous_assignment
5002,83.36666666666666,11,roi_001,901.2871,1556.0569,895.1232,1548.7863,907.4511,1563.3276,0.28898,0,19,2,0.008777,0.0,0.53,missing_detection
5003,83.38333333333334,2,roi_001,901.7892,1556.903,894.0021,1545.397,909.5764,1568.4089,0.427649,1,139,0,0.035987,0.031424,0.871439,ambiguous_assignment
5003,83.38333333333334,5,roi_001,899.0337,1556.0303,890.774,1551.1628,907.2933,1560.8978,0.186303,1,93,0,0.012518,0.068758,0.778105,ambiguous_assignment
5003,83.38333333333334,8,roi_001,897.1382,1555.0522,894.8436,1552.0789,899.4329,1558.0256,0.150298,1,69,0,0.012747,0.095879,0.710303,ambiguous_assignment
5003,83.38333333333334,9,roi_001,897.534,1556.1846,892.7353,1547.123,902.3328,1565.2463,0.160763,0,61,1,0.012123,0.0,0.44,missing_detection
5003,83.38333333333334,11,roi_001,901.2652,1556.0433,895.1013,1548.7726,907.4292,1563.314,0.28898,0,20,3,0.008777,0.0,0.62,missing_detection
5004,83.4,2,roi_001,901.8217,1556.8569,894.0649,1545.4529,909.5784,1568.2609,0.427098,1,140,0,0.016764,0.048922,0.827694,ambiguous_assignment
5004,83.4,5,roi_001,899.0744,1556.0381,890.8649,1551.1198,907.2839,1560.9564,0.184084,1,94,0,0.00974,0.068067,0.779832,ambiguous_assignment
5004,83.4,8,roi_001,897.2242,1555.0737,894.9296,1552.1003,899.5188,1558.0471,0.150298,0,70,1,0.012747,0.0,0.44,missing_detection
5004,83.4,9,roi_001,897.4827,1556.5153,892.684,1547.4536,902.2814,1565.5769,0.160763,0,62,2,0.012123,0.0,0.53,missing_detection
5004,83.4,11,roi_001,901.2433,1556.0297,895.0793,1548.759,907.4073,1563.3004,0.28898,0,21,4,0.008777,0.0,0.71,missing_detection
5005,83.41666666666667,2,roi_001,901.4809,1556.5188,892.6432,1546.9209,910.3187,1566.1167,0.394123,1,141,0,0.030627,0.029249,0.876879,ambiguous_assignment
5005,83.41666666666667,5,roi_001,899.116,1556.1435,890.9307,1551.132,907.3013,1561.155,0.214185,1,95,0,0.00431,0.071558,0.771105,ambiguous_assignment
5005,83.41666666666667,8,roi_001,897.3101,1555.0951,895.0155,1552.1217,899.6047,1558.0685,0.150298,0,71,2,0.012747,0.0,0.53,missing_detection
5005,83.41666666666667,9,roi_001,897.4314,1556.8459,892.6326,1547.7842,902.2301,1565.9075,0.160763,0,63,3,0.012123,0.0,0.62,missing_detection
5005,83.41666666666667,11,roi_001,901.2214,1556.0161,895.0574,1548.7454,907.3854,1563.2868,0.28898,0,22,5,0.008777,0.0,0.8,missing_detection
5006,83.43333333333334,2,roi_001,901.3372,1556.5129,892.369,1546.876,910.3055,1566.1499,0.418838,1,142,0,0.009868,0.049924,0.825191,ambiguous_assignment
5006,83.43333333333334,5,roi_001,899.0765,1556.0073,890.884,1551.0991,907.2689,1560.9154,0.184498,1,96,0,0.009011,0.065422,0.786446,ambiguous_assignment
5006,83.43333333333334,8,roi_001,897.1907,1555.0278,894.8706,1552.1104,899.5107,1557.9452,0.173528,1,72,0,0.020239,0.092325,0.719186,ambiguous_assignment
5006,83.43333333333334,9,roi_001,897.38,1557.1765,892.5813,1548.1149,902.1788,1566.2382,0.160763,0,64,4,0.012123,0.0,0.71,missing_detection
5007,83.45,2,roi_001,901.4115,1556.8579,891.946,1546.7067,910.877,1567.0092,0.437102,1,143,0,0.014909,0.072764,0.76809,ambiguous_assignment
5007,83.45,5,roi_001,899.0603,1556.1343,890.9239,1551.0087,907.1967,1561.2599,0.196989,1,97,0,0.009596,0.078691,0.753271,ambiguous_assignment
5007,83.45,8,roi_001,897.1649,1555.0112,894.834,1552.0109,899.4957,1558.0116,0.162741,1,73,0,0.009162,0.095409,0.711477,ambiguous_assignment
5007,83.45,9,roi_001,897.3287,1557.5071,892.53,1548.4455,902.1274,1566.5688,0.160763,0,65,5,0.012123,0.0,0.8,missing_detection
5008,83.46666666666667,2,roi_001,901.5289,1556.8776,891.7042,1546.8373,911.3536,1566.9178,0.512617,1,144,0,0.010749,0.061252,0.796869,ambiguous_assignment
5008,83.46666666666667,5,roi_001,899.0911,1555.8795,891.0494,1550.9922,907.1327,1560.7668,0.200919,1,98,0,0.015932,0.070847,0.772882,ambiguous_assignment
5008,83.46666666666667,8,roi_001,897.1954,1555.0068,894.8113,1552.0876,899.5796,1557.926,0.20201,1,74,0,0.011664,0.10052,0.6987,ambiguous_assignment
5008,83.46666666666667,9,roi_001,901.5464,1556.3522,895.2748,1548.722,907.818,1563.9824,0.303087,1,66,0,0.099395,-0.027394,0.95,ambiguous_assignment
5009,83.48333333333333,2,roi_001,901.5283,1556.8757,891.7067,1546.8389,911.3499,1566.9126,0.512906,1,145,0,0.003059,0.067104,0.78224,ambiguous_assignment
5009,83.48333333333333,5,roi_001,899.0893,1555.8806,891.0447,1550.9812,907.1339,1560.7799,0.199628,1,99,0,0.010417,0.085137,0.737158,ambiguous_assignment
5009,83.48333333333333,8,roi_001,897.1942,1555.0071,894.811,1552.0895,899.5773,1557.9248,0.201981,1,75,0,0.005759,0.135506,0.002304,
5009,83.48333333333333,9,roi_001,901.5462,1556.3514,895.2737,1548.7205,907.8187,1563.9823,0.303548,1,67,0,0.119514,-0.04935,0.95,ambiguous_assignment
5010,83.5,2,roi_001,901.3661,1556.904,891.6267,1546.9606,911.1055,1566.8474,0.500525,1,146,0,0.004545,0.065075,0.787314,ambiguous_assignment
5010,83.5,5,roi_001,899.0875,1555.8816,891.043,1550.9822,907.1321,1560.7809,0.199628,0,100,1,0.010417,0.0,0.44,missing_detection
5010,83.5,8,roi_001,897.1888,1554.9828,894.7784,1552.0704,899.5991,1557.8953,0.199768,1,76,0,0.004749,0.144435,0.001899,
5010,83.5,9,roi_001,901.4148,1556.3516,895.1598,1548.8423,907.6698,1563.861,0.282402,1,68,0,0.015602,0.054018,0.814955,ambiguous_assignment
5011,83.51666666666667,2,roi_001,901.3646,1556.9413,891.5108,1546.7051,911.2184,1567.1775,0.542559,1,147,0,0.006626,0.067149,0.782128,ambiguous_assignment
5011,83.51666666666667,5,roi_001,898.7967,1555.7996,890.6938,1550.9574,906.8997,1560.6417,0.213735,1,101,0,0.00946,0.074022,0.764946,ambiguous_assignment
5011,83.51666666666667,8,roi_001,897.1229,1555.0027,894.7789,1552.0458,899.4669,1557.9596,0.165596,1,77,0,0.029013,0.079818,0.750456,ambiguous_assignment
5011,83.51666666666667,9,roi_001,901.4123,1556.3145,895.3067,1548.9093,907.5179,1563.7197,0.238171,1,69,0,0.016394,0.057381,0.806548,ambiguous_assignment
5011,83.51666666666667,12,roi_001,897.5284,1555.9926,892.7855,1546.9764,902.2714,1565.0087,0.159576,1,1,0,0.0,1.0,0.7,interior_track_birth
5012,83.53333333333333,2,roi_001,901.4713,1556.9727,891.8467,1546.8726,911.0958,1567.0728,0.569577,1,148,0,0.005436,0.067557,0.781108,ambiguous_assignment
5012,83.53333333333333,5,roi_001,898.5059,1555.7175,890.403,1550.8754,906.6089,1560.5597,0.213735,0,102,1,0.00946,0.0,0.44,missing_detection
5012,83.53333333333333,8,roi_001,897.134,1555.0226,894.8109,1552.0785,899.457,1557.9667,0.156356,1,78,0,0.020297,0.086859,0.732853,ambiguous_assignment
5012,83.53333333333333,9,roi_001,901.4642,1556.3886,895.2921,1548.7959,907.6364,1563.9813,0.260028,1,70,0,0.011711,0.061281,0.796796,ambiguous_assignment
5012,83.53333333333333,12,roi_001,897.602,1556.0453,892.7579,1546.9886,902.4461,1565.1021,0.154384,1,2,0,0.003677,0.084721,0.738199,ambiguous_assignment
5013,83.55,2,roi_001,901.454,1556.8707,891.6047,1546.6991,911.3033,1567.0422,0.551992,1,149,0,0.005785,0.064294,0.789265,ambiguous_assignment
5013,83.55,5,roi_001,898.9368,1555.7514,890.8959,1550.9449,906.9776,1560.5579,0.205617,1,103,0,0.017312,0.067171,0.782072,ambiguous_assignment
5013,83.55,8,roi_001,897.2032,1555.0065,894.8257,1552.0819,899.5807,1557.931,0.192278,1,79,0,0.014659,0.087812,0.730471,ambiguous_assignment
5013,83.55,9,roi_001,901.4729,1556.2859,895.3035,1548.8557,907.6423,1563.7161,0.291867,1,71,0,0.009731,0.060348,0.79913,ambiguous_assignment
5013,83.55,12,roi_001,897.5609,1555.9848,892.8237,1546.9971,902.298,1564.9725,0.155891,1,3,0,0.00553,0.078953,0.752618,ambiguous_assignment
5014,83.56666666666666,2,roi_001,901.3394,1557.0916,891.8002,1546.9017,910.8787,1567.2814,0.556817,1,150,0,0.010424,0.061049,0.797378,ambiguous_assignment
5014,83.56666666666666,5,roi_001,898.9053,1555.8783,890.8715,1550.967,906.9392,1560.7896,0.196263,1,104,0,0.016562,0.068902,0.777744,ambiguous_assignment
5014,83.56666666666666,8,roi_001,897.1401,1555.0649,894.8344,1552.1544,899.4459,1557.9755,0.185553,1,80,0,0.04071,0.073386,0.766534,ambiguous_assignment
5014,83.56666666666666,9,roi_001,901.3898,1556.4729,895.2575,1548.8274,907.522,1564.1184,0.265037,1,72,0,0.011675,0.059797,0.800507,ambiguous_assignment
5014,83.56666666666666,12,roi_001,897.5197,1555.9243,892.7826,1546.9365,902.2569,1564.912,0.155891,0,4,1,0.00553,0.0,0.44,missing_detection
5015,83.58333333333333,2,roi_001,901.7171,1556.8884,894.2159,1545.8978,909.2183,1567.879,0.486202,1,151,0,0.035234,0.021997,0.895009,ambiguous_assignment
5015,83.58333333333333,5,roi_001,899.0418,1556.0139,891.2183,1551.1729,906.8654,1560.855,0.168574,1,105,0,0.007235,0.079119,0.752202,ambiguous_assignment
5015,83.58333333333333,8,roi_001,897.1051,1555.1181,894.8263,1552.2026,899.3839,1558.0336,0.176644,1,81,0,0.021045,0.086514,0.733715,ambiguous_assignment
5015,83.58333333333333,9,roi_001,901.3066,1556.6599,895.1743,1549.0144,907.4389,1564.3054,0.265037,0,73,1,0.011675,0.0,0.44,missing_detection
5015,83.58333333333333,12,roi_001,897.4786,1555.8637,892.7415,1546.876,902.2158,1564.8514,0.155891,0,5,2,0.00553,0.0,0.53,missing_detection
5016,83.6,2,roi_001,901.6256,1556.9695,894.0681,1545.6338,909.1832,1568.3053,0.488709,1,152,0,0.015785,0.042581,0.843548,ambiguous_assignment
5016,83.6,5,roi_001,898.8462,1556.0062,890.8901,1551.1224,906.8023,1560.8899,0.171554,1,106,0,0.012313,0.068793,0.778018,ambiguous_assignment
5016,83.6,8,roi_001,897.0701,1555.1713,894.7913,1552.2558,899.3489,1558.0867,0.176644,0,82,1,0.021045,0.0,0.44,missing_detection
5016,83.6,9,roi_001,901.2234,1556.8469,895.0912,1549.2014,907.3557,1564.4924,0.265037,0,74,2,0.011675,0.0,0.53,missing_detection
5016,83.6,12,roi_001,897.4375,1555.8032,892.7003,1546.8154,902.1746,1564.7909,0.155891,0,6,3,0.00553,0.0,0.62,missing_detection
5017,83.61666666666666,2,roi_001,901.4727,1556.9193,891.2847,1546.2891,911.6607,1567.5496,0.46953,1,153,0,0.031628,0.024899,0.887754,ambiguous_assignment
5017,83.61666666666666,5,roi_001,898.6505,1555.9984,890.6944,1551.1147,906.6067,1560.8821,0.171554,0,107,1,0.012313,0.0,0.44,missing_detection
5017,83.61666666666666,8,roi_001,897.1436,1555.1083,894.8553,1552.2358,899.4319,1557.9807,0.195572,1,83,0,0.02641,0.076444,0.758891,ambiguous_assignment
5017,83.61666666666666,9,roi_001,901.5458,1556.6199,895.2372,1548.7258,907.8544,1564.514,0.250771,1,75,0,0.016207,0.040319,0.849203,ambiguous_assignment
5017,83.61666666666666,12,roi_001,897.3963,1555.7426,892.6592,1546.7549,902.1335,1564.7303,0.155891,0,7,4,0.00553,0.0,0.71,missing_detection
5018,83.63333333333334,2,roi_001,901.7228,1556.7556,894.222,1545.4719,909.2236,1568.0392,0.368391,1,154,0,0.034726,0.020316,0.899211,ambiguous_assignment
5018,83.63333333333334,5,roi_001,899.2242,1555.9559,891.3795,1551.3724,907.0689,1560.5393,0.158387,1,108,0,0.021507,0.072229,0.769427,ambiguous_assignment
5018,83.63333333333334,8,roi_001,897.1034,1555.1577,894.8573,1552.2819,899.3495,1558.0334,0.188793,1,84,0,0.030051,0.084027,0.739933,ambiguous_assignment
5018,83.63333333333334,9,roi_001,901.8682,1556.3929,895.5596,1548.4988,908.1767,1564.287,0.250771,0,76,1,0.016207,0.0,0.44,missing_detection
5018,83.63333333333334,12,roi_001,897.3552,1555.6821,892.618,1546.6943,902.0923,1564.6698,0.155891,0,8,5,0.00553,0.0,0.8,missing_detection
5019,83.65,2,roi_001,901.6114,1556.821,891.9528,1546.0691,911.27,1567.573,0.45596,1,155,0,0.03208,0.02737,0.881575,ambiguous_assignment
5019,83.65,5,roi_001,899.7978,1555.9133,891.9531,1551.3299,907.6425,1560.4968,0.158387,0,109,1,0.021507,0.0,0.44,missing_detection
5019,83.65,8,roi_001,897.1841,1555.0849,894.944,1552.2244,899.4241,1557.9454,0.16076,1,85,0,0.027524,0.07189,0.770276,ambiguous_assignment
5019,83.65,9,roi_001,901.3022,1556.7175,895.029,1548.8835,907.5753,1564.5514,0.224222,1,77,0,0.027253,0.032197,0.869509,ambiguous_assignment
5020,83.66666666666667,2,roi_001,900.9736,1560.0084,891.0923,1549.0559,910.855,1570.9609,0.258937,1,156,0,0.07143,0.035576,0.861061,ambiguous_assignment
5020,83.66666666666667,5,roi_001,900.3715,1555.8708,892.5267,1551.2874,908.2162,1560.4542,0.158387,0,110,2,0.021507,0.0,0.53,missing_detection
5020,83.66666666666667,8,roi_001,897.2647,1555.0121,895.0246,1552.1516,899.5048,1557.8727,0.16076,0,86,1,0.027524,0.0,0.44,missing_detection
5020,83.66666666666667,9,roi_001,900.7361,1557.042,894.463,1549.2081,907.0093,1564.8759,0.224222,0,78,1,0.027253,0.0,0.44,missing_detection
5021,83.68333333333334,2,roi_001,900.9749,1560.0057,891.0961,1549.0508,910.8538,1570.9607,0.262179,1,157,0,0.07028,0.024412,0.888969,ambiguous_assignment
5021,83.68333333333334,5,roi_001,900.9451,1555.8282,893.1004,1551.2448,908.7898,1560.4117,0.158387,0,111,3,0.021507,0.0,0.62,missing_detection
5021,83.68333333333334,8,roi_001,897.3453,1554.9394,895.1052,1552.0789,899.5854,1557.7999,0.16076,0,87,2,0.027524,0.0,0.53,missing_detection
5021,83.68333333333334,9,roi_001,900.1701,1557.3665,893.897,1549.5326,906.4433,1565.2004,0.224222,0,79,2,0.027253,0.0,0.53,missing_detection
5022,83.7,2,roi_001,901.2835,1557.2182,891.3022,1546.2773,911.2648,1568.1591,0.243574,1,158,0,0.055674,0.021278,0.896806,ambiguous_assignment
5022,83.7,5,roi_001,901.5187,1555.7857,893.674,1551.2023,909.3635,1560.3691,0.158387,0,112,4,0.021507,0.0,0.71,missing_detection
5022,83.7,8,roi_001,897.4259,1554.8666,895.1859,1552.0061,899.666,1557.7272,0.16076,0,88,3,0.027524,0.0,0.62,missing_detection
5022,83.7,9,roi_001,899.6041,1557.691,893.331,1549.8571,905.8773,1565.525,0.224222,0,80,3,0.027253,0.0,0.62,missing_detection
5023,83.71666666666667,2,roi_001,901.5995,1557.1078,892.1848,1546.725,911.0142,1567.4906,0.316272,1,159,0,0.063146,0.019439,0.901402,ambiguous_assignment
5023,83.71666666666667,5,roi_001,902.0924,1555.7432,894.2477,1551.1597,909.9371,1560.3266,0.158387,0,113,5,0.021507,0.0,0.8,missing_detection
5023,83.71666666666667,8,roi_001,897.5066,1554.7939,895.2665,1551.9333,899.7466,1557.6544,0.16076,0,89,4,0.027524,0.0,0.71,missing_detection
5023,83.71666666666667,9,roi_001,899.0381,1558.0156,892.765,1550.1816,905.3113,1565.8495,0.224222,0,81,4,0.027253,0.0,0.71,missing_detection
5024,83.73333333333333,2,roi_001,901.5438,1557.1398,892.1572,1546.7498,910.9305,1567.5298,0.329321,1,160,0,0.015494,0.066304,0.784241,ambiguous_assignment
5024,83.73333333333333,8,roi_001,897.5872,1554.7211,895.3471,1551.8606,899.8273,1557.5817,0.16076,0,90,5,0.027524,0.0,0.8,missing_detection
5024,83.73333333333333,9,roi_001,898.4721,1558.3401,892.1989,1550.5062,904.7453,1566.174,0.224222,0,82,5,0.027253,0.0,0.8,missing_detection
5025,83.75,2,roi_001,901.614,1556.9087,892.1619,1546.6926,911.0662,1567.1248,0.306591,1,161,0,0.010994,0.077019,0.757452,ambiguous_assignment
5026,83.76666666666667,2,roi_001,901.6511,1557.2183,891.7969,1546.3918,911.5052,1568.0448,0.34435,1,162,0,0.018049,0.144157,0.00722,
5027,83.78333333333333,2,roi_001,901.6635,1560.5184,894.2653,1549.1155,909.0617,1571.9213,0.315866,1,163,0,0.078341,0.12367,0.031336,
5028,83.8,2,roi_001,901.7168,1560.5229,894.4179,1549.2428,909.0157,1571.803,0.282148,1,164,0,0.065375,0.076244,0.759389,ambiguous_assignment
5029,83.81666666666666,2,roi_001,901.5818,1560.5988,894.1807,1549.3551,908.9828,1571.8424,0.301801,1,165,0,0.006796,0.139533,0.002719,
5030,83.83333333333333,2,roi_001,901.6404,1560.6403,894.0903,1549.1572,909.1904,1572.1233,0.277054,1,166,0,0.009181,0.152541,0.003672,
5031,83.85,2,roi_001,901.4422,1560.4136,892.2649,1550.1929,910.6195,1570.6344,0.373159,1,167,0,0.032244,0.112022,0.669945,ambiguous_assignment
5032,83.86666666666666,2,roi_001,901.5177,1561.1251,894.3008,1550.3323,908.7346,1571.918,0.393227,1,168,0,0.038993,0.106228,0.68443,ambiguous_assignment
5033,83.88333333333334,2,roi_001,901.5178,1561.1219,894.3016,1550.3252,908.734,1571.9187,0.392781,1,169,0,0.01603,0.158756,0.006412,
5034,83.9,2,roi_001,901.4414,1560.9534,894.2754,1550.2224,908.6074,1571.6844,0.333456,1,170,0,0.005108,0.161333,0.002043,
5035,83.91666666666667,2,roi_001,901.4407,1560.687,892.8759,1550.6445,910.0056,1570.7295,0.324305,1,171,0,0.024874,0.13027,0.009949,
5036,83.93333333333334,2,roi_001,901.3225,1560.8921,892.7405,1551.0061,909.9045,1570.7781,0.279399,1,172,0,0.014088,0.136394,0.005635,
5037,83.95,2,roi_001,901.3547,1560.8976,892.849,1550.9628,909.8604,1570.8325,0.326096,1,173,0,0.007852,1.0,0.003141,
5038,83.96666666666667,2,roi_001,901.4214,1560.5837,892.8819,1550.6631,909.9608,1570.5043,0.466628,1,174,0,0.00855,1.0,0.00342,
5039,83.98333333333333,2,roi_001,901.4254,1560.2216,892.8994,1550.3252,909.9515,1570.1179,0.286097,1,175,0,0.003055,1.0,0.001222,
5040,84.0,2,roi_001,901.298,1560.5825,894.3921,1549.6449,908.2039,1571.52,0.314637,1,176,0,0.036294,1.0,0.014517,
5041,84.01666666666667,2,roi_001,901.429,1560.2019,893.0919,1550.3899,909.7662,1570.0139,0.309497,1,177,0,0.033249,1.0,0.0133,
5042,84.03333333333333,2,roi_001,901.4339,1560.0684,892.9269,1550.1593,909.941,1569.9775,0.319287,1,178,0,0.009282,1.0,0.003713,
5043,84.05,2,roi_001,901.2375,1560.2518,893.1381,1550.9766,909.3369,1569.5271,0.409873,1,179,0,0.016904,1.0,0.006762,
5044,84.06666666666666,2,roi_001,901.1982,1560.2242,893.2348,1551.0219,909.1616,1569.4265,0.383247,1,180,0,0.007986,1.0,0.003194,
5045,84.08333333333333,2,roi_001,901.1972,1560.233,893.2257,1551.0264,909.1687,1569.4397,0.381511,1,181,0,0.002084,1.0,0.000834,
5046,84.1,2,roi_001,901.1173,1560.1647,893.1998,1550.7214,909.0349,1569.6079,0.44827,1,182,0,0.005324,1.0,0.00213,
5047,84.11666666666666,2,roi_001,901.5165,1560.9143,892.5571,1550.6887,910.476,1571.1399,0.413846,1,183,0,0.030728,1.0,0.012291,
5048,84.13333333333334,2,roi_001,901.4645,1560.9709,892.3771,1550.6512,910.5518,1571.2906,0.394617,1,184,0,0.021217,1.0,0.008487,
5049,84.15,2,roi_001,901.4398,1560.9567,892.5847,1550.7773,910.2949,1571.1361,0.398856,1,185,0,0.005521,1.0,0.002208,
5050,84.16666666666667,2,roi_001,901.4377,1560.695,892.8137,1550.6644,910.0617,1570.7256,0.490962,1,186,0,0.007972,1.0,0.003189,
5051,84.18333333333334,2,roi_001,900.977,1561.6413,891.4838,1551.2925,910.4702,1571.9901,0.585746,1,187,0,0.034416,0.058899,0.802751,ambiguous_assignment
5051,84.18333333333334,16,roi_001,900.7293,1563.2787,895.4624,1553.7378,905.9963,1572.8196,0.232788,1,1,0,0.0,1.0,0.7,interior_track_birth
5052,84.2,2,roi_001,901.0211,1561.3046,891.6439,1550.8247,910.3983,1571.7844,0.594127,1,188,0,0.032537,0.029087,0.877283,ambiguous_assignment
5052,84.2,16,roi_001,900.7739,1563.2336,895.434,1553.6531,906.1138,1572.8142,0.268081,1,2,0,0.003569,0.058054,0.804864,ambiguous_assignment
5053,84.21666666666667,2,roi_001,900.6453,1561.007,892.0775,1550.6887,909.213,1571.3253,0.633044,1,189,0,0.015627,0.067228,0.78193,ambiguous_assignment
5053,84.21666666666667,16,roi_001,900.8185,1563.1886,895.4786,1553.608,906.1583,1572.7692,0.268081,0,3,1,0.003569,0.0,0.44,missing_detection
5054,84.23333333333333,2,roi_001,900.8098,1561.5096,891.5667,1551.1844,910.053,1571.8348,0.52642,1,190,0,0.024972,0.050889,0.822778,ambiguous_assignment
5054,84.23333333333333,16,roi_001,900.6118,1563.1448,895.439,1553.4562,905.7845,1572.8334,0.172682,1,4,0,0.007547,0.068313,0.779216,ambiguous_assignment
5055,84.25,2,roi_001,900.2666,1561.8176,891.9079,1552.0266,908.6252,1571.6086,0.666938,1,191,0,0.023193,0.04566,0.835849,ambiguous_assignment
5055,84.25,16,roi_001,900.4051,1563.101,895.2323,1553.4124,905.5779,1572.7896,0.172682,0,5,1,0.007547,0.0,0.44,missing_detection
5056,84.26666666666667,2,roi_001,900.4052,1562.2513,890.8415,1551.8412,909.9689,1572.6614,0.632166,1,192,0,0.027186,0.045858,0.835354,ambiguous_assignment
5056,84.26666666666667,16,roi_001,900.5411,1563.9344,895.164,1554.2339,905.9183,1573.635,0.328345,1,6,0,0.02232,0.050725,0.823188,ambiguous_assignment
5057,84.28333333333333,2,roi_001,900.442,1562.2028,890.9217,1551.7689,909.9623,1572.6366,0.648706,1,193,0,0.012373,0.060005,0.799986,ambiguous_assignment
5057,84.28333333333333,16,roi_001,900.5879,1564.0226,895.0817,1554.2866,906.0941,1573.7585,0.403353,1,7,0,0.021943,0.050435,0.823911,ambiguous_assignment
5058,84.3,2,roi_001,900.4399,1562.1863,891.0912,1551.8414,909.7886,1572.5312,0.635351,1,194,0,0.003543,0.077343,0.756643,ambiguous_assignment
5058,84.3,16,roi_001,900.5392,1563.97,895.0844,1554.2042,905.9939,1573.7357,0.357602,1,8,0,0.005317,0.075569,0.761077,ambiguous_assignment
5059,84.31666666666666,2,roi_001,900.1521,1562.578,890.4692,1552.6929,909.8349,1572.4631,0.48075,1,195,0,0.014111,0.064246,0.789384,ambiguous_assignment
5059,84.31666666666666,16,roi_001,900.4904,1563.9174,895.0357,1554.1516,905.9452,1573.6831,0.357602,0,9,1,0.005317,0.0,0.44,missing_detection
5060,84.33333333333333,2,roi_001,900.0523,1562.3044,891.0851,1552.5044,909.0195,1572.1044,0.596469,1,196,0,0.021217,0.04935,0.826625,ambiguous_assignment
5060,84.33333333333333,16,roi_001,900.4417,1563.8647,894.987,1554.099,905.8965,1573.6305,0.357602,0,10,2,0.005317,0.0,0.53,missing_detection
5061,84.35,2,roi_001,900.2497,1562.3898,890.2917,1552.2271,910.2076,1572.5525,0.467836,1,197,0,0.01938,0.055314,0.811715,ambiguous_assignment
5061,84.35,16,roi_001,900.3818,1563.6367,894.9731,1553.9746,905.7906,1573.2987,0.196042,1,11,0,0.004847,0.069847,0.775382,ambiguous_assignment
5062,84.36666666666666,2,roi_001,900.0605,1562.6424,890.3208,1552.5441,909.8002,1572.7407,0.472953,1,198,0,0.010352,0.060424,0.79894,ambiguous_assignment
5062,84.36666666666666,16,roi_001,900.303,1563.8251,894.9094,1554.1321,905.6966,1573.5182,0.230687,1,12,0,0.010266,0.06051,0.798725,ambiguous_assignment
5063,84.38333333333334,2,roi_001,900.1266,1562.4244,890.91,1552.5262,909.3431,1572.3225,0.615659,1,199,0,0.015757,0.063384,0.791541,ambiguous_assignment
5063,84.38333333333334,16,roi_001,900.2241,1564.0136,894.8305,1554.3206,905.6177,1573.7067,0.230687,0,13,1,0.010266,0.0,0.44,missing_detection
5064,84.4,2,roi_001,900.1087,1562.551,890.9221,1552.5613,909.2953,1572.5408,0.594984,1,200,0,0.008301,0.065683,0.785793,ambiguous_assignment
5064,84.4,16,roi_001,900.1453,1564.2021,894.7516,1554.509,905.5389,1573.8951,0.230687,0,14,2,0.010266,0.0,0.53,missing_detection
5065,84.41666666666667,2,roi_001,900.0499,1562.6544,891.001,1552.8282,909.0987,1572.4806,0.579739,1,201,0,0.003839,0.065761,0.785597,ambiguous_assignment
5065,84.41666666666667,16,roi_001,900.0664,1564.3906,894.6728,1554.6975,905.46,1574.0836,0.230687,0,15,3,0.010266,0.0,0.62,missing_detection
5066,84.43333333333334,2,roi_001,900.0483,1562.621,890.8305,1552.6478,909.2662,1572.5942,0.596614,1,202,0,0.005013,0.066981,0.782547,ambiguous_assignment
5066,84.43333333333334,16,roi_001,899.9875,1564.579,894.5939,1554.886,905.3812,1574.2721,0.230687,0,16,4,0.010266,0.0,0.71,missing_detection
5067,84.45,2,roi_001,899.7873,1563.2573,889.825,1553.1738,909.7495,1573.3407,0.421206,1,203,0,0.02296,0.05547,0.811325,ambiguous_assignment
5067,84.45,16,roi_001,899.9087,1564.7675,894.5151,1555.0745,905.3023,1574.4606,0.230687,0,17,5,0.010266,0.0,0.8,missing_detection
5068,84.46666666666667,2,roi_001,899.7018,1563.1823,890.2767,1553.2224,909.127,1573.1421,0.445612,1,204,0,0.020159,0.053435,0.816412,ambiguous_assignment
5069,84.48333333333333,2,roi_001,899.6787,1563.1165,890.2028,1553.0204,909.1547,1573.2125,0.450904,1,205,0,0.002988,1.0,0.001195,
5070,84.5,2,roi_001,899.8004,1563.1245,890.676,1553.344,908.9247,1572.9049,0.45527,1,206,0,0.009126,1.0,0.00365,
5071,84.51666666666667,2,roi_001,899.6442,1563.4986,889.2268,1553.2681,910.0616,1573.7291,0.297657,1,207,0,0.023145,1.0,0.009258,
5072,84.53333333333333,2,roi_001,899.7486,1563.7053,889.7935,1553.7391,909.7036,1573.6715,0.402864,1,208,0,0.010969,0.070335,0.774162,ambiguous_assignment
5073,84.55,2,roi_001,899.7182,1563.7001,889.7065,1553.7981,909.7299,1573.6022,0.363297,1,209,0,0.006577,0.065345,0.786638,ambiguous_assignment
5074,84.56666666666666,2,roi_001,899.5844,1563.7319,889.3622,1553.7472,909.8066,1573.7167,0.350599,1,210,0,0.004349,0.078677,0.753309,ambiguous_assignment
5075,84.58333333333333,2,roi_001,899.3842,1564.8012,888.8465,1555.2249,909.9218,1574.3776,0.562796,1,211,0,0.026149,0.057147,0.807133,ambiguous_assignment
5076,84.6,2,roi_001,899.4547,1564.8249,889.0043,1555.2065,909.9052,1574.4432,0.570511,1,212,0,0.024826,0.052641,0.818396,ambiguous_assignment
5077,84.61666666666666,2,roi_001,899.3537,1564.8453,889.1512,1555.6194,909.5562,1574.0713,0.646774,1,213,0,0.008767,0.065916,0.78521,ambiguous_assignment
5078,84.63333333333334,2,roi_001,899.2565,1565.0029,888.7523,1555.4404,909.7607,1574.5653,0.581096,1,214,0,0.008677,0.071238,0.771905,ambiguous_assignment
5079,84.65,2,roi_001,899.1156,1566.0827,889.2932,1557.068,908.938,1575.0974,0.397488,1,215,0,0.026072,0.057379,0.806552,ambiguous_assignment
5080,84.66666666666667,2,roi_001,899.2928,1565.0786,888.3424,1555.1886,910.2432,1574.9686,0.475245,1,216,0,0.052566,0.042048,0.84488,ambiguous_assignment
5080,84.66666666666667,18,roi_001,900.2491,1565.7706,894.7714,1556.5748,905.7269,1574.9664,0.203923,1,1,0,0.0,1.0,0.7,interior_track_birth
5081,84.68333333333334,2,roi_001,899.336,1565.1178,888.3622,1555.119,910.3097,1575.1166,0.430941,1,217,0,0.02391,0.062314,0.794216,ambiguous_assignment
5081,84.68333333333334,18,roi_001,900.2175,1565.7322,894.804,1556.4871,905.6311,1574.9773,0.184575,1,2,0,0.002232,0.083992,0.740021,ambiguous_assignment
5082,84.7,2,roi_001,899.6177,1565.0545,888.6116,1555.1334,910.6238,1574.9756,0.524659,1,218,0,0.006716,0.075676,0.760809,ambiguous_assignment
5082,84.7,18,roi_001,900.3314,1565.9207,894.9969,1556.7983,905.666,1575.043,0.26993,1,3,0,0.008359,0.074033,0.764917,ambiguous_assignment
5083,84.71666666666667,2,roi_001,899.4758,1565.0644,888.8074,1555.1798,910.1442,1574.949,0.510409,1,219,0,0.009521,0.069795,0.775514,ambiguous_assignment
5083,84.71666666666667,18,roi_001,900.1839,1565.9133,894.629,1556.8108,905.7388,1575.0157,0.318186,1,4,0,0.011437,0.067878,0.780306,ambiguous_assignment
5084,84.73333333333333,2,roi_001,899.8276,1565.19,888.7697,1555.2581,910.8856,1575.1219,0.50567,1,220,0,0.011749,0.068879,0.777803,ambiguous_assignment
5084,84.73333333333333,18,roi_001,900.5243,1565.8867,894.8802,1556.8225,906.1684,1574.9508,0.341785,1,5,0,0.015079,0.065548,0.78613,ambiguous_assignment
5085,84.75,2,roi_001,899.5824,1565.1782,888.816,1555.2461,910.3488,1575.1102,0.478296,1,221,0,0.013707,0.062497,0.793758,ambiguous_assignment
5085,84.75,18,roi_001,900.4124,1565.8433,894.7491,1556.7457,906.0757,1574.9409,0.290322,1,6,0,0.013523,0.06268,0.793299,ambiguous_assignment
5086,84.76666666666667,2,roi_001,899.5427,1565.1833,889.0369,1555.326,910.0485,1575.0406,0.526114,1,222,0,0.005775,0.070309,0.774227,ambiguous_assignment
5086,84.76666666666667,18,roi_001,900.2306,1565.9045,894.6234,1556.7644,905.8378,1575.0447,0.341413,1,7,0,0.004028,0.072056,0.76986,ambiguous_assignment
5087,84.78333333333333,2,roi_001,899.1636,1566.3979,889.9354,1557.8699,908.3918,1574.9259,0.40022,1,223,0,0.03949,0.026213,0.884467,ambiguous_assignment
5087,84.78333333333333,18,roi_001,900.0487,1565.9658,894.4415,1556.8256,905.656,1575.1059,0.341413,0,8,1,0.004028,0.0,0.44,missing_detection
5088,84.8,2,roi_001,899.1825,1566.3929,890.0025,1557.8151,908.3625,1574.9708,0.373794,1,224,0,0.033051,0.024453,0.888868,ambiguous_assignment
5088,84.8,18,roi_001,899.8669,1566.027,894.2596,1556.8868,905.4741,1575.1671,0.341413,0,9,2,0.004028,0.0,0.53,missing_detection
5089,84.81666666666666,2,roi_001,898.8288,1566.2361,889.4902,1557.4874,908.1674,1574.9847,0.337277,1,225,0,0.010777,0.048152,0.829619,ambiguous_assignment
5089,84.81666666666666,18,roi_001,899.685,1566.0882,894.0778,1556.9481,905.2923,1575.2283,0.341413,0,10,3,0.004028,0.0,0.62,missing_detection
5090,84.83333333333333,2,roi_001,898.818,1566.3795,889.0623,1557.3894,908.5738,1575.3695,0.300039,1,226,0,0.012565,0.049821,0.825448,ambiguous_assignment
5090,84.83333333333333,18,roi_001,899.5032,1566.1494,893.8959,1557.0093,905.1104,1575.2896,0.341413,0,11,4,0.004028,0.0,0.71,missing_detection
5091,84.85,2,roi_001,895.3473,1566.8489,885.9958,1556.4314,904.6987,1577.2665,0.42854,1,227,0,0.079245,0.00897,0.927574,ambiguous_assignment
5091,84.85,18,roi_001,899.3213,1566.2106,893.7141,1557.0705,904.9286,1575.3508,0.341413,0,12,5,0.004028,0.0,0.8,missing_detection
5092,84.86666666666666,2,roi_001,894.8173,1567.0403,885.999,1556.7476,903.6356,1577.3331,0.495826,1,228,0,0.064585,0.021621,0.895947,ambiguous_assignment
5093,84.88333333333334,2,roi_001,894.8177,1567.0382,885.9932,1556.7412,903.6423,1577.3352,0.496053,1,229,0,0.015616,1.0,0.006246,
5094,84.9,2,roi_001,895.0752,1566.9926,885.814,1556.3961,904.3365,1577.5891,0.409564,1,230,0,0.011292,1.0,0.004517,
5095,84.91666666666667,2,roi_001,894.9372,1567.0344,885.5251,1556.3898,904.3492,1577.679,0.445499,1,231,0,0.00999,1.0,0.003996,
5096,84.93333333333334,2,roi_001,894.8224,1566.9373,885.2546,1556.1025,904.3902,1577.7721,0.424692,1,232,0,0.00536,1.0,0.002144,
5097,84.95,2,roi_001,894.8716,1567.0099,885.2829,1556.264,904.4604,1577.7559,0.417718,1,233,0,0.006082,1.0,0.002433,
5098,84.96666666666667,2,roi_001,894.9688,1566.8888,884.6683,1555.7019,905.2692,1578.0757,0.286078,1,234,0,0.013389,1.0,0.005355,
5099,84.98333333333333,2,roi_001,894.4749,1567.0197,884.2551,1555.7537,904.6948,1578.2856,0.432854,1,235,0,0.015045,1.0,0.006018,
5100,85.0,2,roi_001,894.5937,1566.9953,884.3504,1555.751,904.8369,1578.2396,0.426804,1,236,0,0.0142,1.0,0.00568,
5101,85.01666666666667,2,roi_001,894.8447,1566.9758,884.7229,1555.8174,904.9665,1578.1342,0.405892,1,237,0,0.003727,1.0,0.001491,
5102,85.03333333333333,2,roi_001,894.7014,1567.0797,884.8005,1556.1074,904.6024,1578.052,0.378366,1,238,0,0.010224,1.0,0.00409,
5103,85.05,2,roi_001,894.1304,1567.7338,882.3345,1559.1187,905.9263,1576.3489,0.442701,1,239,0,0.040092,1.0,0.016037,
5104,85.06666666666666,2,roi_001,893.0236,1567.8163,882.8557,1556.8469,903.1915,1578.7858,0.495419,1,240,0,0.040432,0.022179,0.894551,ambiguous_assignment
5104,85.06666666666666,19,roi_001,893.1098,1567.838,884.7479,1561.439,901.4717,1574.2371,0.154212,1,1,0,0.0,1.0,0.7,interior_track_birth
5105,85.08333333333333,2,roi_001,893.0235,1567.8199,882.8593,1556.8564,903.1877,1578.7834,0.49551,1,241,0,0.024052,0.033676,0.865811,ambiguous_assignment
5105,85.08333333333333,19,roi_001,893.109,1567.8388,884.7467,1561.4358,901.4713,1574.2418,0.154324,1,2,0,8.4e-05,0.057644,0.80589,ambiguous_assignment
5106,85.1,2,roi_001,894.2822,1567.645,882.2603,1559.0621,906.3041,1576.2278,0.506516,1,242,0,0.049095,0.017632,0.90592,ambiguous_assignment
5106,85.1,19,roi_001,893.1082,1567.8396,884.7459,1561.4366,901.4705,1574.2426,0.154324,0,3,1,8.4e-05,0.0,0.44,missing_detection
5107,85.11666666666666,2,roi_001,893.7038,1567.7389,881.3344,1559.1144,906.0731,1576.3634,0.480143,1,243,0,0.039039,0.020944,0.897641,ambiguous_assignment
5107,85.11666666666666,19,roi_001,893.046,1567.7367,884.6144,1561.6052,901.4775,1573.8682,0.186451,1,4,0,0.007234,0.052748,0.81813,ambiguous_assignment
5108,85.13333333333334,2,roi_001,893.8226,1567.6683,881.2978,1559.05,906.3474,1576.2866,0.46262,1,244,0,0.016517,0.045497,0.836258,ambiguous_assignment
5108,85.13333333333334,19,roi_001,893.0663,1567.6609,884.6841,1561.6685,901.4485,1573.6533,0.156912,1,5,0,0.005039,0.056975,0.807562,ambiguous_assignment
5109,85.15,2,roi_001,893.6225,1567.7305,881.3474,1559.1368,905.8977,1576.3242,0.509161,1,245,0,0.008671,0.054652,0.813371,ambiguous_assignment
5109,85.15,19,roi_001,892.9344,1567.7465,884.5254,1561.6296,901.3433,1573.8634,0.195193,1,6,0,0.00733,0.055992,0.810019,ambiguous_assignment
5110,85.16666666666667,2,roi_001,893.6855,1567.6913,881.2544,1559.0583,906.1166,1576.3243,0.485294,1,246,0,0.006965,0.053861,0.815347,ambiguous_assignment
5110,85.16666666666667,19,roi_001,893.0246,1567.7365,884.5723,1561.5254,901.477,1573.9476,0.19376,1,7,0,0.007067,0.053758,0.815604,ambiguous_assignment
5111,85.18333333333334,2,roi_001,893.7318,1568.2688,881.032,1559.8059,906.4316,1576.7317,0.197207,1,247,0,0.016106,0.050234,0.824414,ambiguous_assignment
5111,85.18333333333334,19,roi_001,893.1149,1567.7265,884.6625,1561.5154,901.5673,1573.9376,0.19376,0,8,1,0.007067,0.0,0.44,missing_detection
5112,85.2,2,roi_001,892.7946,1568.1517,881.015,1556.1735,904.5741,1580.1299,0.222777,1,248,0,0.047192,0.027278,0.881805,ambiguous_assignment
5112,85.2,19,roi_001,893.2052,1567.7165,884.7528,1561.5054,901.6575,1573.9276,0.19376,0,9,2,0.007067,0.0,0.53,missing_detection
5113,85.21666666666667,2,roi_001,892.8857,1568.347,880.9691,1556.3513,904.8024,1580.3427,0.161357,1,249,0,0.023019,0.051797,0.820508,ambiguous_assignment
5113,85.21666666666667,19,roi_001,893.2954,1567.7065,884.8431,1561.4954,901.7478,1573.9176,0.19376,0,10,3,0.007067,0.0,0.62,missing_detection
5114,85.23333333333333,2,roi_001,892.8481,1568.2156,881.0295,1556.2012,904.6667,1580.23,0.190411,1,250,0,0.007825,0.065875,0.785312,ambiguous_assignment
5114,85.23333333333333,19,roi_001,893.3857,1567.6965,884.9333,1561.4854,901.8381,1573.9076,0.19376,0,11,4,0.007067,0.0,0.71,missing_detection
5115,85.25,2,roi_001,893.149,1568.5003,880.9198,1556.5463,905.3781,1580.4543,0.175056,1,251,0,0.012748,0.062804,0.792989,ambiguous_assignment
5115,85.25,19,roi_001,893.476,1567.6865,885.0236,1561.4753,901.9283,1573.8976,0.19376,0,12,5,0.007067,0.0,0.8,missing_detection
5116,85.26666666666667,2,roi_001,893.4498,1568.785,881.2206,1556.831,905.6789,1580.7391,0.175056,0,252,1,0.012748,0.0,0.44,missing_detection
5117,85.28333333333333,2,roi_001,893.7506,1569.0698,881.5214,1557.1157,905.9797,1581.0238,0.175056,0,253,2,0.012748,0.0,0.53,missing_detection
5118,85.3,2,roi_001,894.0514,1569.3545,881.8222,1557.4005,906.2805,1581.3085,0.175056,0,254,3,0.012748,0.0,0.62,missing_detection
5119,85.31666666666666,2,roi_001,892.6812,1572.9754,881.7325,1561.495,903.6299,1584.4558,0.217932,1,255,0,0.051793,1.0,0.020717,
5120,85.33333333333333,2,roi_001,891.311,1576.5963,880.3624,1565.1159,902.2597,1588.0767,0.217932,0,256,1,0.051793,0.0,0.44,missing_detection
5121,85.35,2,roi_001,892.6656,1572.8971,881.6446,1561.3223,903.6865,1584.4719,0.254509,1,257,0,0.114792,1.0,0.045917,
5122,85.36666666666666,2,roi_001,892.6263,1572.7181,880.916,1560.4706,904.3367,1584.9657,0.204085,1,258,0,0.074689,1.0,0.029876,
5123,85.38333333333334,2,roi_001,892.5871,1572.5392,880.8767,1560.2916,904.2974,1584.7867,0.204085,0,259,1,0.074689,0.0,0.44,missing_detection
5124,85.4,2,roi_001,892.5478,1572.3602,880.8375,1560.1127,904.2582,1584.6078,0.204085,0,260,2,0.074689,0.0,0.53,missing_detection
5125,85.41666666666667,2,roi_001,892.5086,1572.1813,880.7982,1559.9337,904.2189,1584.4288,0.204085,0,261,3,0.074689,0.0,0.62,missing_detection
5126,85.43333333333334,2,roi_001,892.4693,1572.0023,880.759,1559.7548,904.1797,1584.2499,0.204085,0,262,4,0.074689,0.0,0.71,missing_detection
5127,85.45,2,roi_001,892.4301,1571.8234,880.7197,1559.5758,904.1404,1584.0709,0.204085,0,263,5,0.074689,0.0,0.8,missing_detection
5128,85.46666666666667,2,roi_001,892.6996,1573.2755,881.891,1561.8892,903.5081,1584.6617,0.15216,1,264,0,0.025022,1.0,0.010009,
5129,85.48333333333333,2,roi_001,892.969,1574.7275,882.1605,1563.3412,903.7776,1586.1138,0.15216,0,265,1,0.025022,0.0,0.44,missing_detection
5130,85.5,2,roi_001,893.2385,1576.1796,882.4299,1564.7933,904.0471,1587.5659,0.15216,0,266,2,0.025022,0.0,0.53,missing_detection
5131,85.51666666666667,2,roi_001,893.508,1577.6317,882.6994,1566.2454,904.3165,1589.018,0.15216,0,267,3,0.025022,0.0,0.62,missing_detection
5132,85.53333333333333,2,roi_001,893.7774,1579.0838,882.9689,1567.6975,904.586,1590.4701,0.15216,0,268,4,0.025022,0.0,0.71,missing_detection
5133,85.55,2,roi_001,894.0469,1580.5359,883.2383,1569.1496,904.8555,1591.9222,0.15216,0,269,5,0.025022,0.0,0.8,missing_detection
5135,85.58333333333333,20,roi_001,892.0136,1574.5156,882.2513,1564.0216,901.776,1585.0096,0.536397,1,1,0,0.0,1.0,0.7,interior_track_birth
5136,85.6,20,roi_001,892.0479,1574.6531,881.9161,1563.906,902.1797,1585.4003,0.534287,1,2,0,0.007614,1.0,0.003046,
5137,85.61666666666666,20,roi_001,892.2017,1574.4881,881.7358,1563.2903,902.6675,1585.6859,0.516905,1,3,0,0.01186,0.045856,0.835361,ambiguous_assignment
5137,85.61666666666666,21,roi_001,891.6066,1574.8903,885.8607,1565.3441,897.3525,1584.4365,0.366256,1,1,0,0.0,1.0,0.7,interior_track_birth
5138,85.63333333333334,20,roi_001,891.9545,1574.4505,881.817,1563.5681,902.092,1585.3329,0.507229,1,4,0,0.011127,0.048734,0.828166,ambiguous_assignment
5138,85.63333333333334,21,roi_001,891.6066,1574.8903,885.8607,1565.3441,897.3525,1584.4365,0.366256,0,2,1,0.0,0.0,0.44,missing_detection
5139,85.65,20,roi_001,891.5887,1574.3484,883.5973,1562.0892,899.58,1586.6077,0.571652,1,5,0,0.030169,0.021924,0.895189,ambiguous_assignment
5139,85.65,21,roi_001,891.2629,1576.4637,884.979,1569.2604,897.5469,1583.6671,0.162351,1,3,0,0.041571,0.010522,0.923694,ambiguous_assignment
5140,85.66666666666667,20,roi_001,891.6416,1574.121,883.5558,1561.5981,899.7273,1586.6438,0.574196,1,6,0,0.039696,0.061581,0.796047,ambiguous_assignment
5140,85.66666666666667,21,roi_001,891.0783,1575.4721,885.6609,1566.2323,896.4956,1584.7119,0.36498,1,4,0,0.11618,-0.002176,0.95,ambiguous_assignment
5140,85.66666666666667,22,roi_001,891.927,1575.9941,880.2285,1567.9507,903.6255,1584.0376,0.260183,1,1,0,0.0,1.0,0.7,interior_track_birth
5141,85.68333333333334,20,roi_001,891.6214,1574.3128,883.5862,1562.0205,899.6566,1586.6051,0.561816,1,7,0,0.02853,0.039831,0.850423,ambiguous_assignment
5141,85.68333333333334,21,roi_001,890.8936,1574.4805,885.4763,1565.2407,896.3109,1583.7203,0.36498,0,5,1,0.11618,0.0,0.44,missing_detection
5141,85.68333333333334,22,roi_001,891.927,1575.9941,880.2285,1567.9507,903.6255,1584.0376,0.260183,0,2,1,0.0,0.0,0.44,missing_detection
5142,85.7,20,roi_001,891.7343,1574.6584,881.0446,1563.2634,902.4241,1586.0535,0.584127,1,8,0,0.051287,-0.00354,0.95,ambiguous_assignment
5142,85.7,21,roi_001,890.709,1573.4888,885.2916,1564.249,896.1263,1582.7286,0.36498,0,6,2,0.11618,0.0,0.53,missing_detection
5142,85.7,22,roi_001,891.3542,1575.2184,885.5731,1565.8552,897.1354,1584.5817,0.47069,1,3,0,0.06596,-0.018213,0.95,ambiguous_assignment
5143,85.71666666666667,20,roi_001,891.6205,1574.8259,882.2578,1564.1881,900.9831,1585.4636,0.68414,1,9,0,0.036753,0.020801,0.897997,ambiguous_assignment
5143,85.71666666666667,21,roi_001,890.5243,1572.4972,885.107,1563.2574,895.9416,1581.737,0.36498,0,7,3,0.11618,0.0,0.62,missing_detection
5143,85.71666666666667,22,roi_001,891.367,1576.5802,884.9008,1569.1287,897.8332,1584.0317,0.288624,1,4,0,0.059095,-0.001541,0.95,ambiguous_assignment
5144,85.73333333333333,20,roi_001,891.5247,1574.908,881.7896,1564.0835,901.2599,1585.7325,0.682425,1,10,0,0.012243,0.076236,0.759411,ambiguous_assignment
5144,85.73333333333333,21,roi_001,890.3396,1571.5056,884.9223,1562.2657,895.757,1580.7454,0.36498,0,8,4,0.11618,0.0,0.71,missing_detection
5144,85.73333333333333,22,roi_001,891.2784,1576.622,884.8528,1569.2653,897.704,1583.9788,0.305755,1,5,0,0.038286,0.050192,0.824519,ambiguous_assignment
5145,85.75,20,roi_001,891.5412,1574.8835,882.0955,1564.1508,900.9869,1585.6163,0.681927,1,11,0,0.012823,0.061417,0.796459,ambiguous_assignment
5145,85.75,21,roi_001,890.155,1570.5139,884.7376,1561.2741,895.5723,1579.7537,0.36498,0,9,5,0.11618,0.0,0.8,missing_detection
5145,85.75,22,roi_001,891.3392,1576.5765,884.8746,1569.1041,897.8038,1584.0488,0.262014,1,6,0,0.007816,0.066424,0.783939,ambiguous_assignment
5146,85.76666666666667,20,roi_001,891.6237,1574.5336,881.6633,1563.3964,901.5841,1585.6709,0.696788,1,12,0,0.015852,0.045892,0.835269,ambiguous_assignment
5146,85.76666666666667,22,roi_001,891.3323,1575.4441,885.4768,1566.3461,897.1877,1584.5421,0.55087,1,7,0,0.037369,0.024375,0.889063,ambiguous_assignment
5147,85.78333333333333,20,roi_001,891.3863,1575.9738,882.0375,1566.1855,900.735,1585.762,0.668495,1,13,0,0.042519,0.025391,0.886522,ambiguous_assignment
5147,85.78333333333333,22,roi_001,891.0969,1576.7485,884.7302,1569.6216,897.4636,1583.8755,0.373032,1,8,0,0.059921,0.00799,0.930026,ambiguous_assignment
5148,85.8,20,roi_001,891.26,1575.9591,881.6213,1565.9187,900.8987,1585.9995,0.686699,1,14,0,0.032898,0.027632,0.880919,ambiguous_assignment
5148,85.8,22,roi_001,891.1036,1576.8184,884.6345,1569.4862,897.5728,1584.1505,0.384528,1,9,0,0.033036,0.027494,0.881266,ambiguous_assignment
5149,85.81666666666666,20,roi_001,891.4406,1575.4479,881.0397,1564.6337,901.8416,1586.2622,0.72809,1,15,0,0.020629,0.029961,0.875098,ambiguous_assignment
5149,85.81666666666666,22,roi_001,891.2188,1575.9962,885.4366,1567.0219,897.001,1584.9705,0.605408,1,10,0,0.036946,0.013644,0.91589,ambiguous_assignment
5150,85.83333333333333,20,roi_001,891.4292,1575.4796,881.0662,1564.6633,901.7922,1586.2959,0.726211,1,16,0,0.013056,0.049637,0.825907,ambiguous_assignment
5150,85.83333333333333,22,roi_001,891.1885,1576.063,885.4165,1567.1173,896.9606,1585.0087,0.604725,1,11,0,0.022296,0.040397,0.849007,ambiguous_assignment
5151,85.85,20,roi_001,891.7956,1576.63,881.863,1566.616,901.7283,1586.644,0.648722,1,17,0,0.027381,0.035771,0.860572,ambiguous_assignment
5151,85.85,22,roi_001,891.3261,1577.5173,884.8062,1570.3943,897.8461,1584.6404,0.394519,1,12,0,0.044469,0.018683,0.903292,ambiguous_assignment
5152,85.86666666666666,20,roi_001,891.5072,1576.5683,880.7168,1566.0841,902.2977,1587.0525,0.587303,1,18,0,0.051021,0.039796,0.850511,ambiguous_assignment
5152,85.86666666666666,22,roi_001,891.6351,1577.4614,883.5676,1571.953,899.7026,1582.9697,0.309733,1,13,0,0.088843,0.001974,0.945064,ambiguous_assignment
5152,85.86666666666666,23,roi_001,891.0972,1576.4579,885.3273,1567.6071,896.8671,1585.3088,0.478,1,1,0,0.0,1.0,0.7,interior_track_birth
5153,85.88333333333334,20,roi_001,891.5062,1576.5685,880.7148,1566.0829,902.2975,1587.0541,0.588019,1,19,0,0.018199,0.048908,0.827731,ambiguous_assignment
5153,85.88333333333334,22,roi_001,891.6344,1577.4614,883.5667,1571.953,899.7021,1582.9697,0.310527,1,14,0,0.033362,0.030988,0.872529,ambiguous_assignment
5153,85.88333333333334,23,roi_001,891.0967,1576.4584,885.3269,1567.6066,896.8665,1585.3103,0.478657,1,2,0,2.7e-05,0.064324,0.789191,ambiguous_assignment
5154,85.9,20,roi_001,891.6636,1576.5845,881.2365,1566.3921,902.0907,1586.777,0.519065,1,20,0,0.014805,0.049802,0.825494,ambiguous_assignment
5154,85.9,22,roi_001,891.4468,1577.8397,883.1176,1572.3383,899.776,1583.3411,0.211737,1,15,0,0.032019,0.037414,0.856465,ambiguous_assignment
5154,85.9,23,roi_001,891.1256,1576.6019,885.2706,1567.8878,896.9806,1585.3159,0.3867,1,3,0,0.004674,0.059933,0.800166,ambiguous_assignment
5155,85.91666666666667,20,roi_001,890.8366,1576.7915,880.7104,1566.7822,900.9628,1586.8008,0.764364,1,21,0,0.024178,0.035102,0.862244,ambiguous_assignment
5155,85.91666666666667,22,roi_001,891.2592,1578.218,882.9299,1572.7166,899.5884,1583.7194,0.211737,0,16,1,0.032019,0.0,0.44,missing_detection
5155,85.91666666666667,23,roi_001,890.8284,1577.6483,884.1353,1570.3723,897.5215,1584.9242,0.68499,1,4,0,0.043142,0.01035,0.924125,ambiguous_assignment
5156,85.93333333333334,20,roi_001,890.7936,1576.8256,880.7051,1566.845,900.8821,1586.8062,0.767566,1,22,0,0.019316,0.057811,0.805473,ambiguous_assignment
5156,85.93333333333334,22,roi_001,891.0715,1578.5963,882.7423,1573.0948,899.4008,1584.0977,0.211737,0,17,2,0.032019,0.0,0.53,missing_detection
5156,85.93333333333334,23,roi_001,890.8114,1577.6616,884.1071,1570.3739,897.5156,1584.9493,0.689509,1,5,0,0.032896,0.019869,0.900328,ambiguous_assignment
5157,85.95,20,roi_001,890.7303,1576.8291,880.717,1566.9685,900.7435,1586.6897,0.75713,1,23,0,0.003376,0.064527,0.788681,ambiguous_assignment
5157,85.95,22,roi_001,890.8839,1578.9745,882.5547,1573.4731,899.2131,1584.476,0.211737,0,18,3,0.032019,0.0,0.62,missing_detection
5157,85.95,23,roi_001,890.757,1577.6343,884.011,1570.3887,897.5031,1584.88,0.670602,1,6,0,0.004828,0.047591,0.831023,ambiguous_assignment
5158,85.96666666666667,20,roi_001,890.7687,1577.0604,881.0286,1567.348,900.5089,1586.7727,0.792338,1,24,0,0.008559,0.053197,0.817007,ambiguous_assignment
5158,85.96666666666667,22,roi_001,890.6963,1579.3528,882.3671,1573.8514,899.0255,1584.8542,0.211737,0,19,4,0.032019,0.0,0.71,missing_detection
5158,85.96666666666667,23,roi_001,890.7027,1577.6071,883.9567,1570.3614,897.4488,1584.8527,0.670602,0,7,1,0.004828,0.0,0.44,missing_detection
5159,85.98333333333333,20,roi_001,890.9887,1576.8603,880.4522,1566.6135,901.5251,1587.1071,0.713305,1,25,0,0.018174,0.036138,0.859655,ambiguous_assignment
5159,85.98333333333333,22,roi_001,890.5087,1579.7311,882.1794,1574.2297,898.8379,1585.2325,0.211737,0,20,5,0.032019,0.0,0.8,missing_detection
5159,85.98333333333333,23,roi_001,890.5717,1577.2164,884.5846,1568.4012,896.5587,1586.0316,0.675153,1,8,0,0.030004,0.024308,0.889231,ambiguous_assignment
5160,86.0,20,roi_001,890.8963,1576.8097,880.475,1566.6548,901.3177,1586.9646,0.721501,1,26,0,0.008349,0.056619,0.808452,ambiguous_assignment
5160,86.0,23,roi_001,890.756,1576.5287,884.806,1567.8345,896.7061,1585.223,0.661933,1,9,0,0.014862,0.050106,0.824735,ambiguous_assignment
5161,86.01666666666667,20,roi_001,890.9991,1577.2689,881.0327,1567.3959,900.9655,1587.142,0.732322,1,27,0,0.015778,0.056249,0.809378,ambiguous_assignment
5161,86.01666666666667,23,roi_001,890.9415,1577.9081,884.3976,1570.8228,897.4854,1584.9935,0.643053,1,10,0,0.052074,0.019953,0.900118,ambiguous_assignment
5162,86.03333333333333,20,roi_001,890.9604,1576.8909,880.382,1566.6003,901.5389,1587.1814,0.729152,1,28,0,0.022747,0.03843,0.853924,ambiguous_assignment
5162,86.03333333333333,23,roi_001,890.5915,1577.1682,884.5435,1568.2837,896.6395,1586.0526,0.693163,1,11,0,0.052906,0.008272,0.929321,ambiguous_assignment
5163,86.05,20,roi_001,891.6917,1576.942,881.157,1566.9004,902.2264,1586.9836,0.547892,1,29,0,0.020678,0.049161,0.827096,ambiguous_assignment
5163,86.05,23,roi_001,890.855,1577.0094,885.3634,1568.6454,896.3466,1585.3734,0.425214,1,12,0,0.025771,0.044069,0.839827,ambiguous_assignment
5164,86.06666666666666,20,roi_001,891.5505,1576.9952,880.7822,1566.6873,902.3189,1587.3031,0.620179,1,30,0,0.020726,0.054891,0.812773,ambiguous_assignment
5164,86.06666666666666,23,roi_001,890.7694,1576.9182,885.2629,1568.5275,896.2759,1585.3088,0.496778,1,13,0,0.012248,0.063369,0.791578,ambiguous_assignment
5165,86.08333333333333,20,roi_001,891.5509,1576.9951,880.7812,1566.6858,902.3206,1587.3043,0.62015,1,31,0,0.00415,0.067239,0.781903,ambiguous_assignment
5165,86.08333333333333,23,roi_001,890.7696,1576.9185,885.2632,1568.5278,896.2759,1585.3091,0.496731,1,14,0,0.004935,0.065273,0.786818,ambiguous_assignment
5165,86.08333333333333,24,roi_001,891.4349,1578.074,883.2164,1572.5082,899.6535,1583.6399,0.308135,1,1,0,0.0,1.0,0.7,interior_track_birth
5166,86.1,20,roi_001,891.6667,1576.9575,881.2848,1567.0594,902.0486,1586.8555,0.545036,1,32,0,0.008888,0.0634,0.7915,ambiguous_assignment
5166,86.1,23,roi_001,890.9533,1578.0521,884.7415,1571.1855,897.1652,1584.9187,0.291932,1,15,0,0.040764,0.003662,0.940844,ambiguous_assignment
5166,86.1,24,roi_001,891.4349,1578.074,883.2164,1572.5082,899.6535,1583.6399,0.308135,0,2,1,0.0,0.0,0.44,missing_detection
5167,86.11666666666666,20,roi_001,891.4162,1576.746,880.1614,1565.9304,902.671,1587.5616,0.563327,1,33,0,0.020807,0.051551,0.821122,ambiguous_assignment
5167,86.11666666666666,23,roi_001,890.8459,1576.8637,885.4672,1568.3196,896.2246,1585.4078,0.481831,1,16,0,0.061389,-0.000885,0.95,ambiguous_assignment
5167,86.11666666666666,24,roi_001,891.4844,1577.5566,883.4396,1572.1294,899.5292,1582.9839,0.263443,1,3,0,0.014846,0.045659,0.835853,ambiguous_assignment
5168,86.13333333333334,20,roi_001,891.5527,1576.7283,880.5741,1566.197,902.5313,1587.2596,0.558037,1,34,0,0.011097,0.062881,0.792797,ambiguous_assignment
5168,86.13333333333334,23,roi_001,890.8745,1576.8459,885.4431,1568.3955,896.306,1585.2963,0.45541,1,17,0,0.028931,0.039704,0.850739,ambiguous_assignment
5168,86.13333333333334,24,roi_001,891.571,1577.5941,883.5715,1572.126,899.5705,1583.0623,0.233894,1,4,0,0.01624,0.052396,0.819011,ambiguous_assignment
5169,86.15,20,roi_001,891.4184,1576.7927,880.3751,1566.229,902.4617,1587.3563,0.61187,1,35,0,0.006366,0.069989,0.775028,ambiguous_assignment
5169,86.15,23,roi_001,890.7891,1576.8969,885.2621,1568.4355,896.316,1585.3583,0.509264,1,18,0,0.004788,0.066204,0.78449,ambiguous_assignment
5169,86.15,24,roi_001,891.6576,1577.6316,883.6581,1572.1635,899.6571,1583.0997,0.233894,0,5,1,0.01624,0.0,0.44,missing_detection
5170,86.16666666666667,20,roi_001,891.3688,1576.8015,880.147,1566.1044,902.5907,1587.4985,0.613762,1,36,0,0.00423,0.06971,0.775724,ambiguous_assignment
5170,86.16666666666667,23,roi_001,890.7923,1576.9059,885.3386,1568.4611,896.246,1585.3507,0.568937,1,19,0,0.004013,0.06172,0.795699,ambiguous_assignment
5170,86.16666666666667,24,roi_001,891.345,1577.5703,883.2944,1572.0742,899.3957,1583.0664,0.358493,1,6,0,0.009842,0.055891,0.810271,ambiguous_assignment
5171,86.18333333333334,20,roi_001,891.0785,1577.2686,880.6987,1567.1729,901.4583,1587.3644,0.684643,1,37,0,0.019597,0.049072,0.827321,ambiguous_assignment
5171,86.18333333333334,23,roi_001,890.7911,1577.9338,884.391,1570.9429,897.1913,1584.9247,0.609323,1,20,0,0.040889,0.004809,0.937978,ambiguous_assignment
5171,86.18333333333334,24,roi_001,891.0324,1577.509,882.9818,1572.0129,899.0831,1583.0051,0.358493,0,7,1,0.009842,0.0,0.44,missing_detection
5172,86.2,20,roi_001,891.1697,1577.1391,880.6666,1567.0175,901.6728,1587.2607,0.673073,1,38,0,0.016781,0.058372,0.804071,ambiguous_assignment
5172,86.2,23,roi_001,890.8115,1577.8812,884.4474,1570.9224,897.1757,1584.8401,0.607515,1,21,0,0.027966,0.015694,0.910765,ambiguous_assignment
5172,86.2,24,roi_001,890.7198,1577.4478,882.6692,1571.9517,898.7705,1582.9438,0.358493,0,8,2,0.009842,0.0,0.53,missing_detection
5173,86.21666666666667,20,roi_001,891.1733,1577.1967,880.1869,1566.7063,902.1598,1587.6871,0.65808,1,39,0,0.010255,0.056174,0.809565,ambiguous_assignment
5173,86.21666666666667,23,roi_001,890.6888,1577.3115,884.9689,1568.4712,896.4088,1586.1519,0.652722,1,22,0,0.034782,0.009516,0.926211,ambiguous_assignment
5173,86.21666666666667,24,roi_001,891.2033,1577.7587,883.0846,1572.1902,899.3221,1583.3273,0.505451,1,9,0,0.020729,0.023568,0.89108,ambiguous_assignment
5174,86.23333333333333,20,roi_001,891.198,1577.1188,880.5789,1566.9218,901.8172,1587.3158,0.657149,1,40,0,0.007578,0.060895,0.797763,ambiguous_assignment
5174,86.23333333333333,23,roi_001,890.7299,1577.3611,884.9813,1568.5995,896.4785,1586.1227,0.635926,1,23,0,0.016977,0.051496,0.82126,ambiguous_assignment
5174,86.23333333333333,24,roi_001,891.6868,1578.0697,883.5681,1572.5012,899.8056,1583.6382,0.505451,0,10,1,0.020729,0.0,0.44,missing_detection
5175,86.25,20,roi_001,891.275,1577.3881,880.2645,1566.8411,902.2855,1587.9352,0.620887,1,41,0,0.013091,0.054169,0.814578,ambiguous_assignment
5175,86.25,23,roi_001,890.7031,1577.5897,885.1216,1568.7422,896.2847,1586.4373,0.604894,1,24,0,0.008264,0.056639,0.808404,ambiguous_assignment
5175,86.25,24,roi_001,891.3853,1577.9593,883.2109,1572.3162,899.5596,1583.6024,0.479671,1,11,0,0.022579,0.042323,0.844192,ambiguous_assignment
5176,86.26666666666667,20,roi_001,891.3814,1577.7692,880.063,1567.1611,902.6998,1588.3773,0.578782,1,42,0,0.008153,0.067272,0.78182,ambiguous_assignment
5176,86.26666666666667,23,roi_001,890.6992,1577.818,885.1165,1569.0122,896.2819,1586.6238,0.568722,1,25,0,0.003651,0.058138,0.804655,ambiguous_assignment
5176,86.26666666666667,24,roi_001,891.1809,1578.4802,882.7253,1572.7428,899.6364,1584.2175,0.479572,1,12,0,0.023824,0.037964,0.855089,ambiguous_assignment
5177,86.28333333333333,20,roi_001,891.3789,1577.7689,880.0837,1567.1758,902.6741,1588.3621,0.579102,1,43,0,0.010773,0.067867,0.780333,ambiguous_assignment
5177,86.28333333333333,23,roi_001,890.6996,1577.8199,885.1108,1569.0165,896.2883,1586.6234,0.568125,1,26,0,0.006714,0.058112,0.804719,ambiguous_assignment
5177,86.28333333333333,24,roi_001,891.1822,1578.4834,882.7255,1572.7394,899.639,1584.2274,0.478925,1,13,0,0.019045,0.045782,0.835545,ambiguous_assignment
5178,86.3,20,roi_001,891.4458,1577.6651,880.1052,1567.1345,902.7863,1588.1957,0.529746,1,44,0,0.006751,0.071992,0.770019,ambiguous_assignment
5178,86.3,23,roi_001,890.7094,1577.8257,885.1533,1569.0717,896.2654,1586.5798,0.521802,1,27,0,0.002248,0.064716,0.788209,ambiguous_assignment
5178,86.3,24,roi_001,891.2494,1578.4731,882.7072,1572.7855,899.7916,1584.1608,0.43032,1,14,0,0.005438,0.061526,0.796184,ambiguous_assignment
5179,86.31666666666666,20,roi_001,891.5251,1577.8674,879.2027,1570.042,903.8475,1585.6929,0.262297,1,45,0,0.038491,0.004158,0.939606,ambiguous_assignment
5179,86.31666666666666,23,roi_001,890.6361,1577.7697,885.4557,1569.0027,895.8165,1586.5367,0.354908,1,28,0,0.010096,0.053439,0.816402,ambiguous_assignment
5179,86.31666666666666,24,roi_001,891.0695,1578.4244,882.5465,1573.1343,899.5924,1583.7145,0.253503,1,15,0,0.016711,0.04674,0.833151,ambiguous_assignment
5179,86.31666666666666,25,roi_001,890.9208,1577.4874,882.8624,1565.595,898.9792,1589.3799,0.343658,1,1,0,0.0,1.0,0.7,interior_track_birth
5180,86.33333333333333,20,roi_001,891.4177,1577.909,879.1088,1566.7189,903.7266,1589.0991,0.318654,1,46,0,0.038477,0.00969,0.925776,ambiguous_assignment
5180,86.33333333333333,23,roi_001,890.6596,1577.7976,885.4648,1568.9951,895.8544,1586.6001,0.341599,1,29,0,0.005211,0.063918,0.790205,ambiguous_assignment
5180,86.33333333333333,24,roi_001,891.1957,1578.4784,882.6557,1573.1724,899.7357,1583.7844,0.275772,1,16,0,0.011702,0.060833,0.797917,ambiguous_assignment
5180,86.33333333333333,25,roi_001,890.9208,1577.4874,882.8624,1565.595,898.9792,1589.3799,0.343658,0,2,1,0.0,0.0,0.44,missing_detection
5181,86.35,20,roi_001,891.5069,1577.8196,879.7961,1566.9792,903.2176,1588.66,0.469475,1,47,0,0.011529,0.030428,0.873931,ambiguous_assignment
5181,86.35,23,roi_001,890.7055,1577.8043,885.2884,1568.89,896.1227,1586.7186,0.472549,1,30,0,0.006233,0.057094,0.807266,ambiguous_assignment
5181,86.35,24,roi_001,891.3085,1578.551,882.775,1572.9254,899.8419,1584.1765,0.368172,1,17,0,0.007731,0.062412,0.793971,ambiguous_assignment
5181,86.35,25,roi_001,890.9208,1577.4874,882.8624,1565.595,898.9792,1589.3799,0.343658,0,3,2,0.0,0.0,0.53,missing_detection
5182,86.36666666666666,20,roi_001,891.516,1577.884,879.2744,1570.024,903.7576,1585.744,0.26764,1,48,0,0.033377,0.010306,0.924236,ambiguous_assignment
5182,86.36666666666666,23,roi_001,890.6499,1577.8422,885.4452,1569.0292,895.8546,1586.6553,0.395952,1,31,0,0.007711,0.05574,0.810651,ambiguous_assignment
5182,86.36666666666666,24,roi_001,891.3017,1578.095,882.9261,1572.8949,899.6772,1583.295,0.280605,1,18,0,0.017878,0.050833,0.822918,ambiguous_assignment
5182,86.36666666666666,25,roi_001,890.9568,1577.5463,882.9611,1565.7009,898.9525,1589.3916,0.356558,1,4,0,0.00178,0.041902,0.845245,ambiguous_assignment
5183,86.38333333333334,20,roi_001,891.5434,1577.8766,879.8296,1567.1228,903.2572,1588.6304,0.577232,1,49,0,0.030746,0.013762,0.915595,ambiguous_assignment
5183,86.38333333333334,23,roi_001,890.7341,1577.8225,885.2944,1568.9368,896.1738,1586.7083,0.586613,1,32,0,0.007388,0.056941,0.807649,ambiguous_assignment
5183,86.38333333333334,24,roi_001,891.4798,1578.166,883.1234,1572.6146,899.8362,1583.7173,0.492394,1,19,0,0.018609,0.052127,0.819681,ambiguous_assignment
5183,86.38333333333334,25,roi_001,890.9928,1577.6051,882.997,1565.7598,898.9885,1589.4504,0.356558,0,5,1,0.00178,0.0,0.44,missing_detection
5184,86.4,20,roi_001,891.5376,1577.9105,879.7739,1567.1611,903.3014,1588.6598,0.526988,1,50,0,0.001984,0.039851,0.850373,ambiguous_assignment
5184,86.4,23,roi_001,890.7444,1577.8757,885.3054,1568.9706,896.1833,1586.7808,0.535981,1,33,0,0.003689,0.059437,0.801409,ambiguous_assignment
5184,86.4,24,roi_001,891.2739,1578.515,882.7087,1573.0334,899.8391,1583.9965,0.445835,1,20,0,0.015868,0.057778,0.805555,ambiguous_assignment
5184,86.4,25,roi_001,891.0287,1577.6639,883.033,1565.8186,899.0245,1589.5093,0.356558,0,6,2,0.00178,0.0,0.53,missing_detection
5185,86.41666666666667,20,roi_001,891.0804,1578.5427,879.6746,1570.1429,902.4862,1586.9425,0.556752,1,51,0,0.098953,0.017087,0.907283,ambiguous_assignment
5185,86.41666666666667,23,roi_001,890.7401,1578.9114,884.135,1571.7343,897.3452,1586.0886,0.480324,1,34,0,0.097564,0.001987,0.945033,ambiguous_assignment
5185,86.41666666666667,24,roi_001,891.0679,1578.864,882.5027,1573.3824,899.6331,1584.3455,0.445835,0,21,1,0.015868,0.0,0.44,missing_detection
5185,86.41666666666667,25,roi_001,891.0647,1577.7228,883.069,1565.8774,899.0605,1589.5681,0.356558,0,7,3,0.00178,0.0,0.62,missing_detection
5186,86.43333333333334,20,roi_001,891.1744,1578.6649,879.0883,1570.7148,903.2606,1586.615,0.542918,1,52,0,0.06615,0.034742,0.863145,ambiguous_assignment
5186,86.43333333333334,23,roi_001,890.7669,1578.8862,884.2352,1571.7766,897.2985,1585.9957,0.506578,1,35,0,0.064634,0.034839,0.862902,ambiguous_assignment
5186,86.43333333333334,24,roi_001,890.8619,1579.213,882.2968,1573.7314,899.4271,1584.6945,0.445835,0,22,2,0.015868,0.0,0.53,missing_detection
5186,86.43333333333334,25,roi_001,891.1007,1577.7816,883.105,1565.9363,899.0964,1589.627,0.356558,0,8,4,0.00178,0.0,0.71,missing_detection
5187,86.45,20,roi_001,891.3623,1578.9007,879.0764,1570.8801,903.6482,1586.9213,0.536128,1,53,0,0.037068,0.039664,0.850841,ambiguous_assignment
5187,86.45,23,roi_001,890.6176,1578.2523,885.5012,1568.6227,895.7339,1587.8818,0.330761,1,36,0,0.073261,-0.004737,0.95,ambiguous_assignment
5187,86.45,24,roi_001,891.4225,1578.819,883.091,1573.0947,899.7541,1584.5432,0.392419,1,23,0,0.086048,-0.017524,0.95,ambiguous_assignment
5187,86.45,25,roi_001,890.8169,1578.5599,882.5894,1566.177,899.0445,1590.9429,0.340913,1,9,0,0.065825,0.010907,0.922732,ambiguous_assignment
5188,86.46666666666667,20,roi_001,891.2382,1578.8297,878.9462,1570.7668,903.5303,1586.8926,0.528317,1,54,0,0.030699,0.049226,0.826935,ambiguous_assignment
5188,86.46666666666667,23,roi_001,890.8276,1578.9357,884.1782,1571.7861,897.4771,1586.0853,0.433051,1,37,0,0.071418,0.008508,0.928731,ambiguous_assignment
5188,86.46666666666667,24,roi_001,891.9832,1578.425,883.6516,1572.7007,900.3147,1584.1492,0.392419,0,24,1,0.086048,0.0,0.44,missing_detection
5188,86.46666666666667,25,roi_001,890.5331,1579.3383,882.3056,1566.9553,898.7607,1591.7212,0.340913,0,10,1,0.065825,0.0,0.44,missing_detection
5189,86.48333333333333,20,roi_001,891.2268,1579.0478,878.777,1571.0099,903.6765,1587.0857,0.536836,1,55,0,0.0192,0.045436,0.836409,ambiguous_assignment
5189,86.48333333333333,23,roi_001,890.7765,1579.0893,884.1273,1571.9236,897.4257,1586.255,0.396383,1,38,0,0.028832,0.040832,0.84792,ambiguous_assignment
5189,86.48333333333333,24,roi_001,892.5438,1578.031,884.2122,1572.3068,900.8753,1583.7552,0.392419,0,25,2,0.086048,0.0,0.53,missing_detection
5189,86.48333333333333,25,roi_001,890.5268,1578.5481,882.1529,1566.2294,898.9006,1590.8668,0.29486,1,11,0,0.062528,0.002108,0.94473,ambiguous_assignment
5190,86.5,20,roi_001,891.4431,1579.0176,878.9734,1570.9589,903.9128,1587.0764,0.514598,1,56,0,0.016657,0.047396,0.831511,ambiguous_assignment
5190,86.5,23,roi_001,890.6476,1578.4125,885.469,1568.8092,895.8263,1588.0159,0.274147,1,39,0,0.054628,0.010651,0.923374,ambiguous_assignment
5190,86.5,24,roi_001,891.8151,1578.4094,883.1102,1573.3049,900.52,1583.5138,0.344784,1,26,0,0.077251,-0.011972,0.95,ambiguous_assignment
5190,86.5,25,roi_001,890.6953,1578.7233,882.3642,1566.17,899.0265,1591.2766,0.276291,1,12,0,0.042692,0.021361,0.896598,ambiguous_assignment
5191,86.51666666666667,20,roi_001,891.2478,1579.1438,879.0458,1571.1067,903.4498,1587.1809,0.50553,1,57,0,0.015799,0.0513,0.82175,ambiguous_assignment
5191,86.51666666666667,23,roi_001,890.7661,1579.2075,884.1186,1572.0499,897.4136,1586.365,0.331602,1,40,0,0.059953,0.00697,0.932575,ambiguous_assignment
5191,86.51666666666667,24,roi_001,891.0864,1578.7877,882.3816,1573.6833,899.7913,1583.8922,0.344784,0,27,1,0.077251,0.0,0.44,missing_detection
5191,86.51666666666667,25,roi_001,890.575,1578.5643,882.4098,1566.3378,898.7403,1590.7909,0.27162,1,13,0,0.027812,0.039111,0.852222,ambiguous_assignment
5192,86.53333333333333,20,roi_001,891.1084,1579.0209,879.3438,1570.5776,902.8729,1587.4642,0.479517,1,58,0,0.014825,0.045728,0.835679,ambiguous_assignment
5192,86.53333333333333,23,roi_001,890.7079,1579.1736,884.0637,1572.0411,897.3521,1586.3062,0.35007,1,41,0,0.027307,0.033247,0.866883,ambiguous_assignment
5192,86.53333333333333,24,roi_001,890.3578,1579.1661,881.6529,1574.0616,899.0626,1584.2705,0.344784,0,28,2,0.077251,0.0,0.53,missing_detection
5192,86.53333333333333,25,roi_001,890.4547,1578.4053,882.2895,1566.1788,898.62,1590.6319,0.27162,0,14,1,0.027812,0.0,0.44,missing_detection
5193,86.55,20,roi_001,891.1381,1579.0156,879.4023,1570.549,902.8739,1587.4823,0.476409,1,59,0,0.007581,0.052809,0.817977,ambiguous_assignment
5193,86.55,23,roi_001,890.7012,1579.2039,884.069,1572.0548,897.3335,1586.353,0.350424,1,42,0,0.005735,0.054655,0.813363,ambiguous_assignment
5193,86.55,24,roi_001,889.6291,1579.5444,880.9242,1574.44,898.334,1584.6489,0.344784,0,29,3,0.077251,0.0,0.62,missing_detection
5193,86.55,25,roi_001,890.3344,1578.2463,882.1692,1566.0198,898.4997,1590.4729,0.27162,0,15,2,0.027812,0.0,0.53,missing_detection
5194,86.56666666666666,20,roi_001,891.3413,1579.0554,879.3398,1570.5645,903.3428,1587.5463,0.45231,1,60,0,0.006574,0.054151,0.814622,ambiguous_assignment
5194,86.56666666666666,23,roi_001,890.7884,1579.2678,884.1603,1572.1985,897.4164,1586.3372,0.274676,1,43,0,0.005615,0.05511,0.812225,ambiguous_assignment
5194,86.56666666666666,24,roi_001,888.9004,1579.9228,880.1956,1574.8184,897.6053,1585.0272,0.344784,0,30,4,0.077251,0.0,0.71,missing_detection
5194,86.56666666666666,25,roi_001,890.2141,1578.0873,882.0489,1565.8608,898.3794,1590.3139,0.27162,0,16,3,0.027812,0.0,0.62,missing_detection
5195,86.58333333333333,20,roi_001,891.3632,1579.0428,879.4824,1570.8241,903.244,1587.2616,0.474164,1,61,0,0.00792,0.052833,0.817917,ambiguous_assignment
5195,86.58333333333333,23,roi_001,890.7516,1579.1447,884.0743,1571.9934,897.4288,1586.2959,0.357126,1,44,0,0.008171,0.052583,0.818543,ambiguous_assignment
5195,86.58333333333333,24,roi_001,888.1718,1580.3011,879.4669,1575.1967,896.8766,1585.4056,0.344784,0,31,5,0.077251,0.0,0.8,missing_detection
5195,86.58333333333333,25,roi_001,890.0938,1577.9283,881.9286,1565.7018,898.2591,1590.1549,0.27162,0,17,4,0.027812,0.0,0.71,missing_detection
5196,86.6,20,roi_001,891.2952,1579.0229,879.5391,1570.739,903.0513,1587.3069,0.492451,1,62,0,0.00358,0.055771,0.810573,ambiguous_assignment
5196,86.6,23,roi_001,891.6754,1578.6697,882.9217,1573.3539,900.4291,1583.9855,0.304525,1,45,0,0.052715,-0.002213,0.95,ambiguous_assignment
5196,86.6,25,roi_001,890.6109,1578.2867,885.5319,1568.5735,895.6899,1587.9999,0.322371,1,18,0,0.078407,-0.027905,0.95,ambiguous_assignment
5197,86.61666666666666,20,roi_001,891.3623,1579.0295,879.5486,1570.702,903.1761,1587.3569,0.48522,1,63,0,0.00365,0.054067,0.814833,ambiguous_assignment
5197,86.61666666666666,23,roi_001,892.5992,1578.1947,883.8455,1572.8789,901.353,1583.5105,0.304525,0,46,1,0.052715,0.0,0.44,missing_detection
5197,86.61666666666666,25,roi_001,890.7094,1579.1836,883.989,1571.922,897.4297,1586.4452,0.357853,1,19,0,0.060423,-0.002707,0.95,ambiguous_assignment
5198,86.63333333333334,20,roi_001,891.4841,1578.8877,879.7679,1570.552,903.2002,1587.2234,0.549527,1,64,0,0.004611,0.055441,0.811399,ambiguous_assignment
5198,86.63333333333334,23,roi_001,891.7979,1578.6212,883.1597,1573.1871,900.4362,1584.0553,0.347487,1,47,0,0.044538,0.015513,0.911217,ambiguous_assignment
5198,86.63333333333334,25,roi_001,890.675,1578.1385,885.6085,1568.3381,895.7416,1587.939,0.346446,1,20,0,0.073047,-0.00687,0.95,ambiguous_assignment
5199,86.65,20,roi_001,891.5618,1578.9987,879.2137,1570.8177,903.9099,1587.1796,0.523425,1,65,0,0.01088,0.050184,0.824541,ambiguous_assignment
5199,86.65,23,roi_001,890.8096,1579.0748,884.2328,1571.8286,897.3864,1586.321,0.360956,1,48,0,0.041956,0.019399,0.901502,ambiguous_assignment
5199,86.65,25,roi_001,890.8507,1578.3576,882.4113,1565.7783,899.2902,1590.9369,0.344868,1,21,0,0.070257,-0.009193,0.95,ambiguous_assignment
5200,86.66666666666667,20,roi_001,891.6091,1578.8479,879.7194,1570.5192,903.4988,1587.1766,0.531899,1,66,0,0.009639,0.050684,0.82329,ambiguous_assignment
5200,86.66666666666667,23,roi_001,890.8404,1579.0615,884.2478,1571.7649,897.433,1586.358,0.388767,1,49,0,0.031882,0.03049,0.873774,ambiguous_assignment
5200,86.66666666666667,25,roi_001,891.0264,1578.5767,882.5869,1565.9974,899.4659,1591.1559,0.344868,0,22,1,0.070257,0.0,0.44,missing_detection
5201,86.68333333333334,20,roi_001,891.0791,1579.1385,879.3833,1570.973,902.775,1587.304,0.590572,1,67,0,0.017665,0.035526,0.861184,ambiguous_assignment
5201,86.68333333333334,23,roi_001,890.5338,1578.2629,884.9427,1568.4434,896.1249,1588.0824,0.43377,1,50,0,0.044442,0.008749,0.928126,ambiguous_assignment
5201,86.68333333333334,25,roi_001,891.2021,1578.7957,882.7626,1566.2164,899.6416,1591.375,0.344868,0,23,2,0.070257,0.0,0.53,missing_detection
5202,86.7,20,roi_001,891.4733,1579.1257,879.5361,1571.0511,903.4105,1587.2003,0.555213,1,68,0,0.021423,0.033796,0.865511,ambiguous_assignment
5202,86.7,23,roi_001,890.9756,1579.0625,884.3388,1572.0491,897.6124,1586.0759,0.376769,1,51,0,0.056599,0.003037,0.942406,ambiguous_assignment
5202,86.7,25,roi_001,891.3778,1579.0148,882.9383,1566.4355,899.8173,1591.5941,0.344868,0,24,3,0.070257,0.0,0.62,missing_detection
5203,86.71666666666667,20,roi_001,891.8675,1579.113,879.9303,1571.0384,903.8046,1587.1876,0.555213,0,69,1,0.021423,0.0,0.44,missing_detection
5203,86.71666666666667,23,roi_001,890.5115,1579.0778,883.9003,1571.7568,897.1228,1586.3987,0.606159,1,52,0,0.03995,0.023182,0.892044,ambiguous_assignment
5203,86.71666666666667,25,roi_001,890.5768,1578.4969,879.7107,1567.556,901.4428,1589.4379,0.636885,1,25,0,0.045781,0.017351,0.906621,ambiguous_assignment
5204,86.73333333333333,20,roi_001,892.2616,1579.1002,880.3245,1571.0256,904.1988,1587.1748,0.555213,0,70,2,0.021423,0.0,0.53,missing_detection
5204,86.73333333333333,23,roi_001,890.6201,1579.1787,884.1061,1571.8446,897.134,1586.5128,0.53621,1,53,0,0.018958,0.050571,0.823574,ambiguous_assignment
5204,86.73333333333333,25,roi_001,890.6136,1578.4659,879.3439,1567.1017,901.8832,1589.8302,0.608776,1,26,0,0.029614,0.044428,0.838931,ambiguous_assignment
5205,86.75,20,roi_001,892.6558,1579.0875,880.7186,1571.0129,904.593,1587.162,0.555213,0,71,3,0.021423,0.0,0.62,missing_detection
5205,86.75,23,roi_001,890.6185,1579.1785,884.0938,1571.844,897.1433,1586.5129,0.535303,1,54,0,0.006753,0.061868,0.795331,ambiguous_assignment
5205,86.75,25,roi_001,890.6089,1578.4694,879.3815,1567.1344,901.8364,1589.8044,0.608226,1,27,0,0.006389,0.066938,0.782655,ambiguous_assignment
5206,86.76666666666667,20,roi_001,893.05,1579.0747,881.1128,1571.0001,904.9871,1587.1493,0.555213,0,72,4,0.021423,0.0,0.71,missing_detection
5206,86.76666666666667,23,roi_001,890.6047,1579.1987,884.0405,1571.7307,897.1689,1586.6666,0.559483,1,55,0,0.006213,0.064844,0.78789,ambiguous_assignment
5206,86.76666666666667,25,roi_001,890.6685,1578.5654,879.6937,1567.4374,901.6434,1589.6934,0.633754,1,28,0,0.009038,0.06295,0.792626,ambiguous_assignment
5207,86.78333333333333,20,roi_001,893.4441,1579.062,881.507,1570.9874,905.3813,1587.1365,0.555213,0,73,5,0.021423,0.0,0.8,missing_detection
5207,86.78333333333333,23,roi_001,890.5328,1579.0911,884.062,1571.895,897.0035,1586.2872,0.612314,1,56,0,0.008036,0.06252,0.793701,ambiguous_assignment
5207,86.78333333333333,25,roi_001,890.6617,1578.417,880.1064,1567.7931,901.2169,1589.0409,0.634182,1,29,0,0.013206,0.057531,0.806173,ambiguous_assignment
5208,86.8,23,roi_001,890.5343,1579.0547,884.0696,1571.8644,896.999,1586.2451,0.613503,1,57,0,0.004295,0.06255,0.793626,ambiguous_assignment
5208,86.8,25,roi_001,890.6588,1578.311,880.1234,1567.6138,901.1941,1589.0082,0.639312,1,30,0,0.002796,0.072058,0.769855,ambiguous_assignment
5209,86.81666666666666,23,roi_001,890.4605,1579.1245,883.9194,1571.8699,897.0016,1586.379,0.618035,1,58,0,0.004951,0.070862,0.772846,ambiguous_assignment
5209,86.81666666666666,25,roi_001,890.529,1578.4774,880.0205,1567.8333,901.0375,1589.1216,0.645514,1,31,0,0.00765,0.068162,0.779594,ambiguous_assignment
5210,86.83333333333333,23,roi_001,890.5238,1579.0099,883.8979,1571.548,897.1497,1586.4719,0.653769,1,59,0,0.007848,0.060405,0.798987,ambiguous_assignment
5210,86.83333333333333,25,roi_001,890.7589,1578.3714,880.4566,1567.9326,901.0611,1588.8102,0.670841,1,32,0,0.010969,0.057284,0.806791,ambiguous_assignment
5211,86.85,23,roi_001,890.516,1577.8893,885.091,1568.2742,895.941,1587.5045,0.497169,1,60,0,0.050715,0.000996,0.94751,ambiguous_assignment
5211,86.85,25,roi_001,890.4864,1577.9198,878.8063,1566.4204,902.1666,1589.4192,0.543086,1,33,0,0.026992,0.04428,0.839299,ambiguous_assignment
5211,86.85,26,roi_001,890.9804,1579.1229,882.6764,1573.1851,899.2845,1585.0607,0.378676,1,1,0,0.0,1.0,0.7,interior_track_birth
5212,86.86666666666666,23,roi_001,890.5572,1577.844,885.1652,1568.2395,895.9491,1587.4485,0.538437,1,61,0,0.026898,0.063883,0.790292,ambiguous_assignment
5212,86.86666666666666,25,roi_001,891.1813,1578.6741,879.9812,1570.3757,902.3815,1586.9725,0.581017,1,34,0,0.050632,0.007404,0.931489,ambiguous_assignment
5212,86.86666666666666,26,roi_001,890.9804,1579.1229,882.6764,1573.1851,899.2845,1585.0607,0.378676,0,2,1,0.0,0.0,0.44,missing_detection
5213,86.88333333333334,23,roi_001,890.5983,1577.7986,885.2064,1568.1942,895.9903,1587.4031,0.538437,0,62,1,0.026898,0.0,0.44,missing_detection
5213,86.88333333333334,25,roi_001,890.6124,1578.2341,879.2497,1567.2007,901.9752,1589.2676,0.61076,1,35,0,0.051228,0.018641,0.903397,ambiguous_assignment
5213,86.88333333333334,26,roi_001,890.5558,1578.9791,884.0386,1571.6001,897.0729,1586.3582,0.57556,1,3,0,0.047005,0.00218,0.94455,ambiguous_assignment
5214,86.9,23,roi_001,890.6395,1577.7533,885.2476,1568.1488,896.0314,1587.3578,0.538437,0,63,2,0.026898,0.0,0.53,missing_detection
5214,86.9,25,roi_001,890.7334,1578.0533,878.8028,1566.5984,902.664,1589.5083,0.542598,1,36,0,0.018415,0.066379,0.784052,ambiguous_assignment
5214,86.9,26,roi_001,890.6087,1578.9927,884.2241,1571.6997,896.9933,1586.2858,0.513112,1,4,0,0.02494,0.01829,0.904275,ambiguous_assignment
5215,86.91666666666667,23,roi_001,890.6807,1577.7079,885.2887,1568.1035,896.0726,1587.3124,0.538437,0,64,3,0.026898,0.0,0.62,missing_detection
5215,86.91666666666667,25,roi_001,890.7081,1578.4951,879.3255,1567.4504,902.0906,1589.5398,0.600286,1,37,0,0.016832,0.060033,0.799918,ambiguous_assignment
5215,86.91666666666667,26,roi_001,890.5566,1579.1443,884.0666,1571.7588,897.0466,1586.5299,0.542062,1,5,0,0.009265,0.034615,0.863463,ambiguous_assignment
5216,86.93333333333334,23,roi_001,890.7218,1577.6626,885.3299,1568.0581,896.1138,1587.2671,0.538437,0,65,4,0.026898,0.0,0.71,missing_detection
5216,86.93333333333334,25,roi_001,890.9476,1578.4957,880.7752,1568.123,901.1199,1588.8683,0.664412,1,38,0,0.022271,0.045063,0.837342,ambiguous_assignment
5216,86.93333333333334,26,roi_001,891.1209,1578.8336,884.371,1571.0242,897.8708,1586.6429,0.633204,1,6,0,0.025172,0.015082,0.912295,ambiguous_assignment
5217,86.95,23,roi_001,890.763,1577.6172,885.3711,1568.0128,896.1549,1587.2217,0.538437,0,66,5,0.026898,0.0,0.8,missing_detection
5217,86.95,25,roi_001,890.961,1578.4952,880.7618,1568.1069,901.1603,1588.8835,0.662476,1,39,0,0.005191,0.056715,0.808213,ambiguous_assignment
5217,86.95,26,roi_001,891.1216,1578.8348,884.376,1571.019,897.8672,1586.6505,0.633043,1,7,0,0.020182,0.019213,0.901966,ambiguous_assignment
5218,86.96666666666667,25,roi_001,890.9922,1578.5961,881.0676,1568.3743,900.9168,1588.8179,0.670565,1,40,0,0.006199,0.048037,0.829907,ambiguous_assignment
5218,86.96666666666667,26,roi_001,890.7296,1579.0862,884.2253,1571.567,897.2339,1586.6055,0.625102,1,8,0,0.015427,0.024213,0.889468,ambiguous_assignment
5219,86.98333333333333,25,roi_001,891.0093,1578.6435,881.244,1568.6469,900.7747,1588.6401,0.683314,1,41,0,0.004919,0.058671,0.803322,ambiguous_assignment
5219,86.98333333333333,26,roi_001,890.6479,1579.1123,884.147,1571.6248,897.1488,1586.5999,0.6518,1,9,0,0.012349,0.051241,0.821896,ambiguous_assignment
5220,87.0,25,roi_001,890.8825,1578.7214,881.5672,1568.9924,900.1979,1588.4503,0.691316,1,42,0,0.009105,0.046036,0.83491,ambiguous_assignment
5220,87.0,26,roi_001,890.5662,1579.1384,884.0653,1571.6508,897.0671,1586.6259,0.6518,0,10,1,0.012349,0.0,0.44,missing_detection
5221,87.01666666666667,25,roi_001,890.7511,1578.4213,881.0031,1568.3796,900.4991,1588.4629,0.674341,1,43,0,0.012332,0.046856,0.83286,ambiguous_assignment
5221,87.01666666666667,26,roi_001,890.4845,1579.1644,883.9836,1571.6769,896.9854,1586.652,0.6518,0,11,2,0.012349,0.0,0.53,missing_detection
5222,87.03333333333333,25,roi_001,890.8356,1578.7443,881.5604,1569.1267,900.1108,1588.3619,0.707563,1,44,0,0.017944,0.034278,0.864306,ambiguous_assignment
5222,87.03333333333333,26,roi_001,890.4028,1579.1905,883.9019,1571.7029,896.9037,1586.678,0.6518,0,12,3,0.012349,0.0,0.62,missing_detection
5223,87.05,25,roi_001,890.5925,1578.4706,881.2534,1568.948,899.9316,1587.9933,0.706391,1,45,0,0.017665,0.03298,0.867549,ambiguous_assignment
5223,87.05,26,roi_001,890.3211,1579.2166,883.8203,1571.729,896.822,1586.7041,0.6518,0,13,4,0.012349,0.0,0.71,missing_detection
5224,87.06666666666666,25,roi_001,890.574,1578.4741,881.2245,1568.8998,899.9235,1588.0483,0.706304,1,46,0,0.009387,0.041771,0.845573,ambiguous_assignment
5224,87.06666666666666,26,roi_001,890.2394,1579.2426,883.7386,1571.7551,896.7403,1586.7302,0.6518,0,14,5,0.012349,0.0,0.8,missing_detection
5225,87.08333333333333,25,roi_001,890.7034,1578.1885,879.808,1567.5223,901.5988,1588.8546,0.629048,1,47,0,0.027437,0.03024,0.874401,ambiguous_assignment
5225,87.08333333333333,26,roi_001,890.5681,1579.075,884.1247,1571.6421,897.0115,1586.5079,0.623909,1,15,0,0.011627,0.04605,0.834875,ambiguous_assignment
5226,87.1,25,roi_001,890.6604,1578.2737,880.3763,1568.1016,900.9445,1588.4459,0.657091,1,48,0,0.014489,0.050949,0.822627,ambiguous_assignment
5226,87.1,26,roi_001,890.4832,1579.0598,883.9691,1571.5527,896.9973,1586.5669,0.645052,1,16,0,0.015285,0.050154,0.824616,ambiguous_assignment
5227,87.11666666666666,25,roi_001,890.8085,1578.0818,879.4172,1567.1827,902.1999,1588.9808,0.564338,1,49,0,0.020469,0.054047,0.814882,ambiguous_assignment
5227,87.11666666666666,26,roi_001,890.6366,1578.9954,884.298,1571.7244,896.9752,1586.2664,0.592079,1,17,0,0.012178,0.062338,0.794155,ambiguous_assignment
5228,87.13333333333334,25,roi_001,891.0221,1578.4536,880.3231,1567.9597,901.721,1588.9474,0.594044,1,50,0,0.017404,0.05227,0.819324,ambiguous_assignment
5228,87.13333333333334,26,roi_001,890.6524,1579.0276,884.2516,1571.6912,897.0532,1586.364,0.586968,1,18,0,0.006464,0.06321,0.791975,ambiguous_assignment
5229,87.15,25,roi_001,890.9883,1578.478,880.3276,1568.0104,901.6489,1588.9456,0.598363,1,51,0,0.01099,0.057581,0.806047,ambiguous_assignment
5229,87.15,26,roi_001,890.6475,1579.0349,884.2443,1571.7039,897.0506,1586.366,0.586332,1,19,0,0.001801,0.06677,0.783075,ambiguous_assignment
5230,87.16666666666667,25,roi_001,891.2263,1578.392,879.724,1567.1821,902.7286,1589.6018,0.521293,1,52,0,0.01749,0.055078,0.812306,ambiguous_assignment
5230,87.16666666666667,26,roi_001,890.7148,1579.0661,884.3964,1571.7897,897.0331,1586.3425,0.532485,1,20,0,0.003172,0.069396,0.776511,ambiguous_assignment
5231,87.18333333333334,25,roi_001,891.5956,1578.8895,879.0118,1570.7795,904.1794,1586.9995,0.435955,1,53,0,0.039582,0.003462,0.941345,ambiguous_assignment
5231,87.18333333333334,26,roi_001,890.7606,1579.1119,884.4866,1571.8151,897.0346,1586.4087,0.507002,1,21,0,0.001886,0.060586,0.798535,ambiguous_assignment
5231,87.18333333333334,27,roi_001,890.9636,1578.1951,883.1951,1566.2886,898.7321,1590.1016,0.481384,1,1,0,0.0,1.0,0.7,interior_track_birth
5232,87.2,25,roi_001,891.965,1579.3871,879.3812,1571.2771,904.5488,1587.4971,0.435955,0,54,1,0.039582,0.0,0.44,missing_detection
5232,87.2,26,roi_001,890.7508,1579.0536,884.3994,1571.6716,897.1022,1586.4355,0.562046,1,22,0,0.004464,0.058734,0.803166,ambiguous_assignment
5232,87.2,27,roi_001,891.3032,1578.5543,879.9601,1567.3451,902.6463,1589.7635,0.552681,1,2,0,0.041871,0.003006,0.942484,ambiguous_assignment
5233,87.21666666666667,25,roi_001,892.3344,1579.8846,879.7505,1571.7747,904.9182,1587.9946,0.435955,0,55,2,0.039582,0.0,0.53,missing_detection
5233,87.21666666666667,26,roi_001,890.7733,1579.0827,884.4653,1571.7955,897.0814,1586.3699,0.535514,1,23,0,0.003263,0.075037,0.762408,ambiguous_assignment
5233,87.21666666666667,27,roi_001,891.1883,1578.2639,879.3793,1566.7507,902.9973,1589.7771,0.462403,1,3,0,0.020265,0.029096,0.87726,ambiguous_assignment
5234,87.23333333333333,25,roi_001,891.5595,1579.1501,883.425,1573.493,899.694,1584.8071,0.285178,1,56,0,0.07125,-0.037046,0.95,ambiguous_assignment
5234,87.23333333333333,26,roi_001,890.8354,1578.1469,885.5233,1568.5004,896.1476,1587.7933,0.393889,1,24,0,0.050693,-0.001356,0.95,ambiguous_assignment
5234,87.23333333333333,27,roi_001,891.6908,1578.8361,880.0695,1570.4346,903.3121,1587.2375,0.377391,1,4,0,0.042447,-0.008243,0.95,ambiguous_assignment
5235,87.25,25,roi_001,891.4468,1577.8552,883.5025,1564.9816,899.3912,1590.7288,0.254018,1,57,0,0.068836,-0.000819,0.95,ambiguous_assignment
5235,87.25,26,roi_001,891.0844,1579.113,885.2278,1572.1553,896.9409,1586.0707,0.24323,1,25,0,0.057847,0.010169,0.924578,ambiguous_assignment
5235,87.25,27,roi_001,892.2679,1578.7867,880.3342,1570.3448,904.2017,1587.2285,0.319238,1,5,0,0.016767,0.052573,0.818567,ambiguous_assignment
5236,87.26666666666667,25,roi_001,891.3448,1578.0103,883.3498,1565.2737,899.3398,1590.7468,0.2223,1,58,0,0.027693,0.040778,0.848056,ambiguous_assignment
5236,87.26666666666667,26,roi_001,891.0671,1579.1229,885.1296,1572.2054,897.0045,1586.0404,0.232056,1,26,0,0.028655,0.056861,0.807848,ambiguous_assignment
5236,87.26666666666667,27,roi_001,892.2031,1578.8674,880.3352,1570.49,904.0709,1587.2448,0.310599,1,6,0,0.014098,0.054373,0.814068,ambiguous_assignment
5237,87.28333333333333,25,roi_001,891.4479,1578.1239,883.4354,1565.1337,899.4605,1591.1141,0.19168,1,59,0,0.007165,0.055699,0.810753,ambiguous_assignment
5237,87.28333333333333,26,roi_001,892.1752,1579.0016,883.8503,1573.6805,900.5001,1584.3226,0.170836,1,27,0,0.065576,-0.005639,0.95,ambiguous_assignment
5237,87.28333333333333,27,roi_001,892.2349,1578.8388,880.1029,1570.3401,904.3668,1587.3375,0.218413,1,7,0,0.005396,0.054541,0.813648,ambiguous_assignment
5238,87.3,25,roi_001,891.4394,1578.0843,883.4604,1565.097,899.4183,1591.0715,0.194967,1,60,0,0.004892,0.056949,0.807627,ambiguous_assignment
5238,87.3,26,roi_001,892.0706,1579.0542,883.7714,1573.6868,900.3699,1584.4216,0.167047,1,28,0,0.037272,0.026453,0.883867,ambiguous_assignment
5238,87.3,27,roi_001,892.2592,1578.885,880.1091,1570.4087,904.4092,1587.3613,0.212188,1,8,0,0.001988,0.059853,0.800369,ambiguous_assignment
5239,87.31666666666666,25,roi_001,891.3191,1578.1945,880.0787,1566.2968,902.5596,1590.0923,0.462877,1,61,0,0.035743,0.010637,0.923407,ambiguous_assignment
5239,87.31666666666666,26,roi_001,890.8643,1578.8309,884.6039,1571.5842,897.1246,1586.0776,0.435087,1,29,0,0.055906,0.026096,0.884761,ambiguous_assignment
5239,87.31666666666666,27,roi_001,892.2835,1578.9312,880.1335,1570.4549,904.4336,1587.4075,0.212188,0,9,1,0.001988,0.0,0.44,missing_detection
5240,87.33333333333333,25,roi_001,890.9879,1577.9947,883.1245,1565.4277,898.8513,1590.5616,0.338258,1,62,0,0.037027,0.001121,0.947199,ambiguous_assignment
5240,87.33333333333333,26,roi_001,890.6193,1578.8424,884.5673,1571.9395,896.6712,1585.7454,0.304057,1,30,0,0.030308,0.045472,0.836319,ambiguous_assignment
5240,87.33333333333333,27,roi_001,891.2502,1578.5332,879.6648,1570.5902,902.8356,1586.4762,0.206728,1,10,0,0.02332,0.014827,0.912931,ambiguous_assignment
5241,87.35,25,roi_001,891.0154,1577.946,883.1894,1565.4399,898.8414,1590.4521,0.34261,1,63,0,0.009984,0.050614,0.823465,ambiguous_assignment
5241,87.35,26,roi_001,890.6573,1578.8349,884.6016,1571.9141,896.7129,1585.7557,0.316207,1,31,0,0.008707,0.066841,0.782898,ambiguous_assignment
5241,87.35,27,roi_001,891.2923,1578.5226,879.7795,1570.5878,902.8051,1586.4575,0.215458,1,11,0,0.025986,0.034612,0.86347,ambiguous_assignment
5242,87.36666666666666,25,roi_001,890.7684,1577.9961,882.7466,1565.0176,898.7902,1590.9746,0.375012,1,64,0,0.011213,0.048758,0.828106,ambiguous_assignment
5242,87.36666666666666,26,roi_001,890.647,1578.8417,884.6047,1571.8989,896.6892,1585.7844,0.321751,1,32,0,0.002882,0.070903,0.772743,ambiguous_assignment
5242,87.36666666666666,27,roi_001,891.3535,1578.5588,879.7475,1570.5145,902.9596,1586.6031,0.236627,1,12,0,0.003025,0.056945,0.807636,ambiguous_assignment
5243,87.38333333333334,25,roi_001,891.1055,1578.2783,883.2546,1565.5331,898.9563,1591.0236,0.40356,1,65,0,0.015743,0.041028,0.847429,ambiguous_assignment
5243,87.38333333333334,26,roi_001,890.4668,1578.0433,885.8246,1568.5269,895.1089,1587.5598,0.252157,1,33,0,0.054633,0.006382,0.934044,ambiguous_assignment
5243,87.38333333333334,27,roi_001,891.5444,1578.6542,878.9479,1570.5927,904.1409,1586.7157,0.166098,1,13,0,0.01153,0.045241,0.836897,ambiguous_assignment
5243,87.38333333333334,28,roi_001,891.322,1578.7092,882.9807,1573.6534,899.6633,1583.765,0.195891,1,1,0,0.0,1.0,0.7,interior_track_birth
5244,87.4,25,roi_001,891.0472,1578.2601,883.2003,1565.46,898.8942,1591.0603,0.395944,1,66,0,0.012555,0.045213,0.836967,ambiguous_assignment
5244,87.4,26,roi_001,890.456,1577.9839,885.8298,1568.4178,895.0822,1587.55,0.238314,1,34,0,0.022115,0.058102,0.804745,ambiguous_assignment
5244,87.4,27,roi_001,891.4472,1578.632,878.7693,1570.5502,904.1251,1586.7137,0.152611,1,14,0,0.008022,0.049746,0.825635,ambiguous_assignment
5244,87.4,28,roi_001,891.2649,1578.7012,882.9356,1573.6376,899.5941,1583.7649,0.186286,1,2,0,0.001464,0.068244,0.77939,ambiguous_assignment
5245,87.41666666666667,25,roi_001,891.0968,1578.3631,883.0969,1565.0432,899.0967,1591.683,0.287775,1,67,0,0.007967,0.051395,0.821512,ambiguous_assignment
5245,87.41666666666667,26,roi_001,890.7766,1578.9255,884.9183,1572.3171,896.6349,1585.5339,0.259291,1,35,0,0.054435,0.002676,0.94331,ambiguous_assignment
5245,87.41666666666667,27,roi_001,891.5475,1578.6783,879.4099,1570.59,903.6851,1586.7666,0.217247,1,15,0,0.007377,0.051986,0.820035,ambiguous_assignment
5245,87.41666666666667,28,roi_001,891.2077,1578.6932,882.8785,1573.6296,899.537,1583.7569,0.186286,0,3,1,0.001464,0.0,0.44,missing_detection
5246,87.43333333333334,25,roi_001,891.1463,1578.4661,883.1464,1565.1462,899.1462,1591.7859,0.287775,0,68,1,0.007967,0.0,0.44,missing_detection
5246,87.43333333333334,26,roi_001,891.0973,1579.8671,885.239,1573.2587,896.9555,1586.4755,0.259291,0,36,1,0.054435,0.0,0.44,missing_detection
5246,87.43333333333334,27,roi_001,891.6478,1578.7246,879.5102,1570.6363,903.7854,1586.8129,0.217247,0,16,1,0.007377,0.0,0.44,missing_detection
5246,87.43333333333334,28,roi_001,891.1506,1578.6852,882.8214,1573.6216,899.4799,1583.7489,0.186286,0,4,2,0.001464,0.0,0.53,missing_detection
5247,87.45,25,roi_001,891.1959,1578.569,883.196,1565.2491,899.1958,1591.8889,0.287775,0,69,2,0.007967,0.0,0.53,missing_detection
5247,87.45,26,roi_001,891.4179,1580.8087,885.5596,1574.2003,897.2762,1587.4171,0.259291,0,37,2,0.054435,0.0,0.53,missing_detection
5247,87.45,27,roi_001,891.7481,1578.7709,879.6105,1570.6826,903.8857,1586.8593,0.217247,0,17,2,0.007377,0.0,0.53,missing_detection
5247,87.45,28,roi_001,891.0935,1578.6772,882.7642,1573.6136,899.4227,1583.7409,0.186286,0,5,3,0.001464,0.0,0.62,missing_detection
5248,87.46666666666667,25,roi_001,891.2455,1578.672,883.2455,1565.3521,899.2454,1591.9919,0.287775,0,70,3,0.007967,0.0,0.62,missing_detection
5248,87.46666666666667,26,roi_001,891.7386,1581.7503,885.8803,1575.1419,897.5968,1588.3587,0.259291,0,38,3,0.054435,0.0,0.62,missing_detection
5248,87.46666666666667,27,roi_001,891.8484,1578.8173,879.7108,1570.7289,903.986,1586.9056,0.217247,0,18,3,0.007377,0.0,0.62,missing_detection
5248,87.46666666666667,28,roi_001,891.0363,1578.6693,882.7071,1573.6056,899.3656,1583.7329,0.186286,0,6,4,0.001464,0.0,0.71,missing_detection
5249,87.48333333333333,25,roi_001,890.5633,1578.6998,882.5735,1566.0444,898.553,1591.3551,0.187232,1,71,0,0.017286,0.042954,0.842614,ambiguous_assignment
5249,87.48333333333333,26,roi_001,892.0592,1582.6919,886.2009,1576.0835,897.9175,1589.3003,0.259291,0,39,4,0.054435,0.0,0.71,missing_detection
5249,87.48333333333333,27,roi_001,892.6149,1582.4507,879.2772,1569.2715,905.9525,1595.6299,0.185413,1,19,0,0.065608,-0.005368,0.95,ambiguous_assignment
5249,87.48333333333333,28,roi_001,890.7018,1579.2546,884.7642,1572.6353,896.6395,1585.8739,0.194208,1,7,0,0.052319,0.016333,0.909168,ambiguous_assignment
5250,87.5,25,roi_001,889.8811,1578.7275,881.8913,1566.0722,897.8708,1591.3829,0.187232,0,72,1,0.017286,0.0,0.44,missing_detection
5250,87.5,26,roi_001,892.3799,1583.6335,886.5216,1577.0251,898.2381,1590.2419,0.259291,0,40,5,0.054435,0.0,0.8,missing_detection
5250,87.5,27,roi_001,893.3814,1586.0841,880.0437,1572.9049,906.719,1599.2633,0.185413,0,20,1,0.065608,0.0,0.44,missing_detection
5250,87.5,28,roi_001,890.3673,1579.8399,884.4297,1573.2206,896.305,1586.4592,0.194208,0,8,1,0.052319,0.0,0.44,missing_detection
5251,87.51666666666667,25,roi_001,892.3431,1582.4382,880.2666,1569.8062,904.4197,1595.0703,0.283623,1,73,0,0.08925,-0.007496,0.95,ambiguous_assignment
5251,87.51666666666667,27,roi_001,894.1479,1589.7175,880.8102,1576.5383,907.4855,1602.8967,0.185413,0,21,2,0.065608,0.0,0.53,missing_detection
5251,87.51666666666667,28,roi_001,890.7875,1579.2598,884.792,1572.5282,896.7831,1585.9913,0.186485,1,9,0,0.040813,0.040941,0.847648,ambiguous_assignment
5252,87.53333333333333,25,roi_001,894.8052,1586.1489,882.7287,1573.5168,906.8817,1598.781,0.283623,0,74,1,0.08925,0.0,0.44,missing_detection
5252,87.53333333333333,27,roi_001,894.9144,1593.351,881.5768,1580.1718,908.252,1606.5302,0.185413,0,22,3,0.065608,0.0,0.62,missing_detection
5252,87.53333333333333,28,roi_001,890.7485,1578.2286,882.8347,1566.21,898.6624,1590.2473,0.153092,1,10,0,0.069883,0.090949,0.722628,ambiguous_assignment
5253,87.55,25,roi_001,897.2673,1589.8596,885.1907,1577.2275,909.3438,1602.4917,0.283623,0,75,2,0.08925,0.0,0.53,missing_detection
5253,87.55,27,roi_001,895.6809,1596.9844,882.3433,1583.8052,909.0186,1610.1636,0.185413,0,23,4,0.065608,0.0,0.71,missing_detection
5253,87.55,28,roi_001,890.8886,1578.3375,883.009,1566.2922,898.7682,1590.3827,0.184409,1,11,0,0.027895,0.145787,0.011158,
5254,87.56666666666666,25,roi_001,899.7293,1593.5703,887.6528,1580.9382,911.8059,1606.2024,0.283623,0,76,3,0.08925,0.0,0.62,missing_detection
5254,87.56666666666666,27,roi_001,896.4474,1600.6178,883.1098,1587.4386,909.7851,1613.797,0.185413,0,24,5,0.065608,0.0,0.8,missing_detection
5254,87.56666666666666,28,roi_001,891.0287,1578.4463,883.1491,1566.4011,898.9083,1590.4915,0.184409,0,12,1,0.027895,0.0,0.44,missing_detection
5255,87.58333333333333,25,roi_001,892.2201,1582.7616,880.1133,1570.5853,904.3269,1594.9379,0.306691,1,77,0,0.165008,-0.073825,0.95,ambiguous_assignment
5255,87.58333333333333,27,roi_001,890.6956,1579.194,884.5036,1572.3276,896.8876,1586.0604,0.275635,1,25,0,0.194529,-0.129646,0.95,ambiguous_assignment
5255,87.58333333333333,28,roi_001,891.0251,1578.8153,883.2582,1567.1321,898.792,1590.4985,0.26686,1,13,0,0.009669,0.055214,0.811964,ambiguous_assignment
5256,87.6,25,roi_001,892.1908,1582.8287,880.0362,1570.6517,904.3453,1595.0056,0.298667,1,78,0,0.222659,-0.120237,0.95,ambiguous_assignment
5256,87.6,27,roi_001,890.6776,1579.2335,884.4969,1572.3967,896.8584,1586.0702,0.287731,1,26,0,0.350034,-0.289018,0.95,ambiguous_assignment
5256,87.6,28,roi_001,891.0023,1578.8217,883.2816,1567.1221,898.723,1590.5212,0.2755,1,14,0,0.009327,0.051689,0.820776,ambiguous_assignment
5257,87.61666666666666,25,roi_001,892.1935,1582.6125,880.1622,1570.3417,904.2249,1594.8834,0.327229,1,79,0,0.007225,0.093581,0.716048,ambiguous_assignment
5257,87.61666666666666,27,roi_001,890.7069,1579.192,884.5644,1572.3492,896.8494,1586.0347,0.287017,1,27,0,0.008997,0.052491,0.818773,ambiguous_assignment
5257,87.61666666666666,28,roi_001,890.744,1578.7827,882.8154,1566.8728,898.6727,1590.6926,0.259007,1,15,0,0.008196,0.053292,0.816771,ambiguous_assignment
5258,87.63333333333334,25,roi_001,892.2036,1582.6667,880.1031,1570.4631,904.3041,1594.8704,0.325692,1,80,0,0.00625,0.087738,0.730655,ambiguous_assignment
5258,87.63333333333334,27,roi_001,890.6852,1579.1946,884.4337,1572.1989,896.9368,1586.1904,0.286558,1,28,0,0.008587,0.050653,0.823368,ambiguous_assignment
5258,87.63333333333334,28,roi_001,891.0363,1578.8625,883.244,1567.2017,898.8286,1590.5234,0.295264,1,16,0,0.01556,0.043679,0.840802,ambiguous_assignment
5259,87.65,25,roi_001,891.3503,1578.9515,879.3186,1570.9008,903.382,1587.0023,0.331252,1,81,0,0.081115,-0.027763,0.95,ambiguous_assignment
5259,87.65,27,roi_001,890.7587,1579.0519,884.6166,1572.0721,896.9008,1586.0317,0.356911,1,29,0,0.008193,0.052289,0.819276,ambiguous_assignment
5259,87.65,28,roi_001,890.9289,1578.7562,883.1912,1566.7334,898.6666,1590.7789,0.416746,1,17,0,0.01332,0.040032,0.84992,ambiguous_assignment
5260,87.66666666666667,25,roi_001,892.0791,1582.5328,879.7229,1570.0226,904.4353,1595.043,0.332815,1,82,0,0.140573,-0.046879,0.95,ambiguous_assignment
5260,87.66666666666667,27,roi_001,890.739,1579.164,884.6494,1572.3186,896.8286,1586.0094,0.312572,1,30,0,0.009636,0.049697,0.825757,ambiguous_assignment
5260,87.66666666666667,28,roi_001,891.053,1578.8965,883.2861,1566.8315,898.8199,1590.9614,0.348295,1,18,0,0.009026,0.050308,0.824231,ambiguous_assignment
5261,87.68333333333334,25,roi_001,891.3979,1578.8665,879.3425,1570.6853,903.4534,1587.0476,0.335801,1,83,0,0.137484,-0.081194,0.95,ambiguous_assignment
5261,87.68333333333334,27,roi_001,890.7861,1578.962,884.6744,1571.9471,896.8977,1585.9768,0.329576,1,31,0,0.010606,0.053912,0.815221,ambiguous_assignment
5261,87.68333333333334,28,roi_001,891.1742,1578.8073,883.4842,1566.7277,898.8643,1590.8868,0.432018,1,19,0,0.005636,0.050654,0.823366,ambiguous_assignment
5262,87.7,25,roi_001,891.4568,1578.8246,879.4302,1570.6844,903.4835,1586.9647,0.324944,1,84,0,0.080614,-0.024442,0.95,ambiguous_assignment
5262,87.7,27,roi_001,890.8393,1578.9348,884.7592,1571.9479,896.9194,1585.9218,0.321296,1,32,0,0.005911,0.054777,0.813058,ambiguous_assignment
5262,87.7,28,roi_001,891.0278,1578.7065,883.2776,1566.5658,898.778,1590.8472,0.419901,1,20,0,0.006984,0.049188,0.827031,ambiguous_assignment
5263,87.71666666666667,25,roi_001,891.9926,1582.3673,879.6162,1569.8428,904.3691,1594.8918,0.349403,1,85,0,0.077511,0.003722,0.940695,ambiguous_assignment
5263,87.71666666666667,27,roi_001,890.7081,1579.1858,884.5748,1572.2378,896.8414,1586.1338,0.270667,1,33,0,0.010877,0.056644,0.808389,ambiguous_assignment
5263,87.71666666666667,28,roi_001,890.8814,1578.6057,883.1313,1566.465,898.6316,1590.7464,0.419901,0,21,1,0.006984,0.0,0.44,missing_detection
5264,87.73333333333333,25,roi_001,892.5284,1585.91,880.152,1573.3855,904.9049,1598.4346,0.349403,0,86,1,0.077511,0.0,0.44,missing_detection
5264,87.73333333333333,27,roi_001,890.8622,1578.9922,884.6093,1571.7554,897.1151,1586.229,0.254871,1,34,0,0.020971,0.035613,0.860967,ambiguous_assignment
5264,87.73333333333333,28,roi_001,891.4508,1578.9075,883.7943,1566.9111,899.1073,1590.9039,0.397318,1,22,0,0.025616,0.030969,0.872579,ambiguous_assignment
5265,87.75,25,roi_001,893.0642,1589.4528,880.6878,1576.9282,905.4407,1601.9773,0.349403,0,87,2,0.077511,0.0,0.53,missing_detection
5265,87.75,27,roi_001,890.8623,1578.992,884.6091,1571.757,897.1155,1586.2271,0.254616,1,35,0,0.010892,0.053594,0.816015,ambiguous_assignment
5265,87.75,28,roi_001,891.4501,1578.9068,883.7919,1566.905,899.1083,1590.9086,0.396266,1,23,0,0.021526,0.042959,0.842602,ambiguous_assignment
5266,87.76666666666667,25,roi_001,891.3943,1578.8513,879.6194,1570.6846,903.1692,1587.0179,0.302954,1,88,0,0.16335,-0.109351,0.95,ambiguous_assignment
5266,87.76666666666667,27,roi_001,890.7491,1578.9216,884.5624,1571.7352,896.9359,1586.1079,0.289379,1,36,0,0.005965,0.056636,0.808411,ambiguous_assignment
5266,87.76666666666667,28,roi_001,891.3108,1578.9238,883.5823,1566.8413,899.0392,1591.0062,0.455206,1,24,0,0.007155,0.046844,0.83289,ambiguous_assignment
5267,87.78333333333333,25,roi_001,889.7244,1568.2498,877.9495,1560.0831,901.4993,1576.4164,0.302954,0,89,1,0.16335,0.0,0.44,missing_detection
5267,87.78333333333333,27,roi_001,891.9897,1582.459,879.8363,1570.1088,904.1432,1594.8093,0.274891,1,37,0,0.128537,-0.063694,0.95,ambiguous_assignment
5267,87.78333333333333,28,roi_001,891.4104,1578.9802,883.9952,1567.3911,898.8255,1590.5692,0.417265,1,25,0,0.011171,0.053671,0.815822,ambiguous_assignment
5268,87.8,25,roi_001,888.0545,1557.6483,876.2796,1549.4816,899.8293,1565.8149,0.302954,0,90,2,0.16335,0.0,0.53,missing_detection
5268,87.8,27,roi_001,891.8285,1582.8176,880.2086,1570.9135,903.4484,1594.7217,0.26695,1,38,0,0.077765,0.019354,0.901614,ambiguous_assignment
5268,87.8,28,roi_001,891.3302,1579.0565,883.9081,1567.5731,898.7522,1590.5398,0.437376,1,26,0,0.005602,0.091517,0.721208,ambiguous_assignment
5269,87.81666666666666,25,roi_001,886.3846,1547.0468,874.6097,1538.8801,898.1594,1555.2134,0.302954,0,91,3,0.16335,0.0,0.62,missing_detection
5269,87.81666666666666,27,roi_001,891.9865,1582.7261,880.0527,1570.5061,903.9204,1594.946,0.255462,1,39,0,0.018178,0.078011,0.754972,ambiguous_assignment
5269,87.81666666666666,28,roi_001,891.3724,1579.0115,883.8986,1567.4177,898.8463,1590.6052,0.440887,1,27,0,0.004757,0.091432,0.721419,ambiguous_assignment
5270,87.83333333333333,25,roi_001,890.6853,1579.0233,884.5598,1571.873,896.8108,1586.1736,0.3105,1,92,0,0.298403,-0.230263,0.95,ambiguous_assignment|large_motion_jump
5270,87.83333333333333,27,roi_001,891.8155,1582.1777,879.3948,1569.7275,904.2362,1594.6278,0.264203,1,40,0,0.017345,0.0744,0.764,ambiguous_assignment
5270,87.83333333333333,28,roi_001,891.2527,1578.713,883.8084,1566.9137,898.697,1590.5122,0.460407,1,28,0,0.007618,0.060522,0.798696,ambiguous_assignment
5271,87.85,25,roi_001,890.6721,1578.9918,884.4596,1571.829,896.8846,1586.1547,0.24477,1,93,0,0.453628,-0.391429,0.95,ambiguous_assignment
5271,87.85,27,roi_001,892.0212,1582.4164,879.7076,1570.1178,904.3348,1594.7151,0.251502,1,41,0,0.02142,0.062668,0.793329,ambiguous_assignment
5271,87.85,28,roi_001,891.2789,1578.7723,883.6769,1566.8459,898.8809,1590.6987,0.433487,1,29,0,0.00975,0.052449,0.818877,ambiguous_assignment
5272,87.86666666666666,25,roi_001,890.6619,1578.9372,884.4748,1571.7731,896.8489,1586.1013,0.26223,1,94,0,0.003109,0.056544,0.808641,ambiguous_assignment
5272,87.86666666666666,27,roi_001,891.2727,1578.7613,879.1454,1570.4773,903.4001,1587.0453,0.244222,1,42,0,0.084319,-0.030781,0.95,ambiguous_assignment
5272,87.86666666666666,28,roi_001,891.2993,1578.7514,883.7065,1567.0103,898.892,1590.4926,0.449076,1,30,0,0.002793,0.050744,0.823139,ambiguous_assignment
5273,87.88333333333334,25,roi_001,890.638,1579.0076,884.3854,1571.8066,896.8905,1586.2085,0.269305,1,95,0,0.007313,0.053223,0.816942,ambiguous_assignment
5273,87.88333333333334,27,roi_001,891.1409,1578.8295,879.1689,1570.632,903.113,1587.0271,0.25433,1,43,0,0.081996,-0.028586,0.95,ambiguous_assignment
5273,87.88333333333334,28,roi_001,891.1105,1578.794,883.3121,1566.7035,898.9089,1590.8845,0.440788,1,31,0,0.007971,0.04544,0.836401,ambiguous_assignment
5274,87.9,25,roi_001,890.6907,1579.0716,884.4386,1571.9142,896.9427,1586.229,0.231439,1,96,0,0.006567,0.052284,0.819291,ambiguous_assignment
5274,87.9,27,roi_001,892.0519,1582.5225,879.6467,1570.2863,904.4572,1594.7588,0.250252,1,44,0,0.080361,-0.026146,0.95,ambiguous_assignment
5274,87.9,28,roi_001,891.2696,1578.892,883.6445,1567.0317,898.8947,1590.7522,0.409406,1,32,0,0.010452,0.043764,0.84059,ambiguous_assignment
5275,87.91666666666667,25,roi_001,890.7121,1578.476,884.808,1569.0527,896.6161,1587.8992,0.305904,1,97,0,0.034818,0.015875,0.910312,ambiguous_assignment
5275,87.91666666666667,27,roi_001,892.9629,1586.2155,880.5576,1573.9792,905.3681,1598.4518,0.250252,0,45,1,0.080361,0.0,0.44,missing_detection
5275,87.91666666666667,28,roi_001,890.8828,1579.0385,880.5318,1568.2645,901.2337,1589.8124,0.513788,1,33,0,0.038024,0.012669,0.918328,ambiguous_assignment
5276,87.93333333333334,25,roi_001,890.7072,1579.1193,884.3201,1571.6669,897.0944,1586.5718,0.186997,1,98,0,0.039993,0.02174,0.89565,ambiguous_assignment
5276,87.93333333333334,27,roi_001,893.8739,1589.9085,881.4686,1577.6722,906.2791,1602.1448,0.250252,0,46,2,0.080361,0.0,0.53,missing_detection
5276,87.93333333333334,28,roi_001,891.0802,1579.1076,880.7356,1568.2,901.4248,1590.0153,0.378878,1,34,0,0.013705,0.048028,0.82993,ambiguous_assignment
5277,87.95,25,roi_001,890.7073,1579.1191,884.3204,1571.6663,897.0941,1586.572,0.187148,1,99,0,0.01586,0.050501,0.823748,ambiguous_assignment
5277,87.95,27,roi_001,894.7849,1593.6015,882.3796,1581.3652,907.1901,1605.8378,0.250252,0,47,3,0.080361,0.0,0.62,missing_detection
5277,87.95,28,roi_001,891.0802,1579.1064,880.7358,1568.1973,901.4245,1590.0156,0.379092,1,35,0,0.005236,0.061125,0.797188,ambiguous_assignment
5278,87.96666666666667,25,roi_001,890.6247,1579.1494,884.2352,1571.7493,897.0142,1586.5496,0.161703,1,100,0,0.00332,0.062336,0.794161,ambiguous_assignment
5278,87.96666666666667,27,roi_001,895.6958,1597.2945,883.2906,1585.0582,908.1011,1609.5308,0.250252,0,48,4,0.080361,0.0,0.71,missing_detection
5278,87.96666666666667,28,roi_001,890.9206,1579.1919,880.3673,1568.1932,901.4738,1590.1906,0.373168,1,36,0,0.004922,0.060733,0.798166,ambiguous_assignment
5279,87.98333333333333,25,roi_001,890.803,1579.1588,884.3745,1571.6876,897.2316,1586.63,0.231827,1,101,0,0.00813,0.054759,0.813103,ambiguous_assignment
5279,87.98333333333333,27,roi_001,896.6068,1600.9875,884.2016,1588.7512,909.0121,1613.2238,0.250252,0,49,5,0.080361,0.0,0.8,missing_detection
5279,87.98333333333333,28,roi_001,891.1351,1578.9951,881.01,1568.3053,901.2602,1589.6849,0.377709,1,37,0,0.012083,0.050806,0.822985,ambiguous_assignment
5280,88.0,25,roi_001,890.6603,1579.2149,884.1674,1571.5555,897.1533,1586.8743,0.211541,1,102,0,0.010951,0.048206,0.829485,ambiguous_assignment
5280,88.0,28,roi_001,890.9142,1579.0999,881.0341,1568.4497,900.7943,1589.7501,0.37524,1,38,0,0.012668,0.046489,0.833778,ambiguous_assignment
5281,88.01666666666667,25,roi_001,890.6631,1579.144,884.2144,1571.5568,897.1118,1586.7313,0.224988,1,103,0,0.006082,0.05123,0.821924,ambiguous_assignment
5281,88.01666666666667,28,roi_001,890.9064,1579.0062,880.8511,1568.296,900.9617,1589.7163,0.387693,1,39,0,0.007175,0.050137,0.824656,ambiguous_assignment
5282,88.03333333333333,25,roi_001,891.2367,1582.7022,883.9772,1570.9813,898.4962,1594.4231,0.360928,1,104,0,0.085331,-0.028513,0.95,ambiguous_assignment
5282,88.03333333333333,28,roi_001,891.2034,1578.9456,879.8676,1570.9404,902.5392,1586.9508,0.227737,1,40,0,0.035421,0.021397,0.896508,ambiguous_assignment
5283,88.05,25,roi_001,890.785,1579.2443,884.1605,1571.6573,897.4095,1586.8313,0.19708,1,105,0,0.136149,-0.079406,0.95,ambiguous_assignment
5283,88.05,28,roi_001,890.8825,1579.1708,880.9578,1568.6857,900.8072,1589.656,0.340179,1,41,0,0.038604,0.018139,0.904652,ambiguous_assignment
5284,88.06666666666666,25,roi_001,890.688,1579.3085,884.0176,1571.7362,897.3583,1586.8807,0.194178,1,106,0,0.079085,-0.021082,0.95,ambiguous_assignment
5284,88.06666666666666,28,roi_001,890.9048,1582.4698,880.2585,1571.7799,901.5511,1593.1597,0.330532,1,42,0,0.064494,-0.006491,0.95,ambiguous_assignment
5285,88.08333333333333,25,roi_001,890.6798,1579.3043,884.1729,1571.8257,897.1867,1586.783,0.155081,1,107,0,0.005071,0.092603,0.718492,ambiguous_assignment
5285,88.08333333333333,28,roi_001,890.9812,1582.2004,879.6533,1570.8666,902.3091,1593.5343,0.353955,1,43,0,0.071046,0.026629,0.883427,ambiguous_assignment
5286,88.1,25,roi_001,890.9974,1579.0728,879.5551,1571.1052,902.4398,1587.0404,0.202695,1,108,0,0.058139,0.003665,0.940837,ambiguous_assignment
5286,88.1,28,roi_001,891.2069,1582.8995,883.9244,1571.1821,898.4894,1594.6168,0.355904,1,44,0,0.054426,0.007378,0.931556,ambiguous_assignment
5287,88.11666666666666,25,roi_001,891.3151,1578.8413,879.8728,1570.8737,902.7574,1586.8089,0.202695,0,109,1,0.058139,0.0,0.44,missing_detection
5287,88.11666666666666,28,roi_001,891.1956,1582.6537,883.8604,1570.9547,898.5309,1594.3528,0.335525,1,45,0,0.022705,0.071459,0.771351,ambiguous_assignment
5288,88.13333333333334,25,roi_001,891.6328,1578.6098,880.1904,1570.6422,903.0751,1586.5774,0.202695,0,110,2,0.058139,0.0,0.53,missing_detection
5288,88.13333333333334,28,roi_001,891.0934,1582.3646,883.9548,1570.9696,898.2321,1593.7596,0.372846,1,46,0,0.007149,0.073508,0.766231,ambiguous_assignment
5289,88.15,25,roi_001,891.9504,1578.3783,880.5081,1570.4107,903.3927,1586.3459,0.202695,0,111,3,0.058139,0.0,0.62,missing_detection
5289,88.15,28,roi_001,891.0938,1582.3636,883.9576,1570.9778,898.23,1593.7495,0.372936,1,47,0,0.007728,0.068673,0.778317,ambiguous_assignment
5290,88.16666666666667,25,roi_001,892.2681,1578.1468,880.8257,1570.1792,903.7104,1586.1144,0.202695,0,112,4,0.058139,0.0,0.71,missing_detection
5290,88.16666666666667,28,roi_001,891.0,1582.5175,883.7254,1571.1162,898.2745,1593.9187,0.447527,1,48,0,0.006694,0.069267,0.776833,ambiguous_assignment
5291,88.18333333333334,25,roi_001,892.5857,1577.9153,881.1434,1569.9477,904.028,1585.8829,0.202695,0,113,5,0.058139,0.0,0.8,missing_detection
5291,88.18333333333334,28,roi_001,891.0464,1582.7603,883.7224,1571.3306,898.3704,1594.1899,0.445328,1,49,0,0.005685,0.071632,0.77092,ambiguous_assignment
5292,88.2,28,roi_001,890.978,1582.6332,883.757,1571.3224,898.1989,1593.944,0.444751,1,50,0,0.009562,0.066054,0.784866,ambiguous_assignment
5293,88.21666666666667,28,roi_001,890.9646,1582.5673,883.725,1571.2661,898.2042,1593.8684,0.462122,1,51,0,0.002635,1.0,0.001054,
5294,88.23333333333333,28,roi_001,890.8948,1582.8353,883.6121,1571.5791,898.1775,1594.0914,0.38531,1,52,0,0.007853,1.0,0.003141,
5295,88.25,28,roi_001,890.9584,1582.7424,883.6719,1571.3604,898.2449,1594.1244,0.482371,1,53,0,0.009486,1.0,0.003794,
5296,88.26666666666667,28,roi_001,890.9673,1582.5435,882.2305,1572.7256,899.7041,1592.3613,0.460646,1,54,0,0.028942,1.0,0.011577,
5297,88.28333333333333,28,roi_001,890.9313,1582.6713,883.7592,1571.4431,898.1035,1593.8995,0.43212,1,55,0,0.030343,1.0,0.012137,
5298,88.3,28,roi_001,890.9557,1582.7357,883.7704,1571.5225,898.1409,1593.949,0.427225,1,56,0,0.002483,1.0,0.000993,
5299,88.31666666666666,28,roi_001,890.9796,1582.7922,883.6642,1571.3477,898.2949,1594.2367,0.43801,1,57,0,0.004218,1.0,0.001687,
5300,88.33333333333333,28,roi_001,890.9536,1583.0947,882.2614,1573.1526,899.6459,1593.0369,0.339311,1,58,0,0.029231,1.0,0.011693,
5301,88.35,28,roi_001,890.9132,1583.2588,882.2426,1573.4655,899.5839,1593.0521,0.304671,1,59,0,0.004004,1.0,0.001602,
5302,88.36666666666666,28,roi_001,891.0237,1583.1806,883.7419,1571.5709,898.3054,1594.7903,0.412057,1,60,0,0.030978,1.0,0.012391,
5303,88.38333333333334,28,roi_001,891.0921,1583.249,883.8248,1571.5458,898.3595,1594.9523,0.39307,1,61,0,0.003963,1.0,0.001585,
5304,88.4,28,roi_001,891.0993,1583.2095,883.834,1571.5039,898.3646,1594.9152,0.39764,1,62,0,0.003411,1.0,0.001364,
5305,88.41666666666667,28,roi_001,890.9942,1583.2537,883.6848,1571.5355,898.3037,1594.9719,0.36287,1,63,0,0.003945,1.0,0.001578,
5306,88.43333333333334,28,roi_001,891.1119,1583.2125,883.8459,1571.5256,898.3779,1594.8994,0.398942,1,64,0,0.006421,1.0,0.002568,
5307,88.45,28,roi_001,890.7686,1583.7535,881.2548,1573.5848,900.2823,1593.9222,0.488582,1,65,0,0.041085,1.0,0.016434,
5308,88.46666666666667,28,roi_001,890.9926,1583.801,882.2335,1573.9883,899.7518,1593.6138,0.530402,1,66,0,0.021171,1.0,0.008468,
5309,88.48333333333333,28,roi_001,891.2394,1583.8551,883.9606,1572.7664,898.5182,1594.9438,0.548447,1,67,0,0.025697,1.0,0.010279,
5310,88.5,28,roi_001,891.0803,1583.8337,882.0008,1573.9807,900.1597,1593.6868,0.561302,1,68,0,0.032774,1.0,0.013109,
5311,88.51666666666667,28,roi_001,891.0205,1584.204,883.7611,1573.3378,898.2799,1595.0703,0.540001,1,69,0,0.031476,1.0,0.012591,
5312,88.53333333333333,28,roi_001,890.7363,1583.7803,881.6531,1573.9323,899.8195,1593.6284,0.551587,1,70,0,0.035851,1.0,0.01434,
5313,88.55,28,roi_001,890.735,1583.7675,881.6111,1573.9052,899.8589,1593.6298,0.55292,1,71,0,0.012835,1.0,0.005134,
5314,88.56666666666666,28,roi_001,890.674,1583.9056,881.7833,1574.1976,899.5646,1593.6136,0.554945,1,72,0,0.00655,1.0,0.00262,
5315,88.58333333333333,28,roi_001,890.8165,1584.1279,881.7363,1574.2881,899.8966,1593.9677,0.515007,1,73,0,0.0064,1.0,0.00256,
5316,88.6,28,roi_001,890.9195,1584.3282,883.5411,1573.2441,898.2979,1595.4122,0.512879,1,74,0,0.027959,1.0,0.011184,
5317,88.61666666666666,28,roi_001,890.7706,1584.3306,881.8893,1574.7505,899.6518,1593.9106,0.51226,1,75,0,0.030452,1.0,0.012181,
5318,88.63333333333334,28,roi_001,890.746,1584.1606,882.0573,1574.6333,899.4348,1593.688,0.572726,1,76,0,0.006919,1.0,0.002768,
5319,88.65,28,roi_001,890.5987,1584.2469,882.0389,1574.7085,899.1585,1593.7853,0.593108,1,77,0,0.007643,1.0,0.003057,
5320,88.66666666666667,28,roi_001,890.5936,1584.441,882.0258,1574.9874,899.1614,1593.8945,0.586839,1,78,0,0.004996,1.0,0.001998,
5321,88.68333333333334,28,roi_001,890.7081,1583.6295,882.3958,1574.041,899.0203,1593.2179,0.544639,1,79,0,0.023793,1.0,0.009517,
5322,88.7,28,roi_001,890.781,1583.8542,882.3792,1574.1276,899.1829,1593.5809,0.55783,1,80,0,0.022534,1.0,0.009014,
5323,88.71666666666667,28,roi_001,890.569,1584.037,881.4358,1574.1323,899.7021,1593.9417,0.620216,1,81,0,0.013118,1.0,0.005247,
5324,88.73333333333333,28,roi_001,890.5648,1584.058,881.2507,1573.9545,899.879,1594.1616,0.575053,1,82,0,0.007498,1.0,0.002999,
5325,88.75,28,roi_001,890.5653,1584.0613,881.2543,1573.9609,899.8763,1594.1616,0.575124,1,83,0,0.00074,1.0,0.000296,
5326,88.76666666666667,28,roi_001,890.5541,1584.3154,881.2062,1574.2828,899.902,1594.348,0.576247,1,84,0,0.005806,1.0,0.002323,
5327,88.78333333333333,28,roi_001,890.1659,1585.6805,881.9562,1577.1841,898.3756,1594.177,0.51694,1,85,0,0.042165,1.0,0.016866,
5328,88.8,28,roi_001,890.2321,1585.7561,882.2577,1577.4878,898.2064,1594.0244,0.521369,1,86,0,0.036234,1.0,0.014494,
5329,88.81666666666666,28,roi_001,890.2155,1585.8058,882.2777,1577.6002,898.1533,1594.0114,0.50594,1,87,0,0.004483,1.0,0.001793,
5330,88.83333333333333,28,roi_001,890.1839,1585.5758,881.8867,1576.968,898.481,1594.1836,0.518272,1,88,0,0.012733,1.0,0.005093,
5331,88.85,28,roi_001,890.1291,1585.493,882.6381,1577.4769,897.6201,1593.509,0.526922,1,89,0,0.021921,1.0,0.008769,
5332,88.86666666666666,28,roi_001,890.1842,1585.6486,882.6369,1577.6094,897.7315,1593.6877,0.516597,1,90,0,0.009979,1.0,0.003991,
5333,88.88333333333334,28,roi_001,890.6508,1583.9648,881.6652,1574.0146,899.6364,1593.9149,0.511513,1,91,0,0.055548,1.0,0.022219,
5334,88.9,28,roi_001,890.5074,1583.8531,881.5147,1573.8093,899.5001,1593.8969,0.537673,1,92,0,0.040941,1.0,0.016376,
5335,88.91666666666667,28,roi_001,890.3498,1584.5487,881.2266,1574.9329,899.473,1594.1646,0.625205,1,93,0,0.020078,0.087819,0.730452,ambiguous_assignment
5335,88.91666666666667,29,roi_001,889.7583,1587.6898,883.3521,1580.1299,896.1646,1595.2496,0.20102,1,1,0,0.0,1.0,0.7,interior_track_birth
5336,88.93333333333334,28,roi_001,890.6897,1584.8652,883.1563,1573.8759,898.2231,1595.8545,0.598704,1,94,0,0.03885,0.064431,0.788923,ambiguous_assignment
5336,88.93333333333334,29,roi_001,889.7583,1587.6898,883.3521,1580.1299,896.1646,1595.2496,0.20102,0,2,1,0.0,0.0,0.44,missing_detection
5337,88.95,28,roi_001,890.6824,1584.8416,883.1374,1573.8376,898.2274,1595.8455,0.599226,1,95,0,0.016437,0.076416,0.75896,ambiguous_assignment
5337,88.95,29,roi_001,889.7583,1587.6898,883.3521,1580.1299,896.1646,1595.2496,0.20102,0,3,2,0.0,0.0,0.53,missing_detection
5338,88.96666666666667,28,roi_001,890.283,1584.8299,880.7001,1574.9476,899.8658,1594.7122,0.610522,1,96,0,0.033743,0.055639,0.810902,ambiguous_assignment
5338,88.96666666666667,29,roi_001,889.8603,1587.8848,883.4921,1580.4825,896.2285,1595.287,0.217697,1,4,0,0.016098,0.073285,0.766788,ambiguous_assignment
5339,88.98333333333333,28,roi_001,890.075,1584.911,879.8856,1575.0354,900.2643,1594.7866,0.598464,1,97,0,0.010794,0.076771,0.758073,ambiguous_assignment
5339,88.98333333333333,29,roi_001,890.1939,1586.5057,884.6229,1577.5002,895.7649,1595.5112,0.503916,1,5,0,0.056011,0.031554,0.871115,ambiguous_assignment
5340,89.0,28,roi_001,890.0398,1584.9305,879.6952,1574.8849,900.3844,1594.9761,0.608724,1,98,0,0.006357,0.072651,0.768373,ambiguous_assignment
5340,89.0,29,roi_001,890.2468,1586.5509,884.7387,1577.5472,895.7549,1595.5546,0.509048,1,6,0,0.042302,0.036705,0.858237,ambiguous_assignment
5341,89.01666666666667,28,roi_001,889.788,1586.2284,881.0088,1577.6519,898.5671,1594.8049,0.59948,1,99,0,0.043212,0.015026,0.912436,ambiguous_assignment
5341,89.01666666666667,29,roi_001,890.2997,1586.5961,884.7916,1577.5924,895.8079,1595.5997,0.509048,0,7,1,0.042302,0.0,0.44,missing_detection
5342,89.03333333333333,28,roi_001,889.562,1586.5402,880.1259,1577.5796,898.9981,1595.5007,0.596422,1,100,0,0.027633,0.034887,0.862782,ambiguous_assignment
5342,89.03333333333333,29,roi_001,890.3527,1586.6412,884.8445,1577.6376,895.8608,1595.6449,0.509048,0,8,2,0.042302,0.0,0.53,missing_detection
5343,89.05,28,roi_001,889.4594,1586.4412,879.6594,1576.9581,899.2593,1595.9242,0.608622,1,101,0,0.014956,0.059692,0.80077,ambiguous_assignment
5343,89.05,29,roi_001,890.4056,1586.6864,884.8975,1577.6827,895.9137,1595.6901,0.509048,0,9,3,0.042302,0.0,0.62,missing_detection
5344,89.06666666666666,28,roi_001,889.421,1586.5457,879.7526,1577.2644,899.0894,1595.827,0.617642,1,102,0,0.00624,0.06311,0.792225,ambiguous_assignment
5344,89.06666666666666,29,roi_001,890.4585,1586.7316,884.9504,1577.7279,895.9666,1595.7352,0.509048,0,10,4,0.042302,0.0,0.71,missing_detection
5345,89.08333333333333,28,roi_001,889.4849,1586.3486,879.1881,1576.2355,899.7816,1596.4618,0.572616,1,103,0,0.018113,0.051842,0.820395,ambiguous_assignment
5345,89.08333333333333,29,roi_001,890.0746,1586.8268,884.6812,1577.7817,895.4681,1595.8719,0.382243,1,11,0,0.017864,0.052091,0.819772,ambiguous_assignment
5346,89.1,28,roi_001,889.4342,1586.409,879.3417,1576.5366,899.5267,1596.2814,0.602294,1,104,0,0.008073,0.069812,0.77547,ambiguous_assignment
5346,89.1,29,roi_001,890.0138,1587.0956,884.5197,1578.0897,895.5078,1596.1014,0.422747,1,12,0,0.016488,0.061398,0.796506,ambiguous_assignment
5347,89.11666666666666,28,roi_001,889.2201,1586.4269,879.1574,1576.5549,899.2827,1596.299,0.576603,1,105,0,0.004306,0.079531,0.751172,ambiguous_assignment
5347,89.11666666666666,29,roi_001,889.9529,1587.3643,884.4588,1578.3585,895.4469,1596.3702,0.422747,0,13,1,0.016488,0.0,0.44,missing_detection
5348,89.13333333333334,28,roi_001,889.1962,1586.2158,878.3678,1575.832,900.0245,1596.5995,0.622736,1,106,0,0.018245,0.070273,0.774318,ambiguous_assignment
5348,89.13333333333334,29,roi_001,889.8553,1587.4655,884.1153,1578.3542,895.5953,1596.5767,0.435897,1,14,0,0.029274,0.059244,0.801891,ambiguous_assignment
5349,89.15,28,roi_001,889.2,1586.2166,878.3644,1575.8275,900.0357,1596.6056,0.623808,1,107,0,0.006748,0.083225,0.741938,ambiguous_assignment
5349,89.15,29,roi_001,889.8594,1587.4644,884.1182,1578.3541,895.6006,1596.5746,0.436695,1,15,0,0.01885,0.071123,0.772193,ambiguous_assignment
5350,89.16666666666667,28,roi_001,889.2108,1586.2454,878.0541,1575.5878,900.3674,1596.903,0.603422,1,108,0,0.00947,0.082961,0.742597,ambiguous_assignment
5350,89.16666666666667,29,roi_001,889.8883,1587.4443,884.2453,1578.2568,895.5314,1596.6317,0.407209,1,16,0,0.027556,0.064874,0.787814,ambiguous_assignment
5351,89.18333333333334,28,roi_001,889.2793,1586.8615,878.0853,1576.262,900.4734,1597.4609,0.604435,1,109,0,0.015699,0.073109,0.767227,ambiguous_assignment
5351,89.18333333333334,29,roi_001,889.9366,1587.5115,884.3314,1578.2932,895.5419,1596.7299,0.428361,1,17,0,0.014415,0.074393,0.764017,ambiguous_assignment
5352,89.2,28,roi_001,889.4317,1587.2552,879.2056,1577.2115,899.6578,1597.2988,0.585542,1,110,0,0.022466,0.044696,0.838259,ambiguous_assignment
5352,89.2,29,roi_001,889.9615,1587.5397,884.4222,1578.3778,895.5009,1596.7017,0.390224,1,18,0,0.011025,0.056137,0.809657,ambiguous_assignment
5353,89.21666666666667,28,roi_001,889.3022,1587.2899,879.408,1577.5164,899.1964,1597.0635,0.578143,1,111,0,0.014905,0.052524,0.818691,ambiguous_assignment
5353,89.21666666666667,29,roi_001,889.9865,1587.5679,884.4471,1578.406,895.5258,1596.7299,0.390224,0,19,1,0.011025,0.0,0.44,missing_detection
5354,89.23333333333333,28,roi_001,889.2615,1586.6552,878.5843,1576.5658,899.9388,1596.7446,0.640756,1,112,0,0.02138,0.057578,0.806055,ambiguous_assignment
5354,89.23333333333333,29,roi_001,890.0114,1587.5961,884.472,1578.4342,895.5507,1596.7581,0.390224,0,20,2,0.011025,0.0,0.53,missing_detection
5355,89.25,28,roi_001,889.2216,1587.6275,879.8154,1578.4567,898.6277,1596.7983,0.67531,1,113,0,0.049937,0.001292,0.94677,ambiguous_assignment
5355,89.25,29,roi_001,890.0363,1587.6243,884.4969,1578.4624,895.5756,1596.7863,0.390224,0,21,3,0.011025,0.0,0.62,missing_detection
5356,89.26666666666667,28,roi_001,889.1119,1587.4468,879.8052,1578.3774,898.4185,1596.5162,0.671724,1,114,0,0.030029,0.021254,0.896865,ambiguous_assignment
5356,89.26666666666667,29,roi_001,890.0612,1587.6525,884.5219,1578.4906,895.6005,1596.8145,0.390224,0,22,4,0.011025,0.0,0.71,missing_detection
5357,89.28333333333333,28,roi_001,889.1915,1587.6823,879.715,1578.5789,898.668,1596.7858,0.662282,1,115,0,0.014363,0.03629,0.859274,ambiguous_assignment
5357,89.28333333333333,29,roi_001,890.0861,1587.6807,884.5468,1578.5188,895.6254,1596.8427,0.390224,0,23,5,0.011025,0.0,0.8,missing_detection
5358,89.3,28,roi_001,889.2113,1587.4338,879.5636,1578.1462,898.859,1596.7213,0.654427,1,116,0,0.014038,0.038613,0.853468,ambiguous_assignment
5359,89.31666666666666,28,roi_001,889.231,1587.0405,879.4392,1577.884,899.0228,1596.197,0.686143,1,117,0,0.004802,1.0,0.001921,
5360,89.33333333333333,28,roi_001,889.2228,1588.0684,880.7061,1579.8413,897.7394,1596.2954,0.68283,1,118,0,0.04974,1.0,0.019896,
5361,89.35,28,roi_001,889.2217,1588.072,880.7142,1579.8511,897.7293,1596.293,0.683018,1,119,0,0.028352,1.0,0.011341,
5362,89.36666666666666,28,roi_001,889.112,1588.1856,880.4821,1579.8933,897.7419,1596.4779,0.692615,1,120,0,0.007899,1.0,0.00316,
5363,89.38333333333334,28,roi_001,889.0957,1588.1093,880.2178,1579.5345,897.9736,1596.6841,0.649743,1,121,0,0.010793,1.0,0.004317,
5364,89.4,28,roi_001,889.1044,1587.9784,880.2006,1579.3438,898.0082,1596.613,0.64392,1,122,0,0.001853,1.0,0.000741,
5365,89.41666666666667,28,roi_001,889.0993,1588.0103,879.9844,1579.2128,898.2142,1596.8077,0.647924,1,123,0,0.006244,1.0,0.002498,
5366,89.43333333333334,28,roi_001,889.0259,1587.9272,880.6334,1579.6229,897.4184,1596.2316,0.671879,1,124,0,0.016217,1.0,0.006487,
5367,89.45,28,roi_001,888.9523,1587.7174,879.3101,1578.7825,898.5945,1596.6523,0.663176,1,125,0,0.025492,1.0,0.010197,
5368,89.46666666666667,28,roi_001,888.8609,1587.7514,879.3041,1578.9415,898.4176,1596.5613,0.672696,1,126,0,0.009443,1.0,0.003777,
5369,89.48333333333333,28,roi_001,889.1454,1587.967,879.5603,1579.1321,898.7305,1596.8019,0.648182,1,127,0,0.011307,1.0,0.004523,
5370,89.5,28,roi_001,889.0826,1587.6099,879.5576,1578.7631,898.6075,1596.4568,0.658366,1,128,0,0.018519,1.0,0.007408,
5371,89.51666666666667,28,roi_001,889.2019,1588.2067,879.7723,1579.6781,898.6315,1596.7352,0.658455,1,129,0,0.023321,1.0,0.009328,
5372,89.53333333333333,28,roi_001,889.2772,1588.6912,879.7568,1579.825,898.7975,1597.5574,0.683606,1,130,0,0.007753,1.0,0.003101,
5373,89.55,28,roi_001,889.2715,1588.6969,879.7696,1579.8467,898.7733,1597.5471,0.684133,1,131,0,0.012409,1.0,0.004964,
5374,89.56666666666666,28,roi_001,889.1581,1588.7433,879.9,1580.2567,898.4162,1597.23,0.686712,1,132,0,0.008267,1.0,0.003307,
5375,89.58333333333333,28,roi_001,889.1832,1588.9645,880.6033,1581.0632,897.7631,1596.8657,0.671592,1,133,0,0.020435,1.0,0.008174,
5376,89.6,28,roi_001,889.2003,1588.9572,880.5613,1581.0292,897.8392,1596.8853,0.665164,1,134,0,0.008743,1.0,0.003497,
5377,89.61666666666666,28,roi_001,889.1945,1588.8932,880.3603,1580.848,898.0288,1596.9384,0.650956,1,135,0,0.004795,1.0,0.001918,
5378,89.63333333333334,28,roi_001,889.2052,1588.9849,880.9334,1581.303,897.477,1596.6667,0.658622,1,136,0,0.014193,1.0,0.005677,
5379,89.65,28,roi_001,889.1724,1589.1597,880.5687,1581.3134,897.7761,1597.0061,0.61958,1,137,0,0.008339,1.0,0.003336,
5380,89.66666666666667,28,roi_001,889.3004,1589.0359,880.5605,1581.0188,898.0403,1597.053,0.600788,1,138,0,0.009439,1.0,0.003776,
5381,89.68333333333334,28,roi_001,889.1082,1589.041,880.5314,1581.1078,897.6849,1596.9742,0.714092,1,139,0,0.009726,1.0,0.00389,
5382,89.7,28,roi_001,889.2078,1589.2166,880.5663,1581.3468,897.8492,1597.0864,0.677653,1,140,0,0.009688,1.0,0.003875,
5383,89.71666666666667,28,roi_001,889.2285,1589.2584,879.9093,1580.8771,898.5477,1597.6396,0.654766,1,141,0,0.016956,1.0,0.006783,
5384,89.73333333333333,28,roi_001,889.1649,1589.1465,879.7151,1580.8328,898.6147,1597.4602,0.622315,1,142,0,0.009101,1.0,0.003641,
5385,89.75,28,roi_001,889.1663,1589.1425,879.718,1580.8346,898.6146,1597.4504,0.622125,1,143,0,0.005924,1.0,0.00237,
5386,89.76666666666667,28,roi_001,889.1891,1589.2061,879.8582,1581.054,898.5201,1597.3583,0.612876,1,144,0,0.006513,1.0,0.002605,
5387,89.78333333333333,28,roi_001,888.9165,1590.2152,878.8605,1581.5806,898.9725,1598.8499,0.654542,1,145,0,0.028873,1.0,0.011549,
5388,89.8,28,roi_001,889.0741,1590.1703,879.0615,1581.5677,899.0867,1598.7728,0.650046,1,146,0,0.028435,1.0,0.011374,
5389,89.81666666666666,28,roi_001,889.0433,1590.272,879.1641,1581.8461,898.9225,1598.698,0.652212,1,147,0,0.007308,1.0,0.002923,
5390,89.83333333333333,28,roi_001,888.9372,1590.0478,878.8102,1581.2942,899.0642,1598.8014,0.647348,1,148,0,0.011288,1.0,0.004515,
5391,89.85,28,roi_001,889.0811,1590.506,879.422,1581.679,898.7403,1599.3331,0.590231,1,149,0,0.020721,1.0,0.008288,
5392,89.86666666666666,28,roi_001,888.9938,1590.6028,879.497,1581.9305,898.4906,1599.2751,0.576237,1,150,0,0.011631,1.0,0.004652,
5393,89.88333333333334,28,roi_001,889.033,1590.5316,879.5661,1581.856,898.4999,1599.2073,0.60062,1,151,0,0.006586,1.0,0.002634,
5394,89.9,28,roi_001,889.0118,1590.4155,879.3799,1581.4592,898.6437,1599.3718,0.596231,1,152,0,0.006266,1.0,0.002506,
5395,89.91666666666667,28,roi_001,889.2324,1590.5782,879.2932,1581.297,899.1716,1599.8595,0.445578,1,153,0,0.012823,1.0,0.005129,
5396,89.93333333333334,28,roi_001,889.4176,1590.4653,879.4396,1580.9398,899.3956,1599.9907,0.491201,1,154,0,0.010744,1.0,0.004298,
5397,89.95,28,roi_001,889.4421,1590.5103,879.6208,1581.116,899.2634,1599.9047,0.520475,1,155,0,0.007061,1.0,0.002824,
5398,89.96666666666667,28,roi_001,889.4005,1590.5343,879.4089,1581.0334,899.392,1600.0352,0.512509,1,156,0,0.004869,1.0,0.001947,
5399,89.98333333333333,28,roi_001,889.2668,1590.6603,878.5135,1580.6824,900.0201,1600.6382,0.367916,1,157,0,0.018074,0.043457,0.841359,ambiguous_assignment
5399,89.98333333333333,30,roi_001,889.4937,1591.0429,882.8092,1583.2791,896.1782,1598.8068,0.220464,1,1,0,0.0,1.0,0.7,interior_track_birth
5400,90.0,28,roi_001,889.1685,1590.6614,878.3141,1580.616,900.0229,1600.7069,0.338736,1,158,0,0.007241,0.061854,0.795364,ambiguous_assignment
5400,90.0,30,roi_001,889.4322,1591.0201,882.7203,1583.2662,896.144,1598.774,0.199097,1,2,0,0.001914,0.067181,0.782047,ambiguous_assignment
5401,90.01666666666667,28,roi_001,889.2544,1590.6963,878.4185,1580.7881,900.0903,1600.6045,0.347655,1,159,0,0.006768,0.068787,0.778034,ambiguous_assignment
5401,90.01666666666667,30,roi_001,889.4838,1591.0294,882.7878,1583.3877,896.1798,1598.6711,0.222912,1,3,0,0.004373,0.071182,0.772046,ambiguous_assignment
5402,90.03333333333333,28,roi_001,889.3599,1590.6537,878.8685,1580.4121,899.8512,1600.8953,0.334158,1,160,0,0.011026,0.064664,0.788339,ambiguous_assignment
5402,90.03333333333333,30,roi_001,889.5243,1590.7568,882.9601,1583.3231,896.0884,1598.1906,0.155685,1,4,0,0.010154,0.065536,0.78616,ambiguous_assignment
5403,90.05,28,roi_001,889.4053,1590.841,879.0048,1580.7809,899.8059,1600.9011,0.363595,1,161,0,0.007782,0.067061,0.782347,ambiguous_assignment
5403,90.05,30,roi_001,889.5632,1590.853,882.9312,1583.2249,896.1953,1598.4812,0.191858,1,5,0,0.010786,0.064057,0.789857,ambiguous_assignment
5404,90.06666666666666,28,roi_001,889.2028,1590.7823,879.0602,1581.0229,899.3455,1600.5417,0.317988,1,162,0,0.010386,0.059399,0.801502,ambiguous_assignment
5404,90.06666666666666,30,roi_001,889.6022,1590.9492,882.9702,1583.321,896.2342,1598.5774,0.191858,0,6,1,0.010786,0.0,0.44,missing_detection
5405,90.08333333333333,28,roi_001,889.4815,1591.0676,879.6595,1581.197,899.3036,1600.9382,0.416515,1,163,0,0.015854,0.048294,0.829265,ambiguous_assignment
5405,90.08333333333333,30,roi_001,889.6411,1591.0454,883.0091,1583.4172,896.2731,1598.6736,0.191858,0,7,2,0.010786,0.0,0.53,missing_detection
5406,90.1,28,roi_001,889.3904,1591.1219,879.3266,1581.1041,899.4543,1601.1396,0.352817,1,164,0,0.011403,0.057017,0.807456,ambiguous_assignment
5406,90.1,30,roi_001,889.6801,1591.1416,883.048,1583.5134,896.3121,1598.7698,0.191858,0,8,3,0.010786,0.0,0.62,missing_detection
5407,90.11666666666666,28,roi_001,889.498,1593.124,879.6304,1583.4235,899.3656,1602.8245,0.345436,1,165,0,0.041432,0.028713,0.878218,ambiguous_assignment
5407,90.11666666666666,30,roi_001,889.719,1591.2378,883.087,1583.6096,896.351,1598.866,0.191858,0,9,4,0.010786,0.0,0.71,missing_detection
5408,90.13333333333334,28,roi_001,889.5933,1592.841,880.01,1583.0974,899.1766,1602.5846,0.320824,1,166,0,0.058373,0.026151,0.884622,ambiguous_assignment
5408,90.13333333333334,30,roi_001,889.7579,1591.334,883.1259,1583.7058,896.39,1598.9622,0.191858,0,10,5,0.010786,0.0,0.8,missing_detection
5409,90.15,28,roi_001,889.6149,1592.8419,879.934,1583.0233,899.2959,1602.6605,0.334624,1,167,0,0.013627,0.072061,0.769848,ambiguous_assignment
5410,90.16666666666667,28,roi_001,889.5594,1592.6835,879.993,1583.0183,899.1257,1602.3486,0.313196,1,168,0,0.007551,1.0,0.00302,
5411,90.18333333333334,28,roi_001,889.8988,1593.171,879.1696,1582.3239,900.6281,1604.0181,0.352788,1,169,0,0.03628,1.0,0.014512,
5412,90.2,28,roi_001,889.8912,1593.2289,879.091,1582.3431,900.6913,1604.1147,0.337843,1,170,0,0.017708,1.0,0.007083,
5413,90.21666666666667,28,roi_001,889.7284,1593.279,879.0789,1582.5712,900.3779,1603.9868,0.299854,1,171,0,0.006944,1.0,0.002778,
5414,90.23333333333333,28,roi_001,889.7139,1593.054,879.2701,1582.271,900.1577,1603.837,0.336262,1,172,0,0.010039,1.0,0.004016,
5415,90.25,28,roi_001,889.508,1594.3669,880.9661,1585.3131,898.0499,1603.4208,0.400085,1,173,0,0.05201,1.0,0.020804,
5416,90.26666666666667,28,roi_001,889.5276,1594.1406,880.6916,1584.9315,898.3637,1603.3497,0.35603,1,174,0,0.044175,1.0,0.01767,
5417,90.28333333333333,28,roi_001,889.6396,1593.8253,880.0791,1583.8698,899.2002,1603.7809,0.375956,1,175,0,0.016849,1.0,0.00674,
5418,90.3,28,roi_001,889.456,1594.3867,880.7795,1585.2128,898.1324,1603.5607,0.373228,1,176,0,0.03157,1.0,0.012628,
5419,90.31666666666666,28,roi_001,889.3598,1594.0846,878.8729,1583.5359,899.8466,1604.6333,0.20779,1,177,0,0.040418,1.0,0.016167,
5420,90.33333333333333,28,roi_001,889.2635,1593.7825,878.7767,1583.2338,899.7504,1604.3312,0.20779,0,178,1,0.040418,0.0,0.44,missing_detection
5421,90.35,28,roi_001,889.1673,1593.4803,878.6805,1582.9316,899.6542,1604.0291,0.20779,0,179,2,0.040418,0.0,0.53,missing_detection
5422,90.36666666666666,28,roi_001,889.1604,1594.7933,879.8802,1585.5161,898.4406,1604.0706,0.160657,1,180,0,0.034738,1.0,0.013895,
5423,90.38333333333334,28,roi_001,889.7562,1594.9053,882.6892,1583.8251,896.8231,1605.9855,0.292444,1,181,0,0.053837,1.0,0.021535,
5424,90.4,28,roi_001,889.8477,1594.7904,882.8293,1583.6472,896.8661,1605.9336,0.256544,1,182,0,0.019541,1.0,0.007816,
5425,90.41666666666667,28,roi_001,889.1693,1594.9942,880.343,1586.2021,897.9957,1603.7863,0.296346,1,183,0,0.046966,1.0,0.018786,
5426,90.43333333333334,28,roi_001,889.696,1595.0627,882.6663,1583.8523,896.7258,1606.2731,0.236662,1,184,0,0.052495,1.0,0.020998,
5427,90.45,28,roi_001,889.8708,1596.0145,882.5063,1585.2867,897.2353,1606.7423,0.376021,1,185,0,0.025636,1.0,0.010254,
5428,90.46666666666667,28,roi_001,889.2121,1596.4583,880.8478,1588.0708,897.5764,1604.8458,0.369295,1,186,0,0.041459,1.0,0.016584,
5429,90.48333333333333,28,roi_001,889.9707,1595.9841,882.6283,1585.2734,897.3132,1606.6948,0.470451,1,187,0,0.055632,1.0,0.022253,
5430,90.5,28,roi_001,889.9821,1596.5437,882.6659,1586.0417,897.2983,1607.0457,0.40796,1,188,0,0.03371,1.0,0.013484,
5431,90.51666666666667,28,roi_001,889.2043,1596.497,881.524,1588.606,896.8845,1604.3881,0.361682,1,189,0,0.04517,1.0,0.018068,
5432,90.53333333333333,28,roi_001,889.5661,1595.0054,881.4296,1586.0023,897.7026,1604.0084,0.397933,1,190,0,0.049222,1.0,0.019689,
5433,90.55,28,roi_001,889.5674,1595.016,881.4176,1586.0017,897.7171,1604.0303,0.399051,1,191,0,0.037284,1.0,0.014913,
5434,90.56666666666666,28,roi_001,889.556,1595.1226,881.4596,1586.1898,897.6523,1604.0554,0.383693,1,192,0,0.00389,1.0,0.001556,
5435,90.58333333333333,28,roi_001,889.9422,1595.992,881.8826,1583.6812,898.0018,1608.3029,0.515834,1,193,0,0.052344,1.0,0.020938,
5436,90.6,28,roi_001,889.4874,1595.0167,879.8968,1584.6763,899.0781,1605.3572,0.531333,1,194,0,0.061788,1.0,0.024715,
5437,90.61666666666666,28,roi_001,889.4386,1595.0331,879.8568,1584.6963,899.0204,1605.3699,0.529399,1,195,0,0.03232,1.0,0.012928,
5438,90.63333333333334,28,roi_001,889.5942,1595.1392,880.3706,1585.1223,898.8179,1605.156,0.556936,1,196,0,0.01405,1.0,0.00562,
5439,90.65,28,roi_001,889.4881,1595.0267,879.9424,1584.7517,899.0338,1605.3018,0.533216,1,197,0,0.011692,1.0,0.004677,
5440,90.66666666666667,28,roi_001,889.4744,1595.0121,879.78,1584.6849,899.1688,1605.3392,0.538885,1,198,0,0.005364,0.086509,0.733727,ambiguous_assignment
5440,90.66666666666667,31,roi_001,889.9778,1597.6412,884.3138,1588.5365,895.6417,1606.746,0.295782,1,1,0,0.0,1.0,0.7,interior_track_birth
5441,90.68333333333334,28,roi_001,889.4944,1595.1511,879.9123,1584.8215,899.0766,1605.4807,0.558661,1,199,0,0.00505,0.08561,0.735975,ambiguous_assignment
5441,90.68333333333334,31,roi_001,889.9778,1597.6412,884.3138,1588.5365,895.6417,1606.746,0.295782,0,2,1,0.0,0.0,0.44,missing_detection
5442,90.7,28,roi_001,889.3745,1595.0441,879.772,1584.6974,898.977,1605.3909,0.576094,1,200,0,0.007673,0.075767,0.760582,ambiguous_assignment
5442,90.7,31,roi_001,889.9569,1597.5408,884.1559,1588.2172,895.7578,1606.8644,0.363288,1,3,0,0.006721,0.076719,0.758202,ambiguous_assignment
5443,90.71666666666667,28,roi_001,889.1819,1594.9791,880.4311,1584.9287,897.9327,1605.0294,0.571988,1,201,0,0.015225,0.068467,0.778833,ambiguous_assignment
5443,90.71666666666667,31,roi_001,889.936,1597.4403,884.1351,1588.1167,895.7369,1606.7639,0.363288,0,4,1,0.006721,0.0,0.44,missing_detection
5444,90.73333333333333,28,roi_001,889.5189,1596.8068,881.0054,1587.9016,898.0325,1605.712,0.581426,1,202,0,0.04498,0.003922,0.940196,ambiguous_assignment
5444,90.73333333333333,31,roi_001,889.9151,1597.3398,884.1142,1588.0162,895.7161,1606.6635,0.363288,0,5,2,0.006721,0.0,0.53,missing_detection
5445,90.75,28,roi_001,889.856,1598.6346,881.3424,1589.7294,898.3695,1607.5398,0.581426,0,203,1,0.04498,0.0,0.44,missing_detection
5445,90.75,31,roi_001,889.1106,1595.2591,880.5288,1585.7059,897.6924,1604.8123,0.604382,1,6,0,0.06951,0.007553,0.931117,ambiguous_assignment
5446,90.76666666666667,28,roi_001,890.193,1600.4623,881.6794,1591.5571,898.7065,1609.3676,0.581426,0,204,2,0.04498,0.0,0.53,missing_detection
5446,90.76666666666667,31,roi_001,889.0163,1594.8695,880.7844,1585.4824,897.2482,1604.2566,0.57497,1,7,0,0.051425,0.045473,0.836317,ambiguous_assignment
5447,90.78333333333333,28,roi_001,890.53,1602.2901,882.0165,1593.3849,899.0436,1611.1953,0.581426,0,205,3,0.04498,0.0,0.62,missing_detection
5447,90.78333333333333,31,roi_001,889.0306,1595.785,880.4463,1586.0757,897.6149,1605.4944,0.607661,1,8,0,0.037499,0.059593,0.801017,ambiguous_assignment
5448,90.8,28,roi_001,890.8671,1604.1179,882.3535,1595.2126,899.3806,1613.0231,0.581426,0,206,4,0.04498,0.0,0.71,missing_detection
5448,90.8,31,roi_001,889.1434,1596.1435,880.551,1586.4808,897.7358,1605.8062,0.616136,1,9,0,0.016511,0.086695,0.733263,ambiguous_assignment
5449,90.81666666666666,28,roi_001,891.2041,1605.9456,882.6906,1597.0404,899.7177,1614.8508,0.581426,0,207,5,0.04498,0.0,0.8,missing_detection
5449,90.81666666666666,31,roi_001,889.1498,1596.153,880.5434,1586.4871,897.7562,1605.8188,0.614057,1,10,0,0.011073,0.101152,0.69712,ambiguous_assignment
5450,90.83333333333333,31,roi_001,889.1768,1596.0219,880.7317,1586.4086,897.622,1605.6351,0.606774,1,11,0,0.006369,0.114419,0.663954,ambiguous_assignment
5451,90.85,31,roi_001,889.3436,1596.7678,880.6651,1587.282,898.022,1606.2537,0.611376,1,12,0,0.024296,1.0,0.009718,
5452,90.86666666666666,31,roi_001,889.4171,1596.9341,880.83,1587.5884,898.0042,1606.2798,0.602833,1,13,0,0.01561,1.0,0.006244,
5453,90.88333333333334,31,roi_001,889.2514,1596.6667,880.3105,1586.9808,898.1923,1606.3525,0.600154,1,14,0,0.014123,1.0,0.005649,
5454,90.9,31,roi_001,889.5115,1596.7182,880.3365,1587.0851,898.6866,1606.3513,0.622807,1,15,0,0.014285,1.0,0.005714,
5455,90.91666666666667,31,roi_001,889.6808,1599.2211,881.5371,1591.3284,897.8245,1607.1138,0.620226,1,16,0,0.06949,1.0,0.027796,
5456,90.93333333333334,31,roi_001,889.58,1599.2301,881.5192,1591.4001,897.6407,1607.0601,0.593634,1,17,0,0.062961,1.0,0.025184,
5457,90.95,31,roi_001,889.6186,1599.2071,881.3591,1591.1486,897.8781,1607.2656,0.621098,1,18,0,0.01049,1.0,0.004196,
5458,90.96666666666667,31,roi_001,889.6286,1599.3223,881.7221,1591.578,897.5351,1607.0667,0.605981,1,19,0,0.012247,1.0,0.004899,
5459,90.98333333333333,31,roi_001,889.4564,1599.4151,881.0552,1590.9111,897.8575,1607.9191,0.582878,1,20,0,0.018653,1.0,0.007461,
5460,91.0,31,roi_001,889.4427,1598.5456,880.3313,1589.3287,898.5541,1607.7625,0.447561,1,21,0,0.036186,1.0,0.014474,
5461,91.01666666666667,31,roi_001,889.889,1599.2219,882.5282,1588.3284,897.2498,1610.1155,0.447454,1,22,0,0.052512,1.0,0.021005,
5462,91.03333333333333,31,roi_001,889.8264,1599.303,882.4922,1588.4115,897.1607,1610.1945,0.451927,1,23,0,0.023508,1.0,0.009403,
5463,91.05,31,roi_001,889.597,1599.3055,882.0137,1588.1403,897.1803,1610.4707,0.410355,1,24,0,0.01004,1.0,0.004016,
5464,91.06666666666666,31,roi_001,889.6322,1599.3137,882.0394,1588.1602,897.225,1610.4673,0.419893,1,25,0,0.007904,1.0,0.003162,
5465,91.08333333333333,31,roi_001,889.5007,1599.3307,881.9113,1588.0541,897.0901,1610.6074,0.335811,1,26,0,0.006488,1.0,0.002595,
5466,91.1,31,roi_001,889.7311,1599.3713,881.9547,1587.8545,897.5074,1610.8881,0.379911,1,27,0,0.016043,1.0,0.006417,
5467,91.11666666666666,31,roi_001,889.5423,1599.8223,882.0045,1588.3259,897.0802,1611.3186,0.306537,1,28,0,0.019081,1.0,0.007632,
5468,91.13333333333334,31,roi_001,889.2529,1600.0457,881.5585,1588.6094,896.9473,1611.4821,0.201382,1,29,0,0.008881,1.0,0.003552,
5469,91.15,31,roi_001,889.3507,1600.0928,881.6154,1588.5583,897.0861,1611.6273,0.200888,1,30,0,0.012075,1.0,0.00483,
5470,91.16666666666667,31,roi_001,889.7486,1600.1122,881.9953,1588.6361,897.502,1611.5883,0.379599,1,31,0,0.008936,1.0,0.003574,
5471,91.18333333333334,31,roi_001,889.9811,1600.1755,882.2146,1589.2349,897.7476,1611.1162,0.395425,1,32,0,0.009407,1.0,0.003763,
5472,91.2,31,roi_001,889.5666,1600.7141,881.2572,1589.0594,897.8759,1612.3688,0.263279,1,33,0,0.023492,0.041848,0.84538,ambiguous_assignment
5472,91.2,32,roi_001,889.5434,1601.3376,882.9087,1594.1553,896.1781,1608.52,0.161288,1,1,0,0.0,1.0,0.7,interior_track_birth
5473,91.21666666666667,31,roi_001,889.5687,1600.718,881.261,1589.0654,897.8764,1612.3705,0.263936,1,34,0,0.017325,0.043511,0.841222,ambiguous_assignment
5473,91.21666666666667,32,roi_001,889.5435,1601.3383,882.9084,1594.1562,896.1785,1608.5204,0.161405,1,2,0,2.1e-05,0.060815,0.797962,ambiguous_assignment
5474,91.23333333333333,31,roi_001,889.6182,1600.8633,881.4427,1589.3732,897.7937,1612.3535,0.264495,1,35,0,0.005169,0.052662,0.818346,ambiguous_assignment
5474,91.23333333333333,32,roi_001,889.5435,1601.339,882.9085,1594.1569,896.1785,1608.5211,0.161405,0,3,1,2.1e-05,0.0,0.44,missing_detection
5475,91.25,31,roi_001,889.6045,1601.3481,881.2441,1590.1317,897.9648,1612.5645,0.240898,1,36,0,0.0089,0.046024,0.83494,ambiguous_assignment
5475,91.25,32,roi_001,889.5436,1601.3397,882.9086,1594.1576,896.1786,1608.5217,0.161405,0,4,2,2.1e-05,0.0,0.53,missing_detection
5476,91.26666666666667,31,roi_001,890.4282,1604.4081,879.7617,1593.75,901.0947,1615.0662,0.260001,1,37,0,0.072252,0.018754,0.903115,ambiguous_assignment
5476,91.26666666666667,32,roi_001,889.5436,1601.3403,882.9086,1594.1583,896.1786,1608.5224,0.161405,0,5,3,2.1e-05,0.0,0.62,missing_detection
5477,91.28333333333333,31,roi_001,891.252,1607.4681,880.5855,1596.81,901.9185,1618.1262,0.260001,0,38,1,0.072252,0.0,0.44,missing_detection
5477,91.28333333333333,32,roi_001,889.5165,1601.0575,881.1855,1589.9452,897.8475,1612.1698,0.223181,1,6,0,0.057275,0.070218,0.774455,ambiguous_assignment
5478,91.3,31,roi_001,890.5872,1604.232,879.8848,1593.6803,901.2895,1614.7837,0.310604,1,39,0,0.102273,-0.010039,0.95,ambiguous_assignment
5478,91.3,32,roi_001,889.5042,1601.8779,882.3732,1594.0837,896.6351,1609.672,0.169605,1,7,0,0.053174,0.039061,0.852348,ambiguous_assignment
5479,91.31666666666666,31,roi_001,891.0731,1604.5039,880.079,1593.389,902.0672,1615.6188,0.449997,1,40,0,0.076799,-0.007072,0.95,ambiguous_assignment
5479,91.31666666666666,32,roi_001,890.2208,1601.5048,883.4615,1594.0796,896.9802,1608.9299,0.382379,1,8,0,0.041742,0.027985,0.880038,ambiguous_assignment
5480,91.33333333333333,31,roi_001,890.9539,1604.3659,880.2207,1593.297,901.6871,1615.4348,0.485257,1,41,0,0.017679,0.086192,0.734521,ambiguous_assignment
5480,91.33333333333333,32,roi_001,890.1214,1601.5601,883.3282,1594.0771,896.9145,1609.043,0.36356,1,9,0,0.027723,0.076147,0.759632,ambiguous_assignment
5481,91.35,31,roi_001,890.4173,1605.3451,880.2238,1594.6694,900.6108,1616.0208,0.421616,1,42,0,0.028641,0.063975,0.790063,ambiguous_assignment
5481,91.35,32,roi_001,889.8835,1601.7503,882.8718,1594.2362,896.8951,1609.2644,0.208436,1,10,0,0.007431,0.085185,0.737038,ambiguous_assignment
5482,91.36666666666666,31,roi_001,890.4705,1600.9982,879.5069,1589.8362,901.4341,1612.1603,0.459551,1,43,0,0.102248,-0.018204,0.95,ambiguous_assignment
5482,91.36666666666666,32,roi_001,890.0191,1601.5408,883.2246,1594.1851,896.8135,1608.8965,0.316981,1,11,0,0.018017,0.066026,0.784934,ambiguous_assignment
5483,91.38333333333334,31,roi_001,890.9135,1605.7947,881.1581,1595.676,900.6689,1615.9133,0.56943,1,44,0,0.163736,-0.041942,0.95,ambiguous_assignment
5483,91.38333333333334,32,roi_001,890.2146,1602.3153,883.0001,1594.9255,897.4292,1609.7051,0.21747,1,12,0,0.03009,0.091705,0.720739,ambiguous_assignment
5484,91.4,31,roi_001,891.3566,1610.5911,881.6012,1600.4725,901.112,1620.7098,0.56943,0,45,1,0.163736,0.0,0.44,missing_detection
5484,91.4,32,roi_001,890.9791,1605.4666,881.5044,1595.4994,900.4539,1615.4337,0.535131,1,13,0,0.082228,0.016787,0.908033,ambiguous_assignment
5485,91.41666666666667,31,roi_001,891.7997,1615.3876,882.0443,1605.2689,901.5551,1625.5062,0.56943,0,46,2,0.163736,0.0,0.53,missing_detection
5485,91.41666666666667,32,roi_001,890.9827,1605.4648,881.5018,1595.4951,900.4636,1615.4346,0.535957,1,14,0,0.075266,0.065519,0.786203,ambiguous_assignment
5486,91.43333333333334,31,roi_001,892.2427,1620.184,882.4873,1610.0654,901.9981,1630.3027,0.56943,0,47,3,0.163736,0.0,0.62,missing_detection
5486,91.43333333333334,32,roi_001,890.9522,1605.5068,881.5095,1595.6099,900.3949,1615.4038,0.568978,1,15,0,0.006967,0.159541,0.002787,
5487,91.45,31,roi_001,892.6858,1624.9805,882.9304,1614.8618,902.4412,1635.0991,0.56943,0,48,4,0.163736,0.0,0.71,missing_detection
5487,91.45,32,roi_001,891.3934,1605.1873,881.4519,1594.8665,901.3348,1615.5082,0.664804,1,16,0,0.017117,0.171402,0.006847,
5488,91.46666666666667,31,roi_001,893.1288,1629.7769,883.3734,1619.6583,902.8842,1639.8956,0.56943,0,49,5,0.163736,0.0,0.8,missing_detection
5488,91.46666666666667,32,roi_001,891.4058,1605.3293,881.5563,1595.125,901.2553,1615.5337,0.66488,1,17,0,0.016243,0.17557,0.006497,
5489,91.48333333333333,32,roi_001,891.4529,1604.9946,881.4164,1594.5073,901.4895,1615.4818,0.666271,1,18,0,0.012238,0.183616,0.004895,
5490,91.5,32,roi_001,891.4799,1605.0473,881.4335,1594.5402,901.5262,1615.5544,0.67142,1,19,0,0.008525,1.0,0.00341,
5491,91.51666666666667,32,roi_001,891.5828,1605.6502,881.999,1595.9088,901.1666,1615.3916,0.644024,1,20,0,0.018089,0.175934,0.007236,
5492,91.53333333333333,32,roi_001,891.5982,1605.734,882.1889,1596.2434,901.0074,1615.2246,0.618702,1,21,0,0.013083,0.19094,0.005233,
5493,91.55,32,roi_001,891.2572,1605.3888,881.7179,1595.3412,900.7966,1615.4364,0.642262,1,22,0,0.019815,0.181536,0.007926,
5494,91.56666666666666,32,roi_001,891.5731,1605.8645,881.7686,1595.621,901.3776,1616.108,0.640427,1,23,0,0.030581,0.171753,0.012232,
5495,91.58333333333333,32,roi_001,891.424,1605.8258,881.9927,1595.9194,900.8552,1615.7322,0.658683,1,24,0,0.019476,0.173486,0.00779,
5496,91.6,32,roi_001,891.5184,1606.1712,882.1995,1596.4393,900.8373,1615.9031,0.630345,1,25,0,0.013108,0.17549,0.005243,
5497,91.61666666666666,32,roi_001,891.6181,1606.2315,882.2123,1596.4766,901.0239,1615.9865,0.624251,1,26,0,0.0083,0.179558,0.00332,
5498,91.63333333333334,32,roi_001,891.6942,1606.3406,882.2681,1596.5125,901.1202,1616.1687,0.586964,1,27,0,0.002613,1.0,0.001045,
5499,91.65,32,roi_001,892.6353,1606.1698,882.6044,1595.6304,902.6661,1616.7092,0.564505,1,28,0,0.03595,1.0,0.01438,
5500,91.66666666666667,32,roi_001,892.6137,1606.007,882.5701,1595.3596,902.6573,1616.6543,0.557251,1,29,0,0.027908,1.0,0.011163,
5501,91.68333333333334,32,roi_001,892.538,1606.0572,882.6157,1595.587,902.4603,1616.5273,0.563959,1,30,0,0.010368,1.0,0.004147,
5502,91.7,32,roi_001,892.6456,1606.5524,882.9613,1596.7048,902.3299,1616.3999,0.549367,1,31,0,0.014546,1.0,0.005818,
5503,91.71666666666667,32,roi_001,893.1726,1606.682,883.3439,1596.8049,903.0013,1616.5591,0.356096,1,32,0,0.016773,1.0,0.006709,
5504,91.73333333333333,32,roi_001,893.3011,1606.7158,883.6718,1596.9536,902.9304,1616.478,0.348856,1,33,0,0.011753,1.0,0.004701,
5505,91.75,32,roi_001,893.2005,1606.6479,883.6334,1597.1315,902.7677,1616.1643,0.410016,1,34,0,0.008775,1.0,0.00351,
5506,91.76666666666667,32,roi_001,893.2422,1606.5185,883.5679,1596.7864,902.9166,1616.2506,0.37732,1,35,0,0.006394,1.0,0.002558,
5507,91.78333333333333,32,roi_001,893.7236,1607.0599,883.7624,1597.3547,903.6849,1616.7651,0.38034,1,36,0,0.019714,1.0,0.007886,
5508,91.8,32,roi_001,893.8552,1606.8378,883.3034,1596.5172,904.407,1617.1583,0.393748,1,37,0,0.023774,1.0,0.00951,
5509,91.81666666666666,32,roi_001,893.8438,1606.8008,883.3069,1596.4818,904.3806,1617.1199,0.385225,1,38,0,0.007023,1.0,0.002809,
5510,91.83333333333333,32,roi_001,893.9272,1606.6854,883.3828,1596.262,904.4716,1617.1089,0.382258,1,39,0,0.004114,1.0,0.001646,
5511,91.85,32,roi_001,894.5051,1607.6249,884.5972,1598.1733,904.413,1617.0764,0.32899,1,40,0,0.029817,1.0,0.011927,
5512,91.86666666666666,32,roi_001,894.2312,1607.6839,884.2742,1598.0856,904.1882,1617.2822,0.351368,1,41,0,0.030397,1.0,0.012159,
5513,91.88333333333334,32,roi_001,894.3207,1607.4469,884.2026,1597.751,904.4387,1617.1428,0.314082,1,42,0,0.011846,1.0,0.004738,
5514,91.9,32,roi_001,895.0382,1607.1173,885.136,1597.7334,904.9404,1616.5012,0.242762,1,43,0,0.0169,1.0,0.00676,
5515,91.91666666666667,32,roi_001,894.602,1606.8567,885.0683,1597.3945,904.1356,1616.3188,0.176266,1,44,0,0.025076,1.0,0.01003,
5516,91.93333333333334,32,roi_001,894.573,1607.04,885.1926,1597.8105,903.9534,1616.2694,0.160641,1,45,0,0.015422,1.0,0.006169,
5517,91.95,32,roi_001,894.34,1607.3606,884.7354,1598.064,903.9446,1616.6572,0.157232,1,46,0,0.007139,1.0,0.002856,
5518,91.96666666666667,32,roi_001,894.5271,1607.0515,885.0939,1597.7787,903.9603,1616.3243,0.154462,1,47,0,0.018838,1.0,0.007535,
5519,91.98333333333333,32,roi_001,894.9569,1607.8301,885.2919,1598.9492,904.6219,1616.7111,0.223202,1,48,0,0.025896,1.0,0.010359,
5520,92.0,32,roi_001,895.3868,1608.6088,885.7218,1599.7278,905.0518,1617.4897,0.223202,0,49,1,0.025896,0.0,0.44,missing_detection
5521,92.01666666666667,32,roi_001,895.8166,1609.3874,886.1516,1600.5065,905.4816,1618.2683,0.223202,0,50,2,0.025896,0.0,0.53,missing_detection
5522,92.03333333333333,32,roi_001,896.2465,1610.166,886.5815,1601.2851,905.9115,1619.0469,0.223202,0,51,3,0.025896,0.0,0.62,missing_detection
5523,92.05,32,roi_001,899.4258,1606.5659,888.75,1597.4176,910.1017,1615.7142,0.549626,1,52,0,0.079961,0.000805,0.947987,ambiguous_assignment
5524,92.06666666666666,32,roi_001,899.385,1606.5549,888.653,1597.339,910.1171,1615.7709,0.548789,1,53,0,0.104298,-0.021433,0.95,ambiguous_assignment
5525,92.08333333333333,32,roi_001,899.7536,1607.6065,889.8321,1599.3754,909.6751,1615.8376,0.531512,1,54,0,0.035325,0.022759,0.893102,ambiguous_assignment
5526,92.1,32,roi_001,899.8582,1607.6627,889.8162,1599.0505,909.9003,1616.2749,0.502548,1,55,0,0.026972,0.026192,0.884521,ambiguous_assignment
5527,92.11666666666666,32,roi_001,900.1236,1607.6705,890.0353,1598.9315,910.2118,1616.4095,0.571986,1,56,0,0.006945,0.043862,0.840346,ambiguous_assignment
5528,92.13333333333334,32,roi_001,900.174,1607.67,889.9132,1598.8086,910.4348,1616.5314,0.531173,1,57,0,0.006618,0.044754,0.838116,ambiguous_assignment
5529,92.15,32,roi_001,899.9147,1607.847,889.6535,1598.865,910.176,1616.8291,0.480171,1,58,0,0.009396,0.040273,0.849318,ambiguous_assignment
5530,92.16666666666667,32,roi_001,900.1053,1607.7853,889.8208,1598.8719,910.3898,1616.6987,0.540574,1,59,0,0.012683,0.03662,0.858451,ambiguous_assignment
5531,92.18333333333334,32,roi_001,899.9323,1607.9272,889.5349,1598.8048,910.3297,1617.0497,0.462184,1,60,0,0.010918,1.0,0.004367,
5532,92.2,32,roi_001,899.83,1608.0821,889.7161,1599.1879,909.944,1616.9763,0.486463,1,61,0,0.006423,1.0,0.002569,
5533,92.21666666666667,32,roi_001,899.8236,1608.071,889.6998,1599.1646,909.9474,1616.9774,0.486069,1,62,0,0.00515,1.0,0.00206,
5534,92.23333333333333,32,roi_001,899.7266,1608.4393,889.7853,1599.8484,909.6679,1617.0303,0.477078,1,63,0,0.010996,1.0,0.004398,
5535,92.25,32,roi_001,899.742,1607.894,890.5186,1600.325,908.9653,1615.463,0.602277,1,64,0,0.031053,1.0,0.012421,
5536,92.26666666666667,32,roi_001,899.7504,1607.9211,890.5097,1600.3492,908.9911,1615.493,0.600101,1,65,0,0.015469,1.0,0.006188,
5537,92.28333333333333,32,roi_001,899.7491,1607.9407,890.5696,1600.3851,908.9287,1615.4962,0.601805,1,66,0,0.002172,1.0,0.000869,
5538,92.3,32,roi_001,899.6718,1607.9484,890.4567,1600.3689,908.8868,1615.5278,0.58858,1,67,0,0.002716,1.0,0.001086,
5539,92.31666666666666,32,roi_001,899.6945,1608.3967,890.7548,1601.1125,908.6342,1615.6809,0.580088,1,68,0,0.015819,1.0,0.006327,
5540,92.33333333333333,32,roi_001,899.7592,1608.5858,890.8348,1601.2957,908.6836,1615.876,0.586027,1,69,0,0.008309,1.0,0.003324,
5541,92.35,32,roi_001,899.612,1608.5097,890.5891,1601.0215,908.635,1615.9979,0.577098,1,70,0,0.010408,1.0,0.004163,
5542,92.36666666666666,32,roi_001,899.7672,1608.3922,890.6309,1600.8795,908.9034,1615.9048,0.593306,1,71,0,0.007302,1.0,0.002921,
5543,92.38333333333334,32,roi_001,899.5438,1609.0571,890.2935,1601.3289,908.7941,1616.7854,0.587251,1,72,0,0.023311,1.0,0.009325,
5544,92.4,32,roi_001,899.8081,1609.1529,890.2507,1601.2766,909.3656,1617.0292,0.620984,1,73,0,0.022685,1.0,0.009074,
5545,92.41666666666667,32,roi_001,899.8051,1609.1447,890.2433,1601.2648,909.3668,1617.0245,0.622627,1,74,0,0.009025,1.0,0.00361,
5546,92.43333333333334,32,roi_001,899.7933,1609.0084,890.0747,1601.028,909.512,1616.9888,0.608431,1,75,0,0.004851,1.0,0.00194,
5547,92.45,32,roi_001,899.7941,1609.5115,889.8041,1600.9985,909.7841,1618.0245,0.604662,1,76,0,0.020277,1.0,0.008111,
5548,92.46666666666667,32,roi_001,899.8061,1609.3033,889.6627,1600.6605,909.9494,1617.946,0.582012,1,77,0,0.018695,1.0,0.007478,
5549,92.48333333333333,32,roi_001,899.7289,1609.086,889.5585,1600.4365,909.8994,1617.7355,0.57827,1,78,0,0.003036,1.0,0.001214,
5550,92.5,32,roi_001,899.5431,1609.0405,889.0864,1600.3384,909.9999,1617.7427,0.470482,1,79,0,0.007624,0.065795,0.785513,ambiguous_assignment
5550,92.5,35,roi_001,900.5906,1610.4218,894.6547,1602.3445,906.5264,1618.499,0.157135,1,1,0,0.0,1.0,0.7,interior_track_birth
5551,92.51666666666667,32,roi_001,899.3624,1609.1291,888.7897,1600.1833,909.9351,1618.0748,0.408703,1,80,0,0.006581,0.068355,0.779112,ambiguous_assignment
5551,92.51666666666667,35,roi_001,900.2538,1610.5525,894.2979,1602.3545,906.2097,1618.7505,0.169573,1,2,0,0.01125,0.063687,0.790782,ambiguous_assignment
5552,92.53333333333333,32,roi_001,899.4116,1608.9371,888.209,1599.0668,910.6141,1618.8075,0.430796,1,81,0,0.018905,0.063005,0.792488,ambiguous_assignment
5552,92.53333333333333,35,roi_001,899.9169,1610.6832,893.961,1602.4852,905.8728,1618.8812,0.169573,0,3,1,0.01125,0.0,0.44,missing_detection
5553,92.55,32,roi_001,899.3616,1609.0593,888.7969,1600.1044,909.9264,1618.0142,0.378173,1,82,0,0.018439,0.05345,0.816375,ambiguous_assignment
5553,92.55,35,roi_001,899.5801,1610.814,893.6242,1602.616,905.536,1619.012,0.169573,0,4,2,0.01125,0.0,0.53,missing_detection
5554,92.56666666666666,32,roi_001,899.5266,1608.8998,888.9948,1599.9489,910.0583,1617.8508,0.451661,1,83,0,0.008935,0.061388,0.79653,ambiguous_assignment
5554,92.56666666666666,35,roi_001,899.2433,1610.9447,893.2874,1602.7467,905.1992,1619.1427,0.169573,0,5,3,0.01125,0.0,0.62,missing_detection
5555,92.58333333333333,32,roi_001,900.0773,1609.869,890.7469,1598.9781,909.4077,1620.7599,0.328443,1,84,0,0.039119,0.024727,0.888182,ambiguous_assignment
5555,92.58333333333333,35,roi_001,898.9065,1611.0754,892.9506,1602.8774,904.8624,1619.2734,0.169573,0,6,4,0.01125,0.0,0.71,missing_detection
5556,92.6,32,roi_001,899.8472,1611.0746,888.3079,1603.1124,911.3865,1619.0369,0.323613,1,85,0,0.048972,0.009388,0.92653,ambiguous_assignment
5556,92.6,35,roi_001,900.6027,1610.8307,894.7637,1602.5409,906.4418,1619.1206,0.157003,1,7,0,0.040064,0.018296,0.90426,ambiguous_assignment
5557,92.61666666666666,32,roi_001,899.8443,1611.0729,888.3024,1603.1077,911.3862,1619.0381,0.323805,1,86,0,0.030537,0.04921,0.826975,ambiguous_assignment
5557,92.61666666666666,35,roi_001,900.6019,1610.8308,894.7598,1602.5391,906.444,1619.1226,0.157166,1,8,0,0.04617,0.033577,0.866057,ambiguous_assignment
5558,92.63333333333334,32,roi_001,899.9822,1611.0459,888.3593,1603.1097,911.6052,1618.9821,0.311192,1,87,0,0.004996,0.057684,0.80579,ambiguous_assignment
5558,92.63333333333334,35,roi_001,900.601,1610.8309,894.7589,1602.5391,906.4431,1619.1226,0.157166,0,9,1,0.04617,0.0,0.44,missing_detection
5559,92.65,32,roi_001,899.8865,1609.8919,889.3549,1600.1666,910.4182,1619.6172,0.4647,1,88,0,0.039063,0.021962,0.895094,ambiguous_assignment
5559,92.65,35,roi_001,900.4575,1611.6596,893.5946,1604.5353,907.3203,1618.7839,0.194716,1,10,0,0.033329,0.027697,0.880758,ambiguous_assignment
5560,92.66666666666667,32,roi_001,899.8403,1609.733,888.6608,1599.6196,911.0198,1619.8464,0.358799,1,89,0,0.027544,0.048593,0.828517,ambiguous_assignment
5560,92.66666666666667,35,roi_001,900.8033,1610.5505,894.5461,1601.6947,907.0604,1619.4062,0.3648,1,11,0,0.051058,0.02508,0.887301,ambiguous_assignment
5561,92.68333333333334,32,roi_001,899.893,1609.9524,889.4207,1600.3378,910.3654,1619.567,0.476512,1,90,0,0.015833,0.049584,0.826039,ambiguous_assignment
5561,92.68333333333334,35,roi_001,900.4496,1611.651,893.5878,1604.5571,907.3114,1618.7449,0.20464,1,12,0,0.057102,0.008316,0.929211,ambiguous_assignment
5562,92.7,32,roi_001,900.2763,1611.0609,888.9014,1603.0243,911.6511,1619.0974,0.394514,1,91,0,0.032981,0.033759,0.865603,ambiguous_assignment
5562,92.7,35,roi_001,901.0294,1610.5678,895.2917,1601.7933,906.7672,1619.3423,0.197089,1,13,0,0.062006,0.004733,0.938167,ambiguous_assignment
5563,92.71666666666667,32,roi_001,900.6595,1612.1693,889.2847,1604.1328,912.0344,1620.2059,0.394514,0,92,1,0.032981,0.0,0.44,missing_detection
5563,92.71666666666667,35,roi_001,901.6093,1609.4846,895.8715,1600.7101,907.347,1618.2591,0.197089,0,14,1,0.062006,0.0,0.44,missing_detection
5564,92.73333333333333,32,roi_001,901.0428,1613.2778,889.6679,1605.2412,912.4176,1621.3143,0.394514,0,93,2,0.032981,0.0,0.53,missing_detection
5564,92.73333333333333,35,roi_001,902.1891,1608.4014,896.4514,1599.627,907.9268,1617.1759,0.197089,0,15,2,0.062006,0.0,0.53,missing_detection
5565,92.75,32,roi_001,900.098,1611.4844,888.4811,1603.5718,911.7149,1619.3971,0.157267,1,94,0,0.056115,0.041086,0.847285,ambiguous_assignment
5565,92.75,35,roi_001,902.7689,1607.3182,897.0312,1598.5438,908.5067,1616.0927,0.197089,0,16,3,0.062006,0.0,0.62,missing_detection
5566,92.76666666666667,32,roi_001,899.1533,1609.6911,887.5364,1601.7784,910.7702,1617.6038,0.157267,0,95,1,0.056115,0.0,0.44,missing_detection
5566,92.76666666666667,35,roi_001,903.3488,1606.235,897.611,1597.4606,909.0865,1615.0095,0.197089,0,17,4,0.062006,0.0,0.71,missing_detection
5567,92.78333333333333,32,roi_001,898.2086,1607.8978,886.5917,1599.9851,909.8254,1615.8104,0.157267,0,96,2,0.056115,0.0,0.53,missing_detection
5567,92.78333333333333,35,roi_001,903.9286,1605.1519,898.1909,1596.3774,909.6663,1613.9263,0.197089,0,18,5,0.062006,0.0,0.8,missing_detection
5568,92.8,32,roi_001,897.2638,1606.1044,885.6469,1598.1918,908.8807,1614.0171,0.157267,0,97,3,0.056115,0.0,0.62,missing_detection
5569,92.81666666666666,32,roi_001,896.3191,1604.3111,884.7022,1596.3984,907.936,1612.2238,0.157267,0,98,4,0.056115,0.0,0.71,missing_detection
5570,92.83333333333333,32,roi_001,895.3744,1602.5178,883.7575,1594.6051,906.9912,1610.4304,0.157267,0,99,5,0.056115,0.0,0.8,missing_detection
5604,93.4,36,roi_001,894.3051,1617.6848,885.0796,1607.325,903.5305,1628.0447,0.239724,1,1,0,0.0,1.0,0.7,interior_track_birth
5605,93.41666666666667,36,roi_001,894.4966,1617.6365,885.4515,1607.52,903.5417,1627.7529,0.244553,1,2,0,0.006728,1.0,0.002691,
5606,93.43333333333334,36,roi_001,894.6854,1617.9976,885.8804,1608.2111,903.4904,1627.7842,0.183508,1,3,0,0.012272,1.0,0.004909,
5607,93.45,36,roi_001,893.6275,1617.8326,884.4321,1607.6428,902.8229,1628.0225,0.378064,1,4,0,0.033351,1.0,0.01334,
5608,93.46666666666667,36,roi_001,893.9496,1617.8993,884.7394,1607.7502,903.1597,1628.0483,0.327212,1,5,0,0.031971,1.0,0.012788,
5609,93.48333333333333,36,roi_001,893.5394,1617.7773,884.3801,1607.6118,902.6987,1627.9427,0.389916,1,6,0,0.017859,1.0,0.007144,
5610,93.5,36,roi_001,893.5107,1617.7714,884.3261,1607.5386,902.6953,1628.0042,0.379291,1,7,0,0.010283,1.0,0.004113,
5611,93.51666666666667,36,roi_001,893.9726,1617.8883,885.3712,1608.0266,902.574,1627.75,0.412693,1,8,0,0.01583,1.0,0.006332,
5612,93.53333333333333,36,roi_001,893.863,1617.9345,885.2079,1608.0317,902.518,1627.8373,0.412821,1,9,0,0.013685,1.0,0.005474,
5613,93.55,36,roi_001,894.077,1618.3632,885.601,1608.7418,902.5531,1627.9845,0.397496,1,10,0,0.0136,1.0,0.00544,
5614,93.56666666666666,36,roi_001,894.1347,1618.2861,885.6648,1608.6691,902.6047,1627.9032,0.391874,1,11,0,0.013006,1.0,0.005203,
5615,93.58333333333333,36,roi_001,893.0942,1619.2302,883.9787,1609.7191,902.2098,1628.7412,0.453767,1,12,0,0.038789,1.0,0.015516,
5616,93.6,36,roi_001,893.4633,1619.6215,884.2231,1610.0736,902.7034,1629.1693,0.370215,1,13,0,0.037722,1.0,0.015089,
5617,93.61666666666666,36,roi_001,893.4642,1619.6219,884.2271,1610.0762,902.7014,1629.1676,0.370086,1,14,0,0.015142,1.0,0.006057,
5618,93.63333333333334,36,roi_001,893.347,1619.5781,883.8162,1609.6477,902.8778,1629.5085,0.439469,1,15,0,0.013119,1.0,0.005248,
5619,93.65,36,roi_001,893.0319,1619.0978,883.4485,1609.0801,902.6153,1629.1155,0.550445,1,16,0,0.012983,1.0,0.005193,
5620,93.66666666666667,36,roi_001,893.0063,1619.2072,883.4812,1609.2222,902.5315,1629.1921,0.558921,1,17,0,0.016597,1.0,0.006639,
5621,93.68333333333334,36,roi_001,893.2946,1619.6652,883.8587,1609.8196,902.7305,1629.5107,0.492509,1,18,0,0.012286,1.0,0.004914,
5622,93.7,36,roi_001,893.2718,1619.75,883.8627,1610.0743,902.681,1629.4257,0.526134,1,19,0,0.012815,1.0,0.005126,
5623,93.71666666666667,36,roi_001,892.6532,1620.2203,883.4409,1610.597,901.8655,1629.8435,0.521793,1,20,0,0.018352,1.0,0.007341,
5624,93.73333333333333,36,roi_001,892.9628,1620.4667,884.0621,1610.9554,901.8635,1629.9779,0.505279,1,21,0,0.023255,1.0,0.009302,
5625,93.75,36,roi_001,892.6634,1620.1427,883.5158,1610.2606,901.8109,1630.0248,0.527415,1,22,0,0.02116,1.0,0.008464,
5626,93.76666666666667,36,roi_001,892.4058,1619.8475,882.97,1609.8984,901.8415,1629.7965,0.551982,1,23,0,0.004564,1.0,0.001826,
5627,93.78333333333333,36,roi_001,892.2358,1620.5297,882.7073,1610.3456,901.7643,1630.7137,0.593673,1,24,0,0.021179,0.067333,0.781668,ambiguous_assignment
5627,93.78333333333333,37,roi_001,892.5649,1622.4999,884.5927,1616.5128,900.5372,1628.4871,0.281424,1,1,0,0.0,1.0,0.7,interior_track_birth
5628,93.8,36,roi_001,892.1037,1620.4768,882.467,1610.4159,901.7405,1630.5377,0.580811,1,25,0,0.016513,0.059105,0.802239,ambiguous_assignment
5628,93.8,37,roi_001,892.5609,1622.4313,884.5729,1616.576,900.549,1628.2866,0.300179,1,2,0,0.004912,0.070706,0.773236,ambiguous_assignment
5629,93.81666666666666,36,roi_001,892.1046,1620.4773,882.4686,1610.4187,901.7405,1630.5359,0.580987,1,26,0,0.003778,0.074385,0.764038,ambiguous_assignment
5629,93.81666666666666,37,roi_001,892.5627,1622.4316,884.5746,1616.5757,900.5507,1628.2875,0.300049,1,3,0,0.003127,0.075036,0.76241,ambiguous_assignment
5630,93.83333333333333,36,roi_001,892.4762,1621.3531,882.6763,1611.1603,902.2762,1631.5459,0.518215,1,27,0,0.026691,0.047094,0.832266,ambiguous_assignment
5630,93.83333333333333,37,roi_001,892.938,1622.6462,884.9796,1616.6262,900.8964,1628.6661,0.250194,1,4,0,0.017132,0.056653,0.808368,ambiguous_assignment
5631,93.85,36,roi_001,892.9815,1622.1161,882.3423,1614.0336,903.6208,1630.1987,0.58094,1,28,0,0.032641,0.024324,0.88919,ambiguous_assignment
5631,93.85,37,roi_001,893.3133,1622.8608,885.3549,1616.8408,901.2717,1628.8807,0.250194,0,5,1,0.017132,0.0,0.44,missing_detection
5632,93.86666666666666,36,roi_001,892.9388,1622.0208,882.5491,1614.0546,903.3284,1629.9869,0.578775,1,29,0,0.029381,0.025596,0.886009,ambiguous_assignment
5632,93.86666666666666,37,roi_001,893.6887,1623.0754,885.7303,1617.0554,901.647,1629.0953,0.250194,0,6,2,0.017132,0.0,0.53,missing_detection
5633,93.88333333333334,36,roi_001,893.2499,1622.0327,882.9308,1614.0432,903.569,1630.0222,0.578175,1,30,0,0.010306,0.043525,0.841187,ambiguous_assignment
5633,93.88333333333334,37,roi_001,894.064,1623.29,886.1056,1617.27,902.0224,1629.3099,0.250194,0,7,3,0.017132,0.0,0.62,missing_detection
5634,93.9,36,roi_001,893.0175,1622.0803,882.4519,1614.0201,903.5831,1630.1404,0.581623,1,31,0,0.012864,0.043427,0.841431,ambiguous_assignment
5634,93.9,37,roi_001,894.4393,1623.5046,886.481,1617.4846,902.3977,1629.5245,0.250194,0,8,4,0.017132,0.0,0.71,missing_detection
5635,93.91666666666667,36,roi_001,892.3755,1622.1641,882.6888,1612.0033,902.0621,1632.325,0.486514,1,32,0,0.03413,0.020719,0.898203,ambiguous_assignment
5635,93.91666666666667,37,roi_001,892.8405,1622.7914,884.9968,1616.5458,900.6841,1629.0371,0.348152,1,9,0,0.04396,0.010888,0.922779,ambiguous_assignment
5636,93.93333333333334,36,roi_001,892.3376,1622.1409,882.6934,1612.0217,901.9817,1632.26,0.476832,1,33,0,0.015705,0.055782,0.810545,ambiguous_assignment
5636,93.93333333333334,37,roi_001,892.5532,1622.8102,884.6937,1616.9253,900.4127,1628.6951,0.290646,1,10,0,0.043968,0.02752,0.881201,ambiguous_assignment
5637,93.95,36,roi_001,892.9768,1622.2324,882.3231,1614.1934,903.6305,1630.2714,0.46009,1,34,0,0.034543,0.027788,0.880531,ambiguous_assignment
5637,93.95,37,roi_001,892.2659,1622.8289,884.4064,1616.944,900.1254,1628.7138,0.290646,0,11,1,0.043968,0.0,0.44,missing_detection
5638,93.96666666666667,36,roi_001,892.264,1622.1971,882.6857,1612.0988,901.8423,1632.2954,0.477409,1,35,0,0.044596,0.02259,0.893526,ambiguous_assignment
5638,93.96666666666667,37,roi_001,892.5124,1622.8356,884.6809,1616.9512,900.3439,1628.72,0.289362,1,12,0,0.012755,0.054431,0.813924,ambiguous_assignment
5639,93.98333333333333,36,roi_001,892.8242,1622.4045,882.1765,1614.3885,903.472,1630.4204,0.47212,1,36,0,0.045039,0.013384,0.916541,ambiguous_assignment
5639,93.98333333333333,37,roi_001,892.7589,1622.8422,884.9274,1616.9578,900.5904,1628.7266,0.289362,0,13,1,0.012755,0.0,0.44,missing_detection
5640,94.0,36,roi_001,892.0793,1622.5094,882.8984,1612.6259,901.2602,1632.3929,0.464195,1,37,0,0.043339,0.022233,0.894418,ambiguous_assignment
5640,94.0,37,roi_001,892.3723,1622.907,884.7347,1617.1832,900.0099,1628.6307,0.282093,1,14,0,0.01954,0.046032,0.834921,ambiguous_assignment
5641,94.01666666666667,36,roi_001,892.0789,1622.5071,882.8861,1612.6089,901.2718,1632.4053,0.465505,1,38,0,0.017508,0.048658,0.828354,ambiguous_assignment
5641,94.01666666666667,37,roi_001,892.371,1622.9048,884.7332,1617.1843,900.0088,1628.6254,0.282905,1,15,0,0.013217,0.052949,0.817627,ambiguous_assignment
5642,94.03333333333333,36,roi_001,892.2131,1622.49,882.8847,1612.4718,901.5415,1632.5082,0.469667,1,39,0,0.004765,0.063005,0.792488,ambiguous_assignment
5642,94.03333333333333,37,roi_001,892.5262,1622.9368,884.8531,1617.2012,900.1992,1628.6724,0.276067,1,16,0,0.00625,0.061519,0.796201,ambiguous_assignment
5643,94.05,36,roi_001,892.4965,1622.8906,882.5657,1611.998,902.4273,1633.7831,0.473152,1,40,0,0.019608,0.054125,0.814689,ambiguous_assignment
5643,94.05,37,roi_001,892.9573,1623.207,885.1243,1616.938,900.7904,1629.4761,0.333715,1,17,0,0.02212,0.051613,0.820967,ambiguous_assignment
5644,94.06666666666666,36,roi_001,892.5012,1622.7493,882.6841,1612.0793,902.3182,1633.4192,0.470313,1,41,0,0.014651,0.061782,0.795545,ambiguous_assignment
5644,94.06666666666666,37,roi_001,892.9805,1623.1348,885.1218,1616.8608,900.8392,1629.4088,0.346981,1,18,0,0.019964,0.056469,0.808828,ambiguous_assignment
5645,94.08333333333333,36,roi_001,892.5807,1622.7783,882.62,1611.8394,902.5415,1633.7173,0.453464,1,42,0,0.006457,0.067533,0.781166,ambiguous_assignment
5645,94.08333333333333,37,roi_001,893.0593,1623.1718,885.2266,1616.902,900.892,1629.4415,0.305498,1,19,0,0.006441,0.06755,0.781125,ambiguous_assignment
5646,94.1,36,roi_001,892.5034,1622.6797,882.3792,1611.5529,902.6276,1633.8065,0.452457,1,43,0,0.005835,0.072707,0.768231,ambiguous_assignment
5646,94.1,37,roi_001,892.9043,1623.1664,885.0784,1616.8489,900.7302,1629.4839,0.310865,1,20,0,0.007971,0.070572,0.77357,ambiguous_assignment
5647,94.11666666666666,36,roi_001,892.426,1622.5811,882.3018,1611.4542,902.5503,1633.7079,0.452457,0,44,1,0.005835,0.0,0.44,missing_detection
5647,94.11666666666666,37,roi_001,892.7494,1623.161,884.9235,1616.8435,900.5753,1629.4785,0.310865,0,21,1,0.007971,0.0,0.44,missing_detection
5648,94.13333333333334,36,roi_001,892.3487,1622.4824,882.2244,1611.3556,902.4729,1633.6093,0.452457,0,45,2,0.005835,0.0,0.53,missing_detection
5648,94.13333333333334,37,roi_001,892.5944,1623.1556,884.7685,1616.8381,900.4203,1629.4731,0.310865,0,22,2,0.007971,0.0,0.53,missing_detection
5649,94.15,36,roi_001,891.916,1623.3757,881.4606,1612.2651,902.3713,1634.4863,0.188961,1,46,0,0.024075,0.056729,0.808177,ambiguous_assignment
5649,94.15,37,roi_001,892.0042,1623.3833,884.3317,1618.3245,899.6766,1628.4421,0.178845,1,23,0,0.034525,0.04628,0.834301,ambiguous_assignment
5650,94.16666666666667,36,roi_001,891.9832,1623.8142,881.8901,1612.7428,902.0763,1634.8856,0.212588,1,47,0,0.019538,0.076523,0.758694,ambiguous_assignment
5650,94.16666666666667,37,roi_001,891.4139,1623.611,883.7414,1618.5521,899.0864,1628.6698,0.178845,0,24,1,0.034525,0.0,0.44,missing_detection
5651,94.18333333333334,36,roi_001,892.0504,1624.2527,881.9573,1613.1813,902.1435,1635.3241,0.212588,0,48,1,0.019538,0.0,0.44,missing_detection
5651,94.18333333333334,37,roi_001,890.8237,1623.8386,883.1512,1618.7798,898.4962,1628.8975,0.178845,0,25,2,0.034525,0.0,0.53,missing_detection
5652,94.2,36,roi_001,892.1176,1624.6912,882.0245,1613.6198,902.2108,1635.7626,0.212588,0,49,2,0.019538,0.0,0.53,missing_detection
5652,94.2,37,roi_001,890.2334,1624.0663,882.5609,1619.0074,897.9059,1629.1251,0.178845,0,26,3,0.034525,0.0,0.62,missing_detection
5653,94.21666666666667,36,roi_001,892.1849,1625.1296,882.0918,1614.0582,902.278,1636.201,0.212588,0,50,3,0.019538,0.0,0.62,missing_detection
5653,94.21666666666667,37,roi_001,889.6432,1624.2939,881.9707,1619.2351,897.3157,1629.3528,0.178845,0,27,4,0.034525,0.0,0.71,missing_detection
5654,94.23333333333333,36,roi_001,892.2521,1625.5681,882.159,1614.4967,902.3452,1636.6395,0.212588,0,51,4,0.019538,0.0,0.71,missing_detection
5654,94.23333333333333,37,roi_001,889.0529,1624.5216,881.3805,1619.4628,896.7254,1629.5804,0.178845,0,28,5,0.034525,0.0,0.8,missing_detection
5655,94.25,36,roi_001,892.3193,1626.0066,882.2262,1614.9352,902.4124,1637.078,0.212588,0,52,5,0.019538,0.0,0.8,missing_detection
5661,94.35,38,roi_001,892.3587,1628.7722,885.5444,1617.7131,899.173,1639.8313,0.190777,1,1,0,0.0,1.0,0.7,interior_track_birth
5662,94.36666666666666,38,roi_001,892.3587,1628.7722,885.5444,1617.7131,899.173,1639.8313,0.190777,0,2,1,0.0,0.0,0.44,missing_detection
5663,94.38333333333334,38,roi_001,892.127,1630.1434,884.8389,1618.6744,899.4152,1641.6124,0.354911,1,3,0,0.03053,1.0,0.012212,
5664,94.4,38,roi_001,891.9753,1630.4991,884.657,1618.9756,899.2936,1642.0226,0.302311,1,4,0,0.026827,1.0,0.010731,
5665,94.41666666666667,38,roi_001,891.9782,1630.5033,884.6578,1618.9891,899.2985,1642.0175,0.303162,1,5,0,0.013269,1.0,0.005308,
5666,94.43333333333334,38,roi_001,892.0172,1630.5967,884.7111,1619.171,899.3234,1642.0225,0.309693,1,6,0,0.006044,1.0,0.002417,
5667,94.45,38,roi_001,891.8983,1630.2174,884.8249,1619.2799,898.9717,1641.1549,0.527538,1,7,0,0.018452,0.063938,0.790156,ambiguous_assignment
5667,94.45,39,roi_001,892.0623,1632.3314,878.8813,1624.5001,905.2432,1640.1627,0.188115,1,1,0,0.0,1.0,0.7,interior_track_birth
5668,94.46666666666667,38,roi_001,891.7307,1630.1123,883.502,1620.9977,899.9593,1639.2269,0.541824,1,8,0,0.035397,0.050569,0.823578,ambiguous_assignment
5668,94.46666666666667,39,roi_001,891.2224,1631.9976,886.7513,1623.0442,895.6935,1640.9509,0.31214,1,2,0,0.109305,-0.02334,0.95,ambiguous_assignment
5669,94.48333333333333,38,roi_001,891.7949,1630.1359,881.3903,1619.4052,902.1995,1640.8666,0.547483,1,9,0,0.039545,0.037598,0.856004,ambiguous_assignment
5669,94.48333333333333,39,roi_001,891.4671,1631.6022,886.4116,1622.609,896.5226,1640.5953,0.372241,1,3,0,0.047813,0.029331,0.876673,ambiguous_assignment
5670,94.5,38,roi_001,891.5793,1630.211,883.2936,1621.1447,899.8651,1639.2773,0.5152,1,10,0,0.041142,0.019123,0.902193,ambiguous_assignment
5670,94.5,39,roi_001,891.133,1631.9818,886.6371,1623.0392,895.629,1640.9243,0.273889,1,4,0,0.044069,0.016195,0.909511,ambiguous_assignment
5671,94.51666666666667,38,roi_001,892.0423,1630.8169,883.0699,1621.2556,901.0148,1640.3782,0.513278,1,11,0,0.024197,0.057619,0.805952,ambiguous_assignment
5671,94.51666666666667,39,roi_001,891.2657,1632.9497,886.901,1624.1782,895.6304,1641.7212,0.360868,1,5,0,0.030877,0.050939,0.822653,ambiguous_assignment
5672,94.53333333333333,38,roi_001,891.9579,1630.454,883.2697,1621.0009,900.646,1639.9071,0.516763,1,12,0,0.028022,0.061014,0.797466,ambiguous_assignment
5672,94.53333333333333,39,roi_001,891.343,1632.7805,886.9774,1623.8512,895.7087,1641.7098,0.375619,1,6,0,0.028546,0.060489,0.798777,ambiguous_assignment
5673,94.55,38,roi_001,892.0732,1631.7004,884.527,1619.6035,899.6195,1643.7974,0.508731,1,13,0,0.051806,0.02737,0.881574,ambiguous_assignment
5673,94.55,39,roi_001,891.6273,1632.2431,886.6561,1623.1244,896.5985,1641.3618,0.403931,1,7,0,0.021458,0.057718,0.805705,ambiguous_assignment
5673,94.55,40,roi_001,893.3176,1633.0598,881.8597,1625.3043,904.7755,1640.8153,0.256224,1,1,0,0.0,1.0,0.7,interior_track_birth
5674,94.56666666666666,38,roi_001,891.936,1630.8056,883.2419,1621.3514,900.6301,1640.2598,0.524543,1,14,0,0.053838,0.008799,0.928003,ambiguous_assignment
5674,94.56666666666666,39,roi_001,891.2894,1632.846,886.9009,1623.9141,895.678,1641.778,0.38927,1,8,0,0.038162,0.024474,0.888814,ambiguous_assignment
5674,94.56666666666666,40,roi_001,893.3176,1633.0598,881.8597,1625.3043,904.7755,1640.8153,0.256224,0,2,1,0.0,0.0,0.44,missing_detection
5675,94.58333333333333,38,roi_001,891.2859,1630.8849,882.4576,1621.2399,900.1142,1640.53,0.590057,1,15,0,0.026939,0.033365,0.866587,ambiguous_assignment
5675,94.58333333333333,39,roi_001,891.0291,1632.6624,886.3273,1623.4581,895.7308,1641.8666,0.486805,1,9,0,0.024573,0.055988,0.81003,ambiguous_assignment
5675,94.58333333333333,40,roi_001,891.3867,1633.39,883.23,1629.0352,899.5435,1637.7449,0.189086,1,3,0,0.100975,-0.04067,0.95,ambiguous_assignment
5676,94.6,38,roi_001,891.7234,1631.4741,884.0703,1619.2886,899.3766,1643.6595,0.451265,1,16,0,0.044534,0.034738,0.863155,ambiguous_assignment
5676,94.6,39,roi_001,891.1589,1632.5656,886.7747,1623.3641,895.5431,1641.767,0.400147,1,10,0,0.029455,0.049817,0.825457,ambiguous_assignment
5676,94.6,40,roi_001,892.5467,1632.982,878.8922,1624.6111,906.2012,1641.3529,0.203798,1,4,0,0.108778,-0.028971,0.95,ambiguous_assignment
5677,94.61666666666666,38,roi_001,891.7138,1631.5046,884.0564,1619.3292,899.3712,1643.6799,0.459115,1,17,0,0.018885,0.051295,0.821761,ambiguous_assignment
5677,94.61666666666666,39,roi_001,891.1484,1632.5652,886.7366,1623.3361,895.5602,1641.7943,0.406447,1,11,0,0.016448,0.061133,0.797168,ambiguous_assignment
5677,94.61666666666666,40,roi_001,892.4963,1632.9796,878.8798,1624.5942,906.1129,1641.3649,0.212091,1,5,0,0.029973,0.040208,0.849481,ambiguous_assignment
5678,94.63333333333334,38,roi_001,891.8326,1631.5681,884.1824,1619.5184,899.4829,1643.6178,0.441042,1,18,0,0.00497,0.069335,0.776663,ambiguous_assignment
5678,94.63333333333334,39,roi_001,891.2498,1632.7183,886.7762,1623.6447,895.7234,1641.792,0.369273,1,12,0,0.012939,0.065347,0.786631,ambiguous_assignment
5678,94.63333333333334,40,roi_001,892.8633,1633.0878,880.974,1625.1741,904.7526,1641.0016,0.193656,1,6,0,0.024786,0.049519,0.826202,ambiguous_assignment
5679,94.65,38,roi_001,890.5977,1632.4316,882.45,1624.4379,898.7453,1640.4253,0.674979,1,19,0,0.062378,0.003738,0.940654,ambiguous_assignment
5679,94.65,39,roi_001,891.3513,1632.8715,886.8777,1623.7978,895.8248,1641.9451,0.369273,0,13,1,0.012939,0.0,0.44,missing_detection
5679,94.65,40,roi_001,893.2302,1633.1961,881.3409,1625.2823,905.1195,1641.1099,0.193656,0,7,1,0.024786,0.0,0.44,missing_detection
5680,94.66666666666667,38,roi_001,890.6136,1632.4396,882.5763,1624.541,898.6508,1640.3383,0.667958,1,20,0,0.041083,0.022679,0.893303,ambiguous_assignment
5680,94.66666666666667,39,roi_001,891.4527,1633.0246,886.9791,1623.9509,895.9263,1642.0983,0.369273,0,14,2,0.012939,0.0,0.53,missing_detection
5680,94.66666666666667,40,roi_001,893.5972,1633.3044,881.7079,1625.3906,905.4865,1641.2181,0.193656,0,8,2,0.024786,0.0,0.53,missing_detection
5681,94.68333333333334,38,roi_001,891.2373,1633.5783,882.7659,1628.7141,899.7087,1638.4425,0.356898,1,21,0,0.0643,-0.014986,0.95,ambiguous_assignment
5681,94.68333333333334,39,roi_001,890.92,1633.1483,885.3602,1623.9592,896.4798,1642.3374,0.575926,1,15,0,0.034128,0.015186,0.912035,ambiguous_assignment
5681,94.68333333333334,40,roi_001,891.1637,1632.888,880.5032,1622.8051,901.8241,1642.9709,0.673834,1,9,0,0.058863,-0.000629,0.95,ambiguous_assignment
5682,94.7,38,roi_001,891.8611,1634.717,883.3896,1629.8528,900.3325,1639.5812,0.356898,0,22,1,0.0643,0.0,0.44,missing_detection
5682,94.7,39,roi_001,890.637,1632.493,882.5529,1624.5382,898.7211,1640.4478,0.673089,1,16,0,0.052012,0.012388,0.919029,ambiguous_assignment
5682,94.7,40,roi_001,888.7302,1632.4716,878.0697,1622.3887,899.3906,1642.5546,0.673834,0,10,1,0.058863,0.0,0.44,missing_detection
5683,94.71666666666667,38,roi_001,892.4848,1635.8557,884.0134,1630.9915,900.9562,1640.7198,0.356898,0,23,2,0.0643,0.0,0.53,missing_detection
5683,94.71666666666667,39,roi_001,889.4868,1632.3423,881.1233,1623.96,897.8502,1640.7246,0.685829,1,17,0,0.037956,0.0282,0.879501,ambiguous_assignment
5683,94.71666666666667,40,roi_001,886.2967,1632.0552,875.6362,1621.9723,896.9571,1642.1382,0.673834,0,11,2,0.058863,0.0,0.53,missing_detection
5684,94.73333333333333,38,roi_001,893.1086,1636.9943,884.6371,1632.1301,901.58,1641.8585,0.356898,0,24,3,0.0643,0.0,0.62,missing_detection
5684,94.73333333333333,39,roi_001,889.3193,1632.509,881.0621,1624.386,897.5764,1640.632,0.709215,1,18,0,0.031123,0.055592,0.81102,ambiguous_assignment
5684,94.73333333333333,40,roi_001,883.8632,1631.6389,873.2027,1621.5559,894.5236,1641.7218,0.673834,0,12,3,0.058863,0.0,0.62,missing_detection
5685,94.75,38,roi_001,890.657,1633.7543,882.2963,1628.8564,899.0177,1638.6522,0.541878,1,25,0,0.11926,-0.029976,0.95,ambiguous_assignment
5685,94.75,39,roi_001,890.6651,1632.8862,884.978,1623.6554,896.3522,1642.1169,0.617801,1,19,0,0.061703,0.017954,0.905115,ambiguous_assignment
5685,94.75,40,roi_001,890.5931,1631.8274,880.129,1621.5774,901.0573,1642.0774,0.728463,1,13,0,0.118977,-0.03932,0.95,ambiguous_assignment
5686,94.76666666666667,38,roi_001,890.5555,1633.7741,882.2116,1628.9294,898.8994,1638.6188,0.552379,1,26,0,0.123561,-0.026164,0.95,ambiguous_assignment
5686,94.76666666666667,39,roi_001,890.6327,1632.6707,884.9017,1623.1981,896.3636,1642.1432,0.638601,1,20,0,0.04737,0.045796,0.835511,ambiguous_assignment
5686,94.76666666666667,40,roi_001,890.4548,1631.8124,879.9921,1621.3916,900.9176,1642.2333,0.736311,1,14,0,0.133616,-0.04045,0.95,ambiguous_assignment
5687,94.78333333333333,38,roi_001,890.4678,1633.9828,881.9825,1628.963,898.9531,1639.0026,0.607512,1,27,0,0.0246,0.05282,0.817951,ambiguous_assignment
5687,94.78333333333333,39,roi_001,890.4132,1633.345,884.6464,1624.2614,896.1801,1642.4287,0.60352,1,21,0,0.032065,0.042654,0.843365,ambiguous_assignment
5687,94.78333333333333,40,roi_001,890.1495,1632.8525,879.6313,1622.6663,900.6677,1643.0388,0.719749,1,15,0,0.031235,0.043484,0.841291,ambiguous_assignment
5688,94.8,38,roi_001,890.3801,1634.1915,881.8948,1629.1717,898.8654,1639.2112,0.607512,0,28,1,0.0246,0.0,0.44,missing_detection
5688,94.8,39,roi_001,890.2753,1633.9116,883.8652,1627.3336,896.6854,1640.4895,0.640978,1,22,0,0.043819,0.00601,0.934976,ambiguous_assignment
5688,94.8,40,roi_001,890.1747,1632.5099,879.8403,1622.4821,900.5092,1642.5378,0.72372,1,16,0,0.036515,0.04574,0.83565,ambiguous_assignment
5689,94.81666666666666,38,roi_001,890.3906,1633.8621,881.8914,1629.1024,898.8898,1638.6217,0.620936,1,29,0,0.03229,0.039922,0.850194,ambiguous_assignment
5689,94.81666666666666,39,roi_001,890.76,1632.6869,885.0283,1623.7097,896.4917,1641.6641,0.544947,1,23,0,0.065121,0.000762,0.948096,ambiguous_assignment
5689,94.81666666666666,40,roi_001,890.0757,1632.7784,879.5497,1622.6797,900.6017,1642.8772,0.725727,1,17,0,0.018528,0.047355,0.831612,ambiguous_assignment
5690,94.83333333333333,38,roi_001,890.1685,1633.8537,883.778,1627.3799,896.559,1640.3275,0.529007,1,30,0,0.050958,0.020556,0.898611,ambiguous_assignment
5690,94.83333333333333,39,roi_001,891.2447,1631.4622,885.513,1622.485,896.9764,1640.4394,0.544947,0,24,1,0.065121,0.0,0.44,missing_detection
5690,94.83333333333333,40,roi_001,889.64,1633.175,878.6852,1623.0201,900.5947,1643.33,0.672441,1,18,0,0.013667,0.074,0.765,ambiguous_assignment
5691,94.85,38,roi_001,889.975,1634.1245,883.5245,1627.5814,896.4254,1640.6675,0.581389,1,31,0,0.020078,0.067076,0.78231,ambiguous_assignment
5691,94.85,39,roi_001,891.7294,1630.2375,885.9977,1621.2604,897.4611,1639.2147,0.544947,0,25,2,0.065121,0.0,0.53,missing_detection
5691,94.85,40,roi_001,889.7136,1632.802,879.2657,1623.2659,900.1615,1642.3381,0.650331,1,19,0,0.025498,0.061656,0.795861,ambiguous_assignment
5692,94.86666666666666,38,roi_001,889.7815,1634.3952,883.331,1627.8522,896.2319,1640.9382,0.581389,0,32,1,0.020078,0.0,0.44,missing_detection
5692,94.86666666666666,39,roi_001,892.2141,1629.0129,886.4825,1620.0357,897.9458,1637.9901,0.544947,0,26,3,0.065121,0.0,0.62,missing_detection
5692,94.86666666666666,40,roi_001,890.2109,1633.0589,881.9932,1625.5104,898.4287,1640.6074,0.723042,1,20,0,0.049301,0.014496,0.913761,ambiguous_assignment
5693,94.88333333333334,38,roi_001,889.588,1634.666,883.1375,1628.1229,896.0384,1641.209,0.581389,0,33,2,0.020078,0.0,0.53,missing_detection
5693,94.88333333333334,39,roi_001,892.6989,1627.7882,886.9672,1618.811,898.4305,1636.7654,0.544947,0,27,4,0.065121,0.0,0.71,missing_detection
5693,94.88333333333334,40,roi_001,890.2116,1633.0586,881.9968,1625.5133,898.4265,1640.6039,0.722714,1,21,0,0.017135,0.046144,0.834641,ambiguous_assignment
5694,94.9,38,roi_001,885.5323,1633.307,875.6453,1624.2455,895.4192,1642.3685,0.155823,1,34,0,0.096061,-0.033342,0.95,ambiguous_assignment
5694,94.9,39,roi_001,893.1836,1626.5635,887.4519,1617.5864,898.9153,1635.5407,0.544947,0,28,5,0.065121,0.0,0.8,missing_detection
5694,94.9,40,roi_001,890.2645,1633.1592,882.1326,1625.6095,898.3965,1640.7089,0.716369,1,22,0,0.005577,0.057142,0.807146,ambiguous_assignment
5695,94.91666666666667,38,roi_001,881.4766,1631.9481,871.5896,1622.8865,891.3635,1641.0096,0.155823,0,35,1,0.096061,0.0,0.44,missing_detection
5695,94.91666666666667,39,roi_001,889.6544,1632.5045,879.0883,1623.0175,900.2205,1641.9916,0.709053,1,29,0,0.108767,-0.058037,0.95,ambiguous_assignment
5695,94.91666666666667,40,roi_001,890.0191,1633.8478,883.608,1627.4332,896.4302,1640.2625,0.512352,1,23,0,0.050106,0.000625,0.948438,ambiguous_assignment
5696,94.93333333333334,38,roi_001,877.4209,1630.5891,867.5339,1621.5276,887.3078,1639.6506,0.155823,0,36,2,0.096061,0.0,0.53,missing_detection
5696,94.93333333333334,39,roi_001,889.6564,1632.5641,879.0445,1623.0228,900.2682,1642.1055,0.714288,1,30,0,0.141373,-0.058208,0.95,ambiguous_assignment
5696,94.93333333333334,40,roi_001,890.0396,1633.8631,883.6676,1627.4661,896.4116,1640.2601,0.516257,1,24,0,0.027763,0.055402,0.811495,ambiguous_assignment
5697,94.95,38,roi_001,873.3652,1629.2302,863.4782,1620.1686,883.2521,1638.2917,0.155823,0,37,3,0.096061,0.0,0.62,missing_detection
5697,94.95,39,roi_001,889.6967,1632.5242,878.8026,1622.7585,900.5908,1642.2899,0.697416,1,31,0,0.011057,0.070072,0.774819,ambiguous_assignment
5697,94.95,40,roi_001,890.0711,1633.837,883.7842,1627.5448,896.358,1640.1293,0.504535,1,25,0,0.007565,0.073564,0.76609,ambiguous_assignment
5698,94.96666666666667,38,roi_001,869.3095,1627.8712,859.4225,1618.8097,879.1964,1636.9327,0.155823,0,38,4,0.096061,0.0,0.71,missing_detection
5698,94.96666666666667,39,roi_001,889.7122,1632.5434,879.1093,1623.022,900.3151,1642.0648,0.704084,1,32,0,0.008901,0.071441,0.771398,ambiguous_assignment
5698,94.96666666666667,40,roi_001,890.0261,1633.8813,883.6068,1627.4369,896.4454,1640.3257,0.522947,1,26,0,0.00817,0.072172,0.769569,ambiguous_assignment
5699,94.98333333333333,38,roi_001,865.2538,1626.5123,855.3669,1617.4507,875.1407,1635.5738,0.155823,0,39,5,0.096061,0.0,0.8,missing_detection
5699,94.98333333333333,39,roi_001,889.1106,1633.6208,878.6751,1625.0487,899.546,1642.193,0.449385,1,33,0,0.034985,0.037745,0.855639,ambiguous_assignment
5699,94.98333333333333,40,roi_001,889.4583,1634.5307,882.7886,1628.1991,896.1279,1640.8623,0.258228,1,27,0,0.034535,0.038195,0.854513,ambiguous_assignment
5700,95.0,39,roi_001,889.0362,1633.4753,878.4181,1624.8337,899.6542,1642.1168,0.452209,1,34,0,0.034058,0.044575,0.838562,ambiguous_assignment
5700,95.0,40,roi_001,889.4335,1634.5032,882.7712,1628.173,896.0958,1640.8335,0.254447,1,28,0,0.032831,0.045802,0.835495,ambiguous_assignment
5701,95.01666666666667,39,roi_001,888.7205,1633.347,878.3558,1624.736,899.0852,1641.9581,0.371293,1,35,0,0.006533,0.068335,0.779163,ambiguous_assignment
5701,95.01666666666667,40,roi_001,889.2219,1634.5987,882.5269,1628.0548,895.917,1641.1426,0.205531,1,29,0,0.011861,0.063007,0.792483,ambiguous_assignment
5702,95.03333333333333,39,roi_001,888.7484,1633.4107,878.344,1624.7888,899.1528,1642.0326,0.381523,1,36,0,0.010357,0.063817,0.790458,ambiguous_assignment
5702,95.03333333333333,40,roi_001,889.2864,1634.4897,882.6061,1628.1377,895.9666,1640.8418,0.20772,1,30,0,0.015677,0.058497,0.803758,ambiguous_assignment
5703,95.05,39,roi_001,888.4322,1633.4901,878.2636,1625.1711,898.6008,1641.809,0.416189,1,37,0,0.011686,0.061333,0.796668,ambiguous_assignment
5703,95.05,40,roi_001,889.3508,1634.3808,882.6706,1628.0287,896.0311,1640.7328,0.20772,0,31,1,0.015677,0.0,0.44,missing_detection
5704,95.06666666666666,39,roi_001,888.3751,1633.2907,878.2341,1624.9656,898.5161,1641.6158,0.441965,1,38,0,0.010637,0.061875,0.795312,ambiguous_assignment
5704,95.06666666666666,40,roi_001,889.4153,1634.2719,882.735,1627.9198,896.0955,1640.6239,0.20772,0,32,2,0.015677,0.0,0.53,missing_detection
5705,95.08333333333333,39,roi_001,884.9209,1634.2713,874.4614,1626.1337,895.3804,1642.4089,0.434343,1,39,0,0.078025,0.014778,0.913056,ambiguous_assignment
5705,95.08333333333333,40,roi_001,889.4797,1634.1629,882.7995,1627.8109,896.16,1640.515,0.20772,0,33,3,0.015677,0.0,0.62,missing_detection
5706,95.1,39,roi_001,881.4667,1635.2519,871.0072,1627.1143,891.9262,1643.3895,0.434343,0,40,1,0.078025,0.0,0.44,missing_detection
5706,95.1,40,roi_001,888.3846,1634.0885,877.8931,1625.707,898.8761,1642.47,0.389251,1,34,0,0.068989,0.064815,0.787963,ambiguous_assignment
5707,95.11666666666666,39,roi_001,878.0125,1636.2325,867.553,1628.0948,888.472,1644.3701,0.434343,0,41,2,0.078025,0.0,0.53,missing_detection
5707,95.11666666666666,40,roi_001,883.9557,1634.6248,872.7811,1626.5356,895.1302,1642.714,0.270106,1,35,0,0.078612,0.018679,0.903301,ambiguous_assignment
5708,95.13333333333334,39,roi_001,874.5583,1637.2131,864.0988,1629.0754,885.0179,1645.3507,0.434343,0,42,3,0.078025,0.0,0.62,missing_detection
5708,95.13333333333334,40,roi_001,883.895,1634.6072,872.6411,1626.4744,895.149,1642.74,0.27627,1,36,0,0.091004,0.031393,0.871518,ambiguous_assignment
5709,95.15,39,roi_001,871.1042,1638.1937,860.6447,1630.056,881.5637,1646.3313,0.434343,0,43,4,0.078025,0.0,0.71,missing_detection
5709,95.15,40,roi_001,883.9901,1634.5674,872.7211,1626.3785,895.2591,1642.7562,0.290099,1,37,0,0.008328,0.132274,0.003331,
5710,95.16666666666667,39,roi_001,867.65,1639.1743,857.1905,1631.0366,878.1095,1647.3119,0.434343,0,44,5,0.078025,0.0,0.8,missing_detection
5710,95.16666666666667,40,roi_001,883.9021,1634.5614,872.6218,1626.3755,895.1823,1642.7473,0.312652,1,38,0,0.006977,0.145471,0.002791,
5711,95.18333333333334,40,roi_001,883.814,1634.5554,872.5338,1626.3695,895.0943,1642.7413,0.312652,0,39,1,0.006977,0.0,0.44,missing_detection
5712,95.2,40,roi_001,883.726,1634.5494,872.4457,1626.3635,895.0062,1642.7354,0.312652,0,40,2,0.006977,0.0,0.53,missing_detection
5713,95.21666666666667,40,roi_001,883.6379,1634.5435,872.3577,1626.3575,894.9182,1642.7294,0.312652,0,41,3,0.006977,0.0,0.62,missing_detection
5714,95.23333333333333,40,roi_001,883.5499,1634.5375,872.2697,1626.3516,894.8301,1642.7234,0.312652,0,42,4,0.006977,0.0,0.71,missing_detection
5715,95.25,40,roi_001,883.4619,1634.5315,872.1816,1626.3456,894.7421,1642.7174,0.312652,0,43,5,0.006977,0.0,0.8,missing_detection
5723,95.38333333333334,41,roi_001,880.7463,1633.1845,869.9904,1623.4249,891.5023,1642.9441,0.161685,1,1,0,0.0,1.0,0.7,interior_track_birth
5724,95.4,41,roi_001,880.7463,1633.1845,869.9904,1623.4249,891.5023,1642.9441,0.161685,0,2,1,0.0,0.0,0.44,missing_detection
5725,95.41666666666667,41,roi_001,880.7463,1633.1845,869.9904,1623.4249,891.5023,1642.9441,0.161685,0,3,2,0.0,0.0,0.53,missing_detection
5726,95.43333333333334,41,roi_001,880.7488,1633.1519,869.9424,1623.2605,891.5551,1643.0432,0.150585,1,4,0,0.002022,1.0,0.000809,
5727,95.45,41,roi_001,880.4355,1633.3264,869.5898,1623.6448,891.2812,1643.0079,0.266668,1,5,0,0.009355,1.0,0.003742,
5728,95.46666666666667,41,roi_001,880.0544,1633.3569,868.9288,1623.6571,891.1799,1643.0568,0.297921,1,6,0,0.006124,1.0,0.002449,
5729,95.48333333333333,41,roi_001,880.0562,1633.3799,868.9052,1623.6836,891.2073,1643.0763,0.29562,1,7,0,0.007902,1.0,0.003161,
5730,95.5,41,roi_001,879.9456,1633.1652,868.5308,1623.4205,891.3604,1642.9099,0.241422,1,8,0,0.010515,1.0,0.004206,
5731,95.51666666666667,41,roi_001,879.7116,1632.7028,868.3043,1622.4622,891.119,1642.9434,0.307035,1,9,0,0.010125,1.0,0.00405,
5732,95.53333333333333,41,roi_001,879.8777,1632.597,868.515,1622.3783,891.2403,1642.8157,0.260701,1,10,0,0.012861,1.0,0.005144,
5733,95.55,41,roi_001,879.709,1632.6245,868.2838,1622.3618,891.1341,1642.8871,0.308349,1,11,0,0.008672,1.0,0.003469,
5734,95.56666666666666,41,roi_001,879.613,1632.47,868.3263,1622.2346,890.8997,1642.7053,0.31777,1,12,0,0.005858,1.0,0.002343,
5735,95.58333333333333,41,roi_001,879.517,1632.3155,868.2303,1622.0801,890.8037,1642.5508,0.31777,0,13,1,0.005858,0.0,0.44,missing_detection
5736,95.6,41,roi_001,879.421,1632.161,868.1343,1621.9257,890.7077,1642.3964,0.31777,0,14,2,0.005858,0.0,0.53,missing_detection
5737,95.61666666666666,41,roi_001,879.1823,1632.6315,868.2511,1622.5405,890.1136,1642.7225,0.28372,1,15,0,0.012624,1.0,0.00505,
5738,95.63333333333334,41,roi_001,879.4603,1632.889,868.4756,1622.802,890.4449,1642.976,0.23035,1,16,0,0.012793,1.0,0.005117,
5739,95.65,41,roi_001,877.6719,1632.0815,866.3093,1621.1949,889.0346,1642.9681,0.162676,1,17,0,0.051136,1.0,0.020454,
5740,95.66666666666667,41,roi_001,875.8836,1631.2741,864.5209,1620.3875,887.2462,1642.1607,0.162676,0,18,1,0.051136,0.0,0.44,missing_detection
5741,95.68333333333334,41,roi_001,874.0952,1630.4667,862.7325,1619.5801,885.4579,1641.3533,0.162676,0,19,2,0.051136,0.0,0.53,missing_detection
5742,95.7,41,roi_001,872.3069,1629.6592,860.9442,1618.7726,883.6695,1640.5458,0.162676,0,20,3,0.051136,0.0,0.62,missing_detection
5743,95.71666666666667,41,roi_001,870.5185,1628.8518,859.1558,1617.9652,881.8812,1639.7384,0.162676,0,21,4,0.051136,0.0,0.71,missing_detection
5744,95.73333333333333,41,roi_001,868.7301,1628.0444,857.3675,1617.1578,880.0928,1638.931,0.162676,0,22,5,0.051136,0.0,0.8,missing_detection
5749,95.81666666666666,42,roi_001,876.6777,1631.1565,865.4421,1621.0718,887.9133,1641.2412,0.197064,1,1,0,0.0,1.0,0.7,interior_track_birth
5750,95.83333333333333,42,roi_001,876.8418,1631.1301,865.4744,1621.0979,888.2092,1641.1624,0.195785,1,2,0,0.003856,1.0,0.001542,
5751,95.85,42,roi_001,876.3995,1630.4176,864.4039,1619.6294,888.3951,1641.2058,0.252385,1,3,0,0.02317,1.0,0.009268,
5752,95.86666666666666,42,roi_001,876.0611,1630.2358,864.2495,1619.3374,887.8726,1641.1342,0.211649,1,4,0,0.013088,1.0,0.005235,
5753,95.88333333333334,42,roi_001,876.0608,1630.2424,864.2504,1619.3452,887.8713,1641.1395,0.210898,1,5,0,0.009321,1.0,0.003728,
5754,95.9,42,roi_001,876.1111,1629.9358,864.2981,1618.9692,887.924,1640.9023,0.252892,1,6,0,0.007284,1.0,0.002914,
5755,95.91666666666667,42,roi_001,876.1613,1629.6292,864.3483,1618.6627,887.9742,1640.5958,0.252892,0,7,1,0.007284,0.0,0.44,missing_detection
5756,95.93333333333334,42,roi_001,876.2115,1629.3226,864.3986,1618.3561,888.0245,1640.2892,0.252892,0,8,2,0.007284,0.0,0.53,missing_detection
5757,95.95,42,roi_001,876.2617,1629.0161,864.4488,1618.0495,888.0747,1639.9826,0.252892,0,9,3,0.007284,0.0,0.62,missing_detection
5758,95.96666666666667,42,roi_001,876.312,1628.7095,864.499,1617.7429,888.1249,1639.676,0.252892,0,10,4,0.007284,0.0,0.71,missing_detection
5759,95.98333333333333,42,roi_001,876.3622,1628.4029,864.5493,1617.4363,888.1752,1639.3694,0.252892,0,11,5,0.007284,0.0,0.8,missing_detection
5763,96.05,43,roi_001,870.7947,1632.2198,861.0297,1623.1029,880.5598,1641.3368,0.260655,1,1,0,0.0,1.0,0.7,interior_track_birth
5764,96.06666666666666,43,roi_001,870.7947,1632.2198,861.0297,1623.1029,880.5598,1641.3368,0.260655,0,2,1,0.0,0.0,0.44,missing_detection
5765,96.08333333333333,43,roi_001,870.7947,1632.2198,861.0297,1623.1029,880.5598,1641.3368,0.260655,0,3,2,0.0,0.0,0.53,missing_detection
5766,96.1,43,roi_001,870.7947,1632.2198,861.0297,1623.1029,880.5598,1641.3368,0.260655,0,4,3,0.0,0.0,0.62,missing_detection
5767,96.11666666666666,43,roi_001,870.3624,1633.2218,859.4319,1623.3586,881.2928,1643.085,0.151636,1,5,0,0.031257,1.0,0.012503,
5768,96.13333333333334,43,roi_001,869.9301,1634.2238,858.9996,1624.3606,880.8605,1644.0869,0.151636,0,6,1,0.031257,0.0,0.44,missing_detection
5769,96.15,43,roi_001,869.4977,1635.2257,858.5673,1625.3625,880.4282,1645.0889,0.151636,0,7,2,0.031257,0.0,0.53,missing_detection
5770,96.16666666666667,43,roi_001,870.1524,1633.3494,859.2087,1623.498,881.0961,1643.2008,0.155713,1,8,0,0.054646,1.0,0.021858,
5771,96.18333333333334,43,roi_001,869.897,1633.368,859.3331,1623.8478,880.4609,1642.8883,0.511713,1,9,0,0.049893,0.041366,0.846586,ambiguous_assignment
5771,96.18333333333334,44,roi_001,870.1988,1633.7209,861.0293,1628.2618,879.3683,1639.1799,0.179177,1,1,0,0.0,1.0,0.7,interior_track_birth
5771,96.18333333333334,45,roi_001,869.0838,1633.3298,863.3152,1624.621,874.8524,1642.0386,0.159758,1,1,0,0.0,1.0,0.7,interior_track_birth
5772,96.2,43,roi_001,869.888,1633.3976,859.2211,1623.7793,880.5549,1643.0159,0.512808,1,10,0,0.008825,0.054947,0.812633,ambiguous_assignment
5772,96.2,44,roi_001,870.1589,1633.7096,861.0436,1628.3022,879.2741,1639.1169,0.175264,1,2,0,0.002021,0.061751,0.795622,ambiguous_assignment
5772,96.2,45,roi_001,869.0826,1633.3326,863.3022,1624.6553,874.863,1642.01,0.157413,1,2,0,0.000597,0.064691,0.788273,ambiguous_assignment
5773,96.21666666666667,43,roi_001,869.9722,1633.454,859.3481,1623.8448,880.5963,1643.0632,0.487461,1,11,0,0.003473,0.059378,0.801555,ambiguous_assignment
5773,96.21666666666667,44,roi_001,870.2708,1633.7626,861.1144,1628.3376,879.4273,1639.1875,0.163746,1,3,0,0.004612,0.058239,0.804403,ambiguous_assignment
5773,96.21666666666667,45,roi_001,869.0815,1633.3355,863.3011,1624.6581,874.8618,1642.0129,0.157413,0,3,1,0.000597,0.0,0.44,missing_detection
5774,96.23333333333333,43,roi_001,869.9503,1633.4792,859.2287,1623.8474,880.672,1643.1111,0.489732,1,12,0,0.003822,0.060937,0.797657,ambiguous_assignment
5774,96.23333333333333,44,roi_001,870.2359,1633.7632,861.1013,1628.3928,879.3706,1639.1337,0.163031,1,4,0,0.00428,0.06048,0.798801,ambiguous_assignment
5774,96.23333333333333,45,roi_001,869.0575,1633.3809,863.3724,1624.6707,874.7427,1642.0911,0.151439,1,4,0,0.002468,0.066997,0.782507,ambiguous_assignment
5775,96.25,43,roi_001,869.3682,1633.1976,857.9259,1623.4087,880.8105,1642.9865,0.245462,1,13,0,0.0206,0.056726,0.808185,ambiguous_assignment
5775,96.25,44,roi_001,870.201,1633.7639,861.0663,1628.3935,879.3357,1639.1343,0.163031,0,5,1,0.00428,0.0,0.44,missing_detection
5775,96.25,45,roi_001,869.0336,1633.4262,863.3484,1624.716,874.7188,1642.1364,0.151439,0,5,1,0.002468,0.0,0.44,missing_detection
5776,96.26666666666667,43,roi_001,868.9483,1633.0791,857.4988,1623.6548,880.3978,1642.5034,0.184328,1,14,0,0.011788,0.060336,0.79916,ambiguous_assignment
5776,96.26666666666667,44,roi_001,870.1661,1633.7646,861.0314,1628.3942,879.3008,1639.135,0.163031,0,6,2,0.00428,0.0,0.53,missing_detection
5776,96.26666666666667,45,roi_001,869.0097,1633.4716,863.3245,1624.7614,874.6948,1642.1818,0.151439,0,6,2,0.002468,0.0,0.53,missing_detection
5777,96.28333333333333,43,roi_001,868.9353,1633.0704,857.4876,1623.6378,880.383,1642.5029,0.181336,1,15,0,0.011812,0.060509,0.798728,ambiguous_assignment
5777,96.28333333333333,44,roi_001,870.1312,1633.7653,860.9965,1628.3948,879.2659,1639.1357,0.163031,0,7,3,0.00428,0.0,0.62,missing_detection
5777,96.28333333333333,45,roi_001,868.9857,1633.5169,863.3006,1624.8067,874.6709,1642.2271,0.151439,0,7,3,0.002468,0.0,0.62,missing_detection
5778,96.3,43,roi_001,868.9223,1633.0616,857.4746,1623.6291,880.37,1642.4942,0.181336,0,16,1,0.011812,0.0,0.44,missing_detection
5778,96.3,44,roi_001,870.0963,1633.7659,860.9616,1628.3955,879.231,1639.1364,0.163031,0,8,4,0.00428,0.0,0.71,missing_detection
5778,96.3,45,roi_001,868.9618,1633.5623,863.2767,1624.8521,874.647,1642.2725,0.151439,0,8,4,0.002468,0.0,0.71,missing_detection
5779,96.31666666666666,43,roi_001,868.9092,1633.0529,857.4615,1623.6204,880.3569,1642.4855,0.181336,0,17,2,0.011812,0.0,0.53,missing_detection
5779,96.31666666666666,44,roi_001,870.0614,1633.7666,860.9267,1628.3962,879.196,1639.137,0.163031,0,9,5,0.00428,0.0,0.8,missing_detection
5779,96.31666666666666,45,roi_001,868.9379,1633.6076,863.2527,1624.8974,874.623,1642.3178,0.151439,0,9,5,0.002468,0.0,0.8,missing_detection
5780,96.33333333333333,43,roi_001,868.8962,1633.0442,857.4485,1623.6116,880.3439,1642.4767,0.181336,0,18,3,0.011812,0.0,0.62,missing_detection
5781,96.35,43,roi_001,868.8832,1633.0355,857.4355,1623.6029,880.3309,1642.468,0.181336,0,19,4,0.011812,0.0,0.71,missing_detection
5782,96.36666666666666,43,roi_001,868.8701,1633.0267,857.4225,1623.5942,880.3178,1642.4593,0.181336,0,20,5,0.011812,0.0,0.8,missing_detection
5986,99.76666666666667,46,roi_001,861.1677,1645.6314,852.0762,1637.3737,870.2591,1653.8892,0.271003,1,1,0,0.0,1.0,0.7,interior_track_birth
5987,99.78333333333333,46,roi_001,861.0732,1645.6669,851.5186,1637.4794,870.6277,1653.8545,0.29224,1,2,0,0.01623,1.0,0.006492,
5988,99.8,46,roi_001,861.0674,1645.6478,851.4953,1637.4277,870.6394,1653.8678,0.292224,1,3,0,0.008866,1.0,0.003546,
5989,99.81666666666666,46,roi_001,861.1241,1645.6087,851.5805,1637.5573,870.6677,1653.6602,0.262468,1,4,0,0.006341,1.0,0.002537,
5990,99.83333333333333,46,roi_001,860.9783,1645.915,852.0939,1637.5358,869.8628,1654.2942,0.302433,1,5,0,0.019016,1.0,0.007606,
5991,99.85,46,roi_001,861.0807,1645.8973,852.23,1637.5306,869.9313,1654.264,0.311436,1,6,0,0.015901,1.0,0.006361,
5992,99.86666666666666,46,roi_001,860.9423,1645.9385,852.1986,1637.6685,869.6859,1654.2086,0.328192,1,7,0,0.008362,1.0,0.003345,
5993,99.88333333333334,46,roi_001,860.9852,1645.993,852.3008,1637.6815,869.6697,1654.3046,0.310843,1,8,0,0.005706,1.0,0.002282,
5994,99.9,46,roi_001,861.0282,1646.0475,852.3438,1637.736,869.7126,1654.3591,0.310843,0,9,1,0.005706,0.0,0.44,missing_detection
5995,99.91666666666667,46,roi_001,860.9669,1646.6275,852.4239,1638.6588,869.5099,1654.5962,0.157531,1,10,0,0.013302,1.0,0.005321,
5996,99.93333333333334,46,roi_001,861.1915,1646.7519,853.1713,1638.7047,869.2117,1654.7991,0.204734,1,11,0,0.01938,1.0,0.007752,
5997,99.95,46,roi_001,861.4161,1646.8763,853.3958,1638.8291,869.4363,1654.9235,0.204734,0,12,1,0.01938,0.0,0.44,missing_detection
5998,99.96666666666667,46,roi_001,858.6403,1650.5741,850.6904,1641.2395,866.5903,1659.9087,0.353444,1,13,0,0.093202,1.0,0.037281,
5999,99.98333333333333,46,roi_001,858.1177,1650.3453,850.8753,1638.7036,865.3601,1661.9869,0.426092,1,14,0,0.099803,1.0,0.039921,
6000,100.0,46,roi_001,858.721,1650.3251,850.8759,1641.189,866.5661,1659.4612,0.370606,1,15,0,0.04917,1.0,0.019668,
6001,100.01666666666667,46,roi_001,858.128,1650.3551,850.9249,1638.6986,865.3311,1662.0116,0.438367,1,16,0,0.04807,1.0,0.019228,
6002,100.03333333333333,46,roi_001,858.1414,1650.5727,850.5468,1641.7701,865.7361,1659.3752,0.542972,1,17,0,0.040828,1.0,0.016331,
6003,100.05,46,roi_001,858.1409,1650.6037,850.5504,1641.7753,865.7313,1659.4321,0.529957,1,18,0,0.007286,1.0,0.002914,
6004,100.06666666666666,46,roi_001,858.183,1650.6289,850.6195,1641.7781,865.7465,1659.4797,0.542298,1,19,0,0.003196,1.0,0.001279,
6005,100.08333333333333,46,roi_001,858.227,1650.5809,850.616,1641.6653,865.838,1659.4965,0.526828,1,20,0,0.003464,1.0,0.001386,
6006,100.1,46,roi_001,857.893,1654.2192,850.4724,1643.2258,865.3137,1665.2126,0.64946,1,21,0,0.077075,1.0,0.03083,
6007,100.11666666666666,46,roi_001,857.5687,1653.7933,849.2499,1644.73,865.8875,1662.8566,0.640688,1,22,0,0.086834,1.0,0.034733,
6008,100.13333333333334,46,roi_001,857.3576,1653.8021,849.1058,1644.9193,865.6093,1662.6848,0.648343,1,23,0,0.013165,1.0,0.005266,
6009,100.15,46,roi_001,858.0305,1654.1638,850.6,1643.0934,865.4609,1665.2341,0.651641,1,24,0,0.038321,1.0,0.015329,
6010,100.16666666666667,46,roi_001,857.1108,1654.2342,849.5317,1643.8411,864.6899,1664.6273,0.758509,1,25,0,0.043799,1.0,0.017519,
6011,100.18333333333334,46,roi_001,856.1269,1654.6174,848.8448,1646.8566,863.409,1662.3782,0.745896,1,26,0,0.035985,1.0,0.014394,
6012,100.2,46,roi_001,856.1268,1654.6174,848.8446,1646.8566,863.4091,1662.3783,0.745858,1,27,0,0.030794,1.0,0.012318,
6013,100.21666666666667,46,roi_001,857.0052,1654.1469,849.5215,1643.4598,864.4888,1664.834,0.741896,1,28,0,0.046786,1.0,0.018715,
6014,100.23333333333333,46,roi_001,855.8868,1655.1912,847.9341,1647.2385,863.8396,1663.1438,0.730421,1,29,0,0.071675,1.0,0.02867,
6015,100.25,46,roi_001,855.6659,1655.3347,847.7178,1647.3879,863.614,1663.2814,0.735304,1,30,0,0.035931,1.0,0.014372,
6016,100.26666666666667,46,roi_001,855.8346,1655.2986,847.8705,1647.3472,863.7987,1663.25,0.737746,1,31,0,0.013223,1.0,0.005289,
6017,100.28333333333333,46,roi_001,856.4713,1655.4033,848.1348,1647.2432,864.8079,1663.5635,0.740679,1,32,0,0.015015,1.0,0.006006,
6018,100.3,46,roi_001,855.733,1656.6002,847.251,1648.6196,864.2149,1664.5808,0.598089,1,33,0,0.046749,1.0,0.018699,
6019,100.31666666666666,46,roi_001,855.9559,1656.3944,847.5833,1648.2377,864.3285,1664.5511,0.635876,1,34,0,0.044475,1.0,0.01779,
6020,100.33333333333333,46,roi_001,855.7774,1656.6294,847.0489,1648.4586,864.506,1664.8002,0.542279,1,35,0,0.0166,1.0,0.00664,
6021,100.35,46,roi_001,855.6953,1656.4208,847.0527,1648.3552,864.3379,1664.4865,0.571212,1,36,0,0.011671,1.0,0.004668,
6022,100.36666666666666,46,roi_001,853.6797,1659.5082,843.7634,1649.4746,863.5961,1669.5417,0.591229,1,37,0,0.092393,1.0,0.036957,
6023,100.38333333333334,46,roi_001,853.56,1659.2936,843.5685,1649.3643,863.5514,1669.2229,0.6731,1,38,0,0.106006,1.0,0.042402,
6024,100.4,46,roi_001,853.5623,1659.3061,843.5691,1649.3823,863.5555,1669.2299,0.670763,1,39,0,0.022982,1.0,0.009193,
6025,100.41666666666667,46,roi_001,853.6132,1659.1505,843.8045,1649.4042,863.4219,1668.8967,0.673295,1,40,0,0.016906,1.0,0.006762,
6026,100.43333333333334,46,roi_001,852.7957,1660.3548,842.0854,1649.8754,863.5059,1670.8342,0.666257,1,41,0,0.043904,1.0,0.017562,
6027,100.45,46,roi_001,852.9983,1660.7532,842.2054,1650.0227,863.7911,1671.4836,0.653995,1,42,0,0.034216,1.0,0.013687,
6028,100.46666666666667,46,roi_001,852.8499,1660.3481,842.1663,1649.8734,863.5334,1670.8228,0.661933,1,43,0,0.022436,1.0,0.008974,
6029,100.48333333333333,46,roi_001,852.8938,1660.2508,842.1184,1649.6439,863.6693,1670.8577,0.65723,1,44,0,0.010842,1.0,0.004337,
6030,100.5,46,roi_001,848.7429,1661.9211,839.0974,1652.7903,858.3883,1671.0519,0.533513,1,45,0,0.097477,1.0,0.038991,
6031,100.51666666666667,46,roi_001,848.746,1662.0695,839.0049,1652.886,858.4871,1671.2531,0.525058,1,46,0,0.094508,1.0,0.037803,
6032,100.53333333333333,46,roi_001,848.3892,1661.5378,838.6848,1652.514,858.0936,1670.5615,0.557212,1,47,0,0.019731,1.0,0.007892,
6033,100.55,46,roi_001,848.8256,1661.9157,839.1788,1652.7487,858.4724,1671.0828,0.538425,1,48,0,0.030798,1.0,0.012319,
6034,100.56666666666666,46,roi_001,846.744,1662.8946,838.0519,1654.9722,855.4362,1670.817,0.680363,1,49,0,0.06288,1.0,0.025152,
6035,100.58333333333333,46,roi_001,847.0193,1663.1534,838.1003,1655.0485,855.9382,1671.2583,0.654059,1,50,0,0.058002,0.062168,0.794579,ambiguous_assignment
6035,100.58333333333333,47,roi_001,848.0535,1659.5095,836.2562,1652.2031,859.8508,1666.8159,0.197627,1,1,0,0.0,1.0,0.7,interior_track_birth
6036,100.6,46,roi_001,847.0199,1663.1519,838.1015,1655.0469,855.9382,1671.2568,0.654143,1,51,0,0.011324,0.083906,0.740236,ambiguous_assignment
6036,100.6,47,roi_001,848.0531,1659.5103,836.2601,1652.2043,859.846,1666.8162,0.197222,1,2,0,5.6e-05,0.095174,0.712065,ambiguous_assignment
6037,100.61666666666666,46,roi_001,846.9666,1663.3616,838.0068,1655.1873,855.9265,1671.5359,0.642519,1,52,0,0.006268,0.089394,0.726515,ambiguous_assignment
6037,100.61666666666666,47,roi_001,848.0747,1659.4437,836.2362,1652.119,859.9132,1666.7683,0.177489,1,3,0,0.002072,0.09359,0.716025,ambiguous_assignment
6038,100.63333333333334,46,roi_001,845.6904,1663.5842,837.364,1655.8357,854.0168,1671.3326,0.777837,1,53,0,0.031904,0.079454,0.751365,ambiguous_assignment
6038,100.63333333333334,47,roi_001,848.0963,1659.3771,836.2578,1652.0524,859.9348,1666.7017,0.177489,0,4,1,0.002072,0.0,0.44,missing_detection
6039,100.65,46,roi_001,845.651,1663.7205,837.1895,1655.8245,854.1125,1671.6165,0.787282,1,54,0,0.029375,0.066248,0.78438,ambiguous_assignment
6039,100.65,47,roi_001,848.118,1659.3105,836.2795,1651.9858,859.9565,1666.6351,0.177489,0,5,2,0.002072,0.0,0.53,missing_detection
6040,100.66666666666667,46,roi_001,845.6737,1663.6553,837.3225,1655.8505,854.025,1671.4602,0.785438,1,55,0,0.006509,0.080628,0.748431,ambiguous_assignment
6040,100.66666666666667,47,roi_001,848.1396,1659.2439,836.3011,1651.9193,859.9781,1666.5685,0.177489,0,6,3,0.002072,0.0,0.62,missing_detection
6041,100.68333333333334,46,roi_001,845.6502,1663.6665,837.2907,1655.8557,854.0096,1671.4773,0.787084,1,56,0,0.00276,0.079674,0.750816,ambiguous_assignment
6041,100.68333333333334,47,roi_001,848.1613,1659.1773,836.3228,1651.8527,859.9998,1666.502,0.177489,0,7,4,0.002072,0.0,0.71,missing_detection
6042,100.7,46,roi_001,845.3753,1664.9078,837.1204,1656.9828,853.6302,1672.8328,0.837457,1,57,0,0.03522,0.055725,0.810687,ambiguous_assignment
6042,100.7,47,roi_001,848.1829,1659.1107,836.3444,1651.7861,860.0214,1666.4354,0.177489,0,8,5,0.002072,0.0,0.8,missing_detection
6043,100.71666666666667,46,roi_001,845.4276,1664.9108,837.0956,1656.8263,853.7596,1672.9954,0.840033,1,58,0,0.034399,0.053124,0.817191,ambiguous_assignment
6044,100.73333333333333,46,roi_001,845.3904,1665.0541,836.8762,1656.9176,853.9045,1673.1907,0.839252,1,59,0,0.012731,1.0,0.005092,
6045,100.75,46,roi_001,845.4006,1664.9667,836.9847,1656.9675,853.8166,1672.9658,0.830981,1,60,0,0.007799,1.0,0.00312,
6046,100.76666666666667,46,roi_001,845.1626,1665.8106,836.3942,1657.3713,853.931,1674.2499,0.811733,1,61,0,0.027134,1.0,0.010854,
6047,100.78333333333333,46,roi_001,845.2442,1666.1485,835.8549,1657.212,854.6335,1675.085,0.787599,1,62,0,0.021949,1.0,0.00878,
6048,100.8,46,roi_001,845.2447,1666.1482,835.8542,1657.2109,854.6352,1675.0854,0.787596,1,63,0,0.010589,1.0,0.004236,
6049,100.81666666666666,46,roi_001,845.2382,1665.9258,835.9943,1657.0022,854.4821,1674.8495,0.808128,1,64,0,0.007296,1.0,0.002918,
6050,100.83333333333333,46,roi_001,845.2257,1665.9292,835.9778,1657.0031,854.4735,1674.8553,0.807169,1,65,0,0.0056,1.0,0.00224,
6051,100.85,46,roi_001,845.1755,1667.1802,836.2028,1658.5162,854.1482,1675.8441,0.767491,1,66,0,0.029628,1.0,0.011851,
6052,100.86666666666666,46,roi_001,845.2148,1667.1536,836.2469,1658.4376,854.1827,1675.8695,0.764704,1,67,0,0.02863,1.0,0.011452,
6053,100.88333333333334,46,roi_001,845.2932,1667.4089,835.9741,1658.5713,854.6124,1676.2465,0.768152,1,68,0,0.010302,1.0,0.004121,
6054,100.9,46,roi_001,844.3216,1667.0364,834.9078,1658.0577,853.7355,1676.0151,0.646709,1,69,0,0.030173,0.036531,0.858672,ambiguous_assignment
6054,100.9,48,roi_001,845.3732,1668.0901,839.3373,1661.361,851.4091,1674.8192,0.615478,1,1,0,0.0,1.0,0.7,interior_track_birth
6055,100.91666666666667,46,roi_001,844.2847,1667.0969,834.9199,1658.1453,853.6495,1676.0486,0.655556,1,70,0,0.025048,0.054144,0.814639,ambiguous_assignment
6055,100.91666666666667,48,roi_001,845.345,1668.1102,839.2302,1661.3335,851.4597,1674.887,0.627457,1,2,0,0.002359,0.076833,0.757917,ambiguous_assignment
6056,100.93333333333334,46,roi_001,844.4194,1666.9756,834.9984,1658.0001,853.8404,1675.9512,0.634421,1,71,0,0.006788,0.070296,0.77426,ambiguous_assignment
6056,100.93333333333334,48,roi_001,845.3633,1668.0778,839.2875,1661.3027,851.4392,1674.8529,0.606597,1,3,0,0.002286,0.074798,0.763005,ambiguous_assignment
6057,100.95,46,roi_001,844.3942,1667.0616,834.9825,1658.0865,853.8059,1676.0367,0.641501,1,72,0,0.006875,0.071173,0.772067,ambiguous_assignment
6057,100.95,48,roi_001,845.3531,1668.0784,839.2867,1661.3179,851.4194,1674.839,0.607902,1,4,0,0.001428,0.076621,0.758449,ambiguous_assignment
6058,100.96666666666667,46,roi_001,844.369,1667.1476,834.9573,1658.1725,853.7807,1676.1227,0.641501,0,73,1,0.006875,0.0,0.44,missing_detection
6058,100.96666666666667,48,roi_001,844.9937,1673.2227,838.2514,1661.7925,851.7359,1684.6528,0.150686,1,5,0,0.119456,0.044643,0.838392,ambiguous_assignment
6059,100.98333333333333,46,roi_001,844.3438,1667.2336,834.9321,1658.2585,853.7556,1676.2087,0.641501,0,74,2,0.006875,0.0,0.53,missing_detection
6059,100.98333333333333,48,roi_001,845.2273,1673.4449,838.349,1661.8892,852.1057,1685.0007,0.230264,1,6,0,0.100496,0.035022,0.862444,ambiguous_assignment
6060,101.0,46,roi_001,844.3187,1667.3196,834.907,1658.3445,853.7304,1676.2947,0.641501,0,75,3,0.006875,0.0,0.62,missing_detection
6060,101.0,48,roi_001,845.207,1673.4147,838.3223,1661.8757,852.0916,1684.9536,0.235956,1,7,0,0.013747,0.108756,0.67811,ambiguous_assignment
6061,101.01666666666667,46,roi_001,844.2935,1667.4056,834.8818,1658.4305,853.7052,1676.3807,0.641501,0,76,4,0.006875,0.0,0.71,missing_detection
6061,101.01666666666667,48,roi_001,845.1619,1673.364,838.3004,1661.8579,852.0235,1684.8701,0.216417,1,8,0,0.003914,0.11174,0.67065,ambiguous_assignment
6062,101.03333333333333,46,roi_001,844.2683,1667.4916,834.8566,1658.5165,853.68,1676.4667,0.641501,0,77,5,0.006875,0.0,0.8,missing_detection
6062,101.03333333333333,48,roi_001,843.8728,1672.9761,834.4421,1663.2526,853.3035,1682.6997,0.64015,1,9,0,0.052941,0.040046,0.849884,ambiguous_assignment
6063,101.05,48,roi_001,843.9102,1672.942,834.5062,1663.2584,853.3142,1682.6255,0.6384,1,10,0,0.03298,0.055837,0.810407,ambiguous_assignment
6064,101.06666666666666,48,roi_001,843.8683,1673.0303,834.3716,1663.1654,853.3649,1682.8953,0.654979,1,11,0,0.005685,1.0,0.002274,
6065,101.08333333333333,48,roi_001,843.8534,1673.0131,834.7065,1663.3551,853.0002,1682.6711,0.649243,1,12,0,0.007722,1.0,0.003089,
6066,101.1,48,roi_001,843.6814,1674.1507,834.8591,1664.7091,852.5037,1683.5923,0.579995,1,13,0,0.030088,1.0,0.012035,
6067,101.11666666666666,48,roi_001,843.7732,1674.2269,834.7593,1664.651,852.787,1683.8027,0.565728,1,14,0,0.026318,1.0,0.010527,
6068,101.13333333333334,48,roi_001,843.6826,1674.246,834.8453,1664.8368,852.5198,1683.6553,0.583655,1,15,0,0.007155,1.0,0.002862,
6069,101.15,48,roi_001,843.7116,1674.286,834.8422,1664.8362,852.5811,1683.7358,0.578793,1,16,0,0.003952,1.0,0.001581,
6070,101.16666666666667,48,roi_001,844.0677,1674.2935,835.2188,1664.8882,852.9167,1683.6987,0.410134,1,17,0,0.010389,1.0,0.004156,
6071,101.18333333333334,48,roi_001,844.1802,1674.312,834.8959,1664.6678,853.4645,1683.9562,0.389268,1,18,0,0.014989,1.0,0.005996,
6072,101.2,48,roi_001,844.1797,1674.3118,834.8965,1664.6687,853.4628,1683.9548,0.389281,1,19,0,0.006052,1.0,0.002421,
6073,101.21666666666667,48,roi_001,844.1674,1674.4621,834.731,1664.7399,853.6039,1684.1843,0.388961,1,20,0,0.006476,1.0,0.00259,
6074,101.23333333333333,48,roi_001,845.2591,1678.1345,838.5945,1666.269,851.9236,1690.0,0.22154,1,21,0,0.089062,1.0,0.035625,
6075,101.25,48,roi_001,845.2574,1678.1318,838.593,1666.2635,851.9219,1690.0,0.222566,1,22,0,0.080408,1.0,0.032163,
6076,101.26666666666667,48,roi_001,845.2463,1678.0178,838.6095,1666.0355,851.8831,1690.0,0.276344,1,23,0,0.004009,0.063382,0.791545,ambiguous_assignment
6076,101.26666666666667,49,roi_001,844.5649,1678.3892,832.8758,1670.7559,856.2541,1686.0226,0.181411,1,1,0,0.0,1.0,0.7,interior_track_birth
6077,101.28333333333333,48,roi_001,845.2669,1678.1443,838.5916,1666.2886,851.9422,1690.0,0.220888,1,24,0,0.006107,0.065177,0.787057,ambiguous_assignment
6077,101.28333333333333,49,roi_001,844.5649,1678.3892,832.8758,1670.7559,856.2541,1686.0226,0.181411,0,2,1,0.0,0.0,0.44,missing_detection
6078,101.3,48,roi_001,845.0645,1679.3703,839.7576,1672.6295,850.3714,1686.1111,0.198967,1,25,0,0.075026,-0.020062,0.95,ambiguous_assignment
6078,101.3,49,roi_001,845.0924,1679.4044,835.5499,1669.12,854.6349,1689.6887,0.233338,1,3,0,0.049676,0.005287,0.936781,ambiguous_assignment
6079,101.31666666666666,48,roi_001,845.0969,1679.3805,839.7358,1672.6691,850.4579,1686.0919,0.209222,1,26,0,0.038513,0.034081,0.864798,ambiguous_assignment
6079,101.31666666666666,49,roi_001,844.7738,1679.4492,833.3971,1671.6538,856.1506,1687.2446,0.238506,1,4,0,0.05322,0.006423,0.933944,ambiguous_assignment
6080,101.33333333333333,48,roi_001,845.08,1679.3656,839.7704,1672.5957,850.3896,1686.1355,0.211754,1,27,0,0.006857,0.058558,0.803605,ambiguous_assignment
6080,101.33333333333333,49,roi_001,844.9828,1679.3425,835.6003,1669.1127,854.3654,1689.5723,0.26775,1,5,0,0.040968,6.8e-05,0.949831,ambiguous_assignment
6081,101.35,48,roi_001,845.0523,1679.3864,839.771,1672.6544,850.3337,1686.1183,0.191858,1,28,0,0.003956,0.05631,0.809225,ambiguous_assignment
6081,101.35,49,roi_001,845.1303,1679.4374,835.6027,1669.105,854.658,1689.7698,0.222854,1,6,0,0.007343,0.031826,0.870435,ambiguous_assignment
6082,101.36666666666666,48,roi_001,845.0246,1679.4071,839.7433,1672.6752,850.306,1686.139,0.191858,0,29,1,0.003956,0.0,0.44,missing_detection
6082,101.36666666666666,49,roi_001,845.2003,1680.1526,833.8647,1672.8169,856.5358,1687.4883,0.17641,1,7,0,0.05102,0.018911,0.902723,ambiguous_assignment
6083,101.38333333333334,48,roi_001,844.9969,1679.4279,839.7156,1672.6959,850.2783,1686.1598,0.191858,0,30,2,0.003956,0.0,0.53,missing_detection
6083,101.38333333333334,49,roi_001,845.2702,1680.8678,833.9347,1673.5321,856.6057,1688.2035,0.17641,0,8,1,0.05102,0.0,0.44,missing_detection
6084,101.4,48,roi_001,844.9692,1679.4486,839.6879,1672.7167,850.2505,1686.1805,0.191858,0,31,3,0.003956,0.0,0.62,missing_detection
6084,101.4,49,roi_001,845.3401,1681.583,834.0046,1674.2473,856.6756,1688.9187,0.17641,0,9,2,0.05102,0.0,0.53,missing_detection
6085,101.41666666666667,48,roi_001,844.9415,1679.4694,839.6602,1672.7374,850.2228,1686.2013,0.191858,0,32,4,0.003956,0.0,0.71,missing_detection
6085,101.41666666666667,49,roi_001,845.41,1682.2982,834.0745,1674.9625,856.7455,1689.6339,0.17641,0,10,3,0.05102,0.0,0.62,missing_detection
6086,101.43333333333334,48,roi_001,845.9515,1679.7773,837.7532,1674.7798,854.1498,1684.7749,0.264005,1,33,0,0.064684,0.01262,0.918449,ambiguous_assignment
6086,101.43333333333334,49,roi_001,845.4014,1680.5182,833.2706,1672.7312,857.5321,1688.3053,0.374539,1,11,0,0.05072,0.026584,0.883539,ambiguous_assignment
6087,101.45,48,roi_001,845.9344,1679.7847,837.748,1674.7954,854.1207,1684.7739,0.265519,1,34,0,0.036998,0.045975,0.835064,ambiguous_assignment
6087,101.45,49,roi_001,845.3499,1680.5295,833.2478,1672.7695,857.4519,1688.2894,0.377833,1,12,0,0.045094,0.037879,0.855303,ambiguous_assignment
6088,101.46666666666667,48,roi_001,845.8967,1679.7563,837.7529,1674.7854,854.0405,1684.7273,0.287956,1,35,0,0.007322,0.065968,0.78508,ambiguous_assignment
6088,101.46666666666667,49,roi_001,845.2796,1680.5014,833.3322,1672.7946,857.2271,1688.2083,0.398804,1,13,0,0.005494,0.067796,0.780509,ambiguous_assignment
6089,101.48333333333333,48,roi_001,845.9475,1679.8145,837.7474,1674.7911,854.1476,1684.8378,0.280136,1,36,0,0.007745,0.066287,0.784283,ambiguous_assignment
6089,101.48333333333333,49,roi_001,845.4159,1680.5464,833.2831,1672.7672,857.5487,1688.3257,0.383347,1,14,0,0.006968,0.067065,0.782339,ambiguous_assignment
6090,101.5,48,roi_001,846.8123,1679.64,838.282,1674.2687,855.3425,1685.0114,0.40452,1,37,0,0.02581,0.04218,0.844551,ambiguous_assignment
6090,101.5,49,roi_001,846.6052,1679.859,834.8442,1671.7719,858.3661,1687.9462,0.498625,1,15,0,0.031599,0.036391,0.859023,ambiguous_assignment
6090,101.5,51,roi_001,846.0494,1680.0735,840.4816,1671.1918,851.6172,1688.9553,0.2276,1,1,0,0.0,1.0,0.7,interior_track_birth
6091,101.51666666666667,48,roi_001,846.8063,1679.6454,838.2878,1674.2469,855.3248,1685.0438,0.405842,1,38,0,0.023223,0.045496,0.836261,ambiguous_assignment
6091,101.51666666666667,49,roi_001,846.5966,1679.864,834.8608,1671.7759,858.3323,1687.9521,0.498077,1,16,0,0.03276,0.035958,0.860104,ambiguous_assignment
6091,101.51666666666667,51,roi_001,846.0432,1680.0836,840.4933,1671.2195,851.5931,1688.9476,0.228902,1,2,0,0.000648,0.071003,0.772493,ambiguous_assignment
6092,101.53333333333333,48,roi_001,846.7935,1679.6635,838.293,1674.3224,855.294,1685.0045,0.385073,1,39,0,0.002099,0.058024,0.804939,ambiguous_assignment
6092,101.53333333333333,49,roi_001,846.5906,1679.9111,834.7104,1671.8361,858.4708,1687.9861,0.490563,1,17,0,0.002813,0.057311,0.806723,ambiguous_assignment
6092,101.53333333333333,51,roi_001,846.0216,1680.0589,840.4439,1671.0452,851.5994,1689.0726,0.224564,1,3,0,0.002719,0.069275,0.776813,ambiguous_assignment
6093,101.55,48,roi_001,846.8264,1679.6813,838.3189,1674.293,855.3338,1685.0696,0.410185,1,40,0,0.00233,0.057096,0.807261,ambiguous_assignment
6093,101.55,49,roi_001,846.6761,1679.948,834.9055,1671.9309,858.4468,1687.9651,0.503309,1,18,0,0.003034,0.056391,0.809022,ambiguous_assignment
6093,101.55,51,roi_001,846.0323,1680.0764,840.4564,1671.0898,851.6083,1689.0629,0.229381,1,4,0,0.001716,0.070746,0.773136,ambiguous_assignment
6094,101.56666666666666,48,roi_001,846.8592,1679.6991,838.3517,1674.3108,855.3666,1685.0874,0.410185,0,41,1,0.00233,0.0,0.44,missing_detection
6094,101.56666666666666,49,roi_001,846.7617,1679.9849,834.991,1671.9678,858.5323,1688.002,0.503309,0,19,1,0.003034,0.0,0.44,missing_detection
6094,101.56666666666666,51,roi_001,846.0431,1680.0938,840.4671,1671.1073,851.619,1689.0803,0.229381,0,5,1,0.001716,0.0,0.44,missing_detection
6095,101.58333333333333,48,roi_001,846.892,1679.7169,838.3846,1674.3286,855.3995,1685.1052,0.410185,0,42,2,0.00233,0.0,0.53,missing_detection
6095,101.58333333333333,49,roi_001,846.8472,1680.0219,835.0765,1672.0048,858.6178,1688.0389,0.503309,0,20,2,0.003034,0.0,0.53,missing_detection
6095,101.58333333333333,51,roi_001,846.0538,1680.1113,840.4778,1671.1248,851.6298,1689.0978,0.229381,0,6,2,0.001716,0.0,0.53,missing_detection
6096,101.6,48,roi_001,846.9249,1679.7347,838.4174,1674.3464,855.4323,1685.123,0.410185,0,43,3,0.00233,0.0,0.62,missing_detection
6096,101.6,49,roi_001,846.9327,1680.0588,835.162,1672.0417,858.7033,1688.0759,0.503309,0,21,3,0.003034,0.0,0.62,missing_detection
6096,101.6,51,roi_001,846.0645,1680.1287,840.4885,1671.1422,851.6405,1689.1152,0.229381,0,7,3,0.001716,0.0,0.62,missing_detection
6097,101.61666666666666,48,roi_001,846.9577,1679.7526,838.4503,1674.3643,855.4651,1685.1409,0.410185,0,44,4,0.00233,0.0,0.71,missing_detection
6097,101.61666666666666,49,roi_001,847.0182,1680.0957,835.2476,1672.0786,858.7888,1688.1128,0.503309,0,22,4,0.003034,0.0,0.71,missing_detection
6097,101.61666666666666,51,roi_001,846.0752,1680.1462,840.4992,1671.1597,851.6512,1689.1327,0.229381,0,8,4,0.001716,0.0,0.71,missing_detection
6098,101.63333333333334,48,roi_001,846.9905,1679.7704,838.4831,1674.3821,855.498,1685.1587,0.410185,0,45,5,0.00233,0.0,0.8,missing_detection
6098,101.63333333333334,49,roi_001,847.1037,1680.1326,835.3331,1672.1155,858.8743,1688.1497,0.503309,0,23,5,0.003034,0.0,0.8,missing_detection
6098,101.63333333333334,51,roi_001,846.0859,1680.1636,840.5099,1671.1771,851.6619,1689.1501,0.229381,0,9,5,0.001716,0.0,0.8,missing_detection
