image_name,image_path,video_path,source_frame_index,source_time_seconds,width,height,roi_json,roi_id,roi_x,roi_y,roi_width,roi_height,selection_group,reference_roi_json,exclusion_json,candidate_id,quality_score,motion_score,contrast_score,sharpness_score,exposure_score,excluded_fraction,proposal_mode,cluster_id,distance_to_cluster_center
Type1_Vid1_beginning_random_roi_0001_frame_000000075_x818_y1883.png,C:\Users\colla\Documents\Research\Taka\FINAL\runs\long_video_random_labels\selected_frames\Type1_Vid1_beginning_random_roi_0001_frame_000000075_x818_y1883.png,C:\Users\colla\Documents\Research\Taka\Videos\Type1_Vid1.mp4,75,1.25,308,277,,random_roi_0001,818,1883,308,277,beginning,C:\Users\colla\Documents\Research\Taka\FINAL\runs\Type1_Vid1_roi.json,C:\Users\colla\Documents\Research\Taka\FINAL\runs\long_video_exclusions.json,6,0.56740823,0.00818794,5.44374828,7.74218178,0.99989451,0.0,motion,11,2.40137458
Type1_Vid1_beginning_random_roi_0002_frame_000000075_x629_y1037.png,C:\Users\colla\Documents\Research\Taka\FINAL\runs\long_video_random_labels\selected_frames\Type1_Vid1_beginning_random_roi_0002_frame_000000075_x629_y1037.png,C:\Users\colla\Documents\Research\Taka\Videos\Type1_Vid1.mp4,75,1.25,318,286,,random_roi_0002,629,1037,318,286,beginning,C:\Users\colla\Documents\Research\Taka\FINAL\runs\Type1_Vid1_roi.json,C:\Users\colla\Documents\Research\Taka\FINAL\runs\long_video_exclusions.json,7,0.69883204,0.01012533,4.56673617,2.99245715,0.99996701,0.0,motion,75,6.76250076
Type1_Vid1_beginning_random_roi_0003_frame_000000130_x310_y1367.png,C:\Users\colla\Documents\Research\Taka\FINAL\runs\long_video_random_labels\selected_frames\Type1_Vid1_beginning_random_roi_0003_frame_000000130_x310_y1367.png,C:\Users\colla\Documents\Research\Taka\Videos\Type1_Vid1.mp4,130,2.166667,295,277,,random_roi_0003,310,1367,295,277,beginning,C:\Users\colla\Documents\Research\Taka\FINAL\runs\Type1_Vid1_roi.json,C:\Users\colla\Documents\Research\Taka\FINAL\runs\long_video_exclusions.json,13,0.49660734,0.00798234,12.0131625,8.72325802,0.99984091,0.0,random,16,2.24561572
Type1_Vid1_beginning_random_roi_0004_frame_000000214_x2388_y1134.png,C:\Users\colla\Documents\Research\Taka\FINAL\runs\long_video_random_labels\selected_frames\Type1_Vid1_beginning_random_roi_0004_frame_000000214_x2388_y1134.png,C:\Users\colla\Documents\Research\Taka\Videos\Type1_Vid1.mp4,214,3.566667,303,285,,random_roi_0004,2388,1134,303,285,beginning,C:\Users\colla\Documents\Research\Taka\FINAL\runs\Type1_Vid1_roi.json,C:\Users\colla\Documents\Research\Taka\FINAL\runs\long_video_exclusions.json,21,0.8336485,0.0388158,27.21058226,42.85682678,0.99722077,0.0,motion,72,6.08254862
Type1_Vid1_beginning_random_roi_0005_frame_000000214_x2693_y886.png,C:\Users\colla\Documents\Research\Taka\FINAL\runs\long_video_random_labels\selected_frames\Type1_Vid1_beginning_random_roi_0005_frame_000000214_x2693_y886.png,C:\Users\colla\Documents\Research\Taka\Videos\Type1_Vid1.mp4,214,3.566667,273,257,,random_roi_0005,2693,886,273,257,beginning,C:\Users\colla\Documents\Research\Taka\FINAL\runs\Type1_Vid1_roi.json,C:\Users\colla\Documents\Research\Taka\FINAL\runs\long_video_exclusions.json,24,0.78476085,0.01934491,15.14614691,2.65963173,1.0,0.0,random,135,10.06810951
Type1_Vid1_beginning_random_roi_0006_frame_000000366_x2038_y1500.png,C:\Users\colla\Documents\Research\Taka\FINAL\runs\long_video_random_labels\selected_frames\Type1_Vid1_beginning_random_roi_0006_frame_000000366_x2038_y1500.png,C:\Users\colla\Documents\Research\Taka\Videos\Type1_Vid1.mp4,366,6.1,288,271,,random_roi_0006,2038,1500,288,271,beginning,C:\Users\colla\Documents\Research\Taka\FINAL\runs\Type1_Vid1_roi.json,C:\Users\colla\Documents\Research\Taka\FINAL\runs\long_video_exclusions.json,34,0.64688543,0.00864756,3.11321658,6.7736392,0.99998719,0.0,random,130,5.67958117
Type1_Vid1_random_random_roi_0007_frame_000000392_x2525_y1118.png,C:\Users\colla\Documents\Research\Taka\FINAL\runs\long_video_random_labels\selected_frames\Type1_Vid1_random_random_roi_0007_frame_000000392_x2525_y1118.png,C:\Users\colla\Documents\Research\Taka\Videos\Type1_Vid1.mp4,392,6.533333,286,269,,random_roi_0007,2525,1118,286,269,random,C:\Users\colla\Documents\Research\Taka\FINAL\runs\Type1_Vid1_roi.json,C:\Users\colla\Documents\Research\Taka\FINAL\runs\long_video_exclusions.json,912,0.86471572,0.06908386,31.23800595,21.7831707,1.0,0.0,motion,40,2.91962528
Type1_Vid1_random_random_roi_0008_frame_000000392_x1897_y1105.png,C:\Users\colla\Documents\Research\Taka\FINAL\runs\long_video_random_labels\selected_frames\Type1_Vid1_random_random_roi_0008_frame_000000392_x1897_y1105.png,C:\Users\colla\Documents\Research\Taka\Videos\Type1_Vid1.mp4,392,6.533333,299,269,,random_roi_0008,1897,1105,299,269,random,C:\Users\colla\Documents\Research\Taka\FINAL\runs\Type1_Vid1_roi.json,C:\Users\colla\Documents\Research\Taka\FINAL\runs\long_video_exclusions.json,913,0.13428094,0.00578968,3.18267266,0.51866817,1.0,0.0,random,49,7.72634983
Type1_Vid1_beginning_random_roi_0009_frame_000000462_x2463_y1245.png,C:\Users\colla\Documents\Research\Taka\FINAL\runs\long_video_random_labels\selected_frames\Type1_Vid1_beginning_random_roi_0009_frame_000000462_x2463_y1245.png,C:\Users\colla\Documents\Research\Taka\Videos\Type1_Vid1.mp4,462,7.7,282,254,,random_roi_0009,2463,1245,282,254,beginning,C:\Users\colla\Documents\Research\Taka\FINAL\runs\Type1_Vid1_roi.json,C:\Users\colla\Documents\Research\Taka\FINAL\runs\long_video_exclusions.json,41,0.84354839,0.05101873,32.41002266,138.23625183,0.99095326,0.0,motion,28,5.69630671
Type1_Vid1_beginning_random_roi_0010_frame_000000462_x2515_y1508.png,C:\Users\colla\Documents\Research\Taka\FINAL\runs\long_video_random_labels\selected_frames\Type1_Vid1_beginning_random_roi_0010_frame_000000462_x2515_y1508.png,C:\Users\colla\Documents\Research\Taka\Videos\Type1_Vid1.mp4,462,7.7,290,272,,random_roi_0010,2515,1508,290,272,beginning,C:\Users\colla\Documents\Research\Taka\FINAL\runs\Type1_Vid1_roi.json,C:\Users\colla\Documents\Research\Taka\FINAL\runs\long_video_exclusions.json,44,0.61484983,0.00816164,17.30949781,141.39526367,0.99276116,0.0,motion,4,5.36705875
Type1_Vid1_beginning_random_roi_0011_frame_000000546_x362_y726.png,C:\Users\colla\Documents\Research\Taka\FINAL\runs\long_video_random_labels\selected_frames\Type1_Vid1_beginning_random_roi_0011_frame_000000546_x362_y726.png,C:\Users\colla\Documents\Research\Taka\Videos\Type1_Vid1.mp4,546,9.1,317,285,,random_roi_0011,362,726,317,285,beginning,C:\Users\colla\Documents\Research\Taka\FINAL\runs\Type1_Vid1_roi.json,C:\Users\colla\Documents\Research\Taka\FINAL\runs\long_video_exclusions.json,52,0.49593993,0.00802988,11.42903083,0.99252862,1.0,0.0,random,80,3.10548782
Type1_Vid1_beginning_random_roi_0012_frame_000000546_x488_y242.png,C:\Users\colla\Documents\Research\Taka\FINAL\runs\long_video_random_labels\selected_frames\Type1_Vid1_beginning_random_roi_0012_frame_000000546_x488_y242.png,C:\Users\colla\Documents\Research\Taka\Videos\Type1_Vid1.mp4,546,9.1,294,276,,random_roi_0012,488,242,294,276,beginning,C:\Users\colla\Documents\Research\Taka\FINAL\runs\Type1_Vid1_roi.json,C:\Users\colla\Documents\Research\Taka\FINAL\runs\long_video_exclusions.json,54,0.47352614,0.00801721,7.9326369,1.1114341,1.0,0.0,random,132,0.0
Type1_Vid1_beginning_random_roi_0013_frame_000000578_x2536_y1352.png,C:\Users\colla\Documents\Research\Taka\FINAL\runs\long_video_random_labels\selected_frames\Type1_Vid1_beginning_random_roi_0013_frame_000000578_x2536_y1352.png,C:\Users\colla\Documents\Research\Taka\Videos\Type1_Vid1.mp4,578,9.633333,311,279,,random_roi_0013,2536,1352,311,279,beginning,C:\Users\colla\Documents\Research\Taka\FINAL\runs\Type1_Vid1_roi.json,C:\Users\colla\Documents\Research\Taka\FINAL\runs\long_video_exclusions.json,60,0.80539488,0.01163806,31.1562781,266.25323486,0.98445297,0.0,motion,118,1.22174644
Type1_Vid1_random_random_roi_0014_frame_000000674_x2067_y954.png,C:\Users\colla\Documents\Research\Taka\FINAL\runs\long_video_random_labels\selected_frames\Type1_Vid1_random_random_roi_0014_frame_000000674_x2067_y954.png,C:\Users\colla\Documents\Research\Taka\Videos\Type1_Vid1.mp4,674,11.233333,290,261,,random_roi_0014,2067,954,290,261,random,C:\Users\colla\Documents\Research\Taka\FINAL\runs\Type1_Vid1_roi.json,C:\Users\colla\Documents\Research\Taka\FINAL\runs\long_video_exclusions.json,919,0.24816054,0.0078587,2.72749924,0.38443646,1.0,0.0,motion,8,6.89455175
Type1_Vid1_random_random_roi_0015_frame_000000753_x2483_y1026.png,C:\Users\colla\Documents\Research\Taka\FINAL\runs\long_video_random_labels\selected_frames\Type1_Vid1_random_random_roi_0015_frame_000000753_x2483_y1026.png,C:\Users\colla\Documents\Research\Taka\Videos\Type1_Vid1.mp4,753,12.55,290,261,,random_roi_0015,2483,1026,290,261,random,C:\Users\colla\Documents\Research\Taka\FINAL\runs\Type1_Vid1_roi.json,C:\Users\colla\Documents\Research\Taka\FINAL\runs\long_video_exclusions.json,927,0.85702341,0.05573192,25.30794832,16.66607285,1.0,0.0,motion,43,8.03613472
Type1_Vid1_random_random_roi_0016_frame_000000753_x2580_y1178.png,C:\Users\colla\Documents\Research\Taka\FINAL\runs\long_video_random_labels\selected_frames\Type1_Vid1_random_random_roi_0016_frame_000000753_x2580_y1178.png,C:\Users\colla\Documents\Research\Taka\Videos\Type1_Vid1.mp4,753,12.55,289,260,,random_roi_0016,2580,1178,289,260,random,C:\Users\colla\Documents\Research\Taka\FINAL\runs\Type1_Vid1_roi.json,C:\Users\colla\Documents\Research\Taka\FINAL\runs\long_video_exclusions.json,932,0.84548495,0.07329834,29.1762095,102.35205078,0.99355869,0.0,motion,13,8.98469067
Type1_Vid1_beginning_random_roi_0017_frame_000000822_x896_y1633.png,C:\Users\colla\Documents\Research\Taka\FINAL\runs\long_video_random_labels\selected_frames\Type1_Vid1_beginning_random_roi_0017_frame_000000822_x896_y1633.png,C:\Users\colla\Documents\Research\Taka\Videos\Type1_Vid1.mp4,822,13.7,296,278,,random_roi_0017,896,1633,296,278,beginning,C:\Users\colla\Documents\Research\Taka\FINAL\runs\Type1_Vid1_roi.json,C:\Users\colla\Documents\Research\Taka\FINAL\runs\long_video_exclusions.json,84,0.46590656,0.00808168,2.82069939,2.07200313,1.0,0.0,motion,40,8.11268044
Type1_Vid1_beginning_random_roi_0018_frame_000001033_x905_y1234.png,C:\Users\colla\Documents\Research\Taka\FINAL\runs\long_video_random_labels\selected_frames\Type1_Vid1_beginning_random_roi_0018_frame_000001033_x905_y1234.png,C:\Users\colla\Documents\Research\Taka\Videos\Type1_Vid1.mp4,1033,17.216667,294,276,,random_roi_0018,905,1234,294,276,beginning,C:\Users\colla\Documents\Research\Taka\FINAL\runs\Type1_Vid1_roi.json,C:\Users\colla\Documents\Research\Taka\FINAL\runs\long_video_exclusions.json,99,0.58381535,0.00811876,11.951468,63.53307724,0.99721483,0.0,motion,92,2.48783112
Type1_Vid1_beginning_random_roi_0019_frame_000001291_x2920_y1224.png,C:\Users\colla\Documents\Research\Taka\FINAL\runs\long_video_random_labels\selected_frames\Type1_Vid1_beginning_random_roi_0019_frame_000001291_x2920_y1224.png,C:\Users\colla\Documents\Research\Taka\Videos\Type1_Vid1.mp4,1291,21.516667,280,263,,random_roi_0019,2920,1224,280,263,beginning,C:\Users\colla\Documents\Research\Taka\FINAL\runs\Type1_Vid1_roi.json,C:\Users\colla\Documents\Research\Taka\FINAL\runs\long_video_exclusions.json,134,0.60016685,0.00826407,6.33362268,5.45128393,0.99994568,0.0,motion,146,8.39324188
Type1_Vid1_random_random_roi_0020_frame_000001320_x2448_y1214.png,C:\Users\colla\Documents\Research\Taka\FINAL\runs\long_video_random_labels\selected_frames\Type1_Vid1_random_random_roi_0020_frame_000001320_x2448_y1214.png,C:\Users\colla\Documents\Research\Taka\Videos\Type1_Vid1.mp4,1320,22.0,297,267,,random_roi_0020,2448,1214,297,267,random,C:\Users\colla\Documents\Research\Taka\FINAL\runs\Type1_Vid1_roi.json,C:\Users\colla\Documents\Research\Taka\FINAL\runs\long_video_exclusions.json,947,0.81438127,0.01629531,31.83253833,117.13789368,0.99228237,0.0,motion,38,9.0662117
Type1_Vid1_beginning_random_roi_0021_frame_000001424_x2698_y139.png,C:\Users\colla\Documents\Research\Taka\FINAL\runs\long_video_random_labels\selected_frames\Type1_Vid1_beginning_random_roi_0021_frame_000001424_x2698_y139.png,C:\Users\colla\Documents\Research\Taka\Videos\Type1_Vid1.mp4,1424,23.733333,276,259,,random_roi_0021,2698,139,276,259,beginning,C:\Users\colla\Documents\Research\Taka\FINAL\runs\Type1_Vid1_roi.json,C:\Users\colla\Documents\Research\Taka\FINAL\runs\long_video_exclusions.json,141,0.33170189,0.00778821,5.13852712,1.89188945,1.0,0.0,random,9,0.0
Type1_Vid1_beginning_random_roi_0022_frame_000001450_x887_y349.png,C:\Users\colla\Documents\Research\Taka\FINAL\runs\long_video_random_labels\selected_frames\Type1_Vid1_beginning_random_roi_0022_frame_000001450_x887_y349.png,C:\Users\colla\Documents\Research\Taka\Videos\Type1_Vid1.mp4,1450,24.166667,284,256,,random_roi_0022,887,349,284,256,beginning,C:\Users\colla\Documents\Research\Taka\FINAL\runs\Type1_Vid1_roi.json,C:\Users\colla\Documents\Research\Taka\FINAL\runs\long_video_exclusions.json,152,0.4323693,0.00821534,2.51962698,0.31606224,1.0,0.0,random,33,4.66916847
Type1_Vid1_beginning_random_roi_0023_frame_000001558_x2604_y707.png,C:\Users\colla\Documents\Research\Taka\FINAL\runs\long_video_random_labels\selected_frames\Type1_Vid1_beginning_random_roi_0023_frame_000001558_x2604_y707.png,C:\Users\colla\Documents\Research\Taka\Videos\Type1_Vid1.mp4,1558,25.966667,304,274,,random_roi_0023,2604,707,304,274,beginning,C:\Users\colla\Documents\Research\Taka\FINAL\runs\Type1_Vid1_roi.json,C:\Users\colla\Documents\Research\Taka\FINAL\runs\long_video_exclusions.json,160,0.31496107,0.00792327,2.51594975,0.55098087,1.0,0.0,motion,124,8.10128689
Type1_Vid1_random_random_roi_0024_frame_000001568_x2951_y776.png,C:\Users\colla\Documents\Research\Taka\FINAL\runs\long_video_random_labels\selected_frames\Type1_Vid1_random_random_roi_0024_frame_000001568_x2951_y776.png,C:\Users\colla\Documents\Research\Taka\Videos\Type1_Vid1.mp4,1568,26.133333,276,248,,random_roi_0024,2951,776,276,248,random,C:\Users\colla\Documents\Research\Taka\FINAL\runs\Type1_Vid1_roi.json,C:\Users\colla\Documents\Research\Taka\FINAL\runs\long_video_exclusions.json,953,0.65785953,0.00825593,11.59569467,2.03238535,1.0,0.0,random,35,5.99969482
Type1_Vid1_beginning_random_roi_0025_frame_000001666_x697_y1736.png,C:\Users\colla\Documents\Research\Taka\FINAL\runs\long_video_random_labels\selected_frames\Type1_Vid1_beginning_random_roi_0025_frame_000001666_x697_y1736.png,C:\Users\colla\Documents\Research\Taka\Videos\Type1_Vid1.mp4,1666,27.766667,310,279,,random_roi_0025,697,1736,310,279,beginning,C:\Users\colla\Documents\Research\Taka\FINAL\runs\Type1_Vid1_roi.json,C:\Users\colla\Documents\Research\Taka\FINAL\runs\long_video_exclusions.json,164,0.29644049,0.00699437,5.02583396,6.42557144,0.99997688,0.0,motion,34,6.5043149
Type1_Vid1_beginning_random_roi_0026_frame_000001705_x1878_y1358.png,C:\Users\colla\Documents\Research\Taka\FINAL\runs\long_video_random_labels\selected_frames\Type1_Vid1_beginning_random_roi_0026_frame_000001705_x1878_y1358.png,C:\Users\colla\Documents\Research\Taka\Videos\Type1_Vid1.mp4,1705,28.416667,299,269,,random_roi_0026,1878,1358,299,269,beginning,C:\Users\colla\Documents\Research\Taka\FINAL\runs\Type1_Vid1_roi.json,C:\Users\colla\Documents\Research\Taka\FINAL\runs\long_video_exclusions.json,172,0.45617353,0.00806263,2.23201406,3.00293231,1.0,0.0,motion,47,7.3375597
Type1_Vid1_beginning_random_roi_0027_frame_000001788_x1786_y1874.png,C:\Users\colla\Documents\Research\Taka\FINAL\runs\long_video_random_labels\selected_frames\Type1_Vid1_beginning_random_roi_0027_frame_000001788_x1786_y1874.png,C:\Users\colla\Documents\Research\Taka\Videos\Type1_Vid1.mp4,1788,29.8,261,245,,random_roi_0027,1786,1874,261,245,beginning,C:\Users\colla\Documents\Research\Taka\FINAL\runs\Type1_Vid1_roi.json,C:\Users\colla\Documents\Research\Taka\FINAL\runs\long_video_exclusions.json,178,0.66996663,0.00846298,6.66876713,11.71955585,0.99993745,0.0,motion,51,7.78252935
Type1_Vid1_beginning_random_roi_0028_frame_000001788_x1692_y1791.png,C:\Users\colla\Documents\Research\Taka\FINAL\runs\long_video_random_labels\selected_frames\Type1_Vid1_beginning_random_roi_0028_frame_000001788_x1692_y1791.png,C:\Users\colla\Documents\Research\Taka\Videos\Type1_Vid1.mp4,1788,29.8,305,275,,random_roi_0028,1692,1791,305,275,beginning,C:\Users\colla\Documents\Research\Taka\FINAL\runs\Type1_Vid1_roi.json,C:\Users\colla\Documents\Research\Taka\FINAL\runs\long_video_exclusions.json,183,0.6823693,0.00848425,5.64265767,5.71517992,1.0,0.0,random,41,7.95067358
Type1_Vid1_beginning_random_roi_0029_frame_000001863_x596_y187.png,C:\Users\colla\Documents\Research\Taka\FINAL\runs\long_video_random_labels\selected_frames\Type1_Vid1_beginning_random_roi_0029_frame_000001863_x596_y187.png,C:\Users\colla\Documents\Research\Taka\Videos\Type1_Vid1.mp4,1863,31.05,287,258,,random_roi_0029,596,187,287,258,beginning,C:\Users\colla\Documents\Research\Taka\FINAL\runs\Type1_Vid1_roi.json,C:\Users\colla\Documents\Research\Taka\FINAL\runs\long_video_exclusions.json,189,0.70022247,0.00854266,15.74146823,1.41937315,1.0,0.0,motion,18,5.60806704
Type1_Vid1_random_random_roi_0030_frame_000001878_x832_y176.png,C:\Users\colla\Documents\Research\Taka\FINAL\runs\long_video_random_labels\selected_frames\Type1_Vid1_random_random_roi_0030_frame_000001878_x832_y176.png,C:\Users\colla\Documents\Research\Taka\Videos\Type1_Vid1.mp4,1878,31.3,295,265,,random_roi_0030,832,176,295,265,random,C:\Users\colla\Documents\Research\Taka\FINAL\runs\Type1_Vid1_roi.json,C:\Users\colla\Documents\Research\Taka\FINAL\runs\long_video_exclusions.json,963,0.68311037,0.00841053,11.45787309,1.08324552,1.0,0.0,motion,33,3.87222719
Type1_Vid1_random_random_roi_0031_frame_000001878_x2884_y1348.png,C:\Users\colla\Documents\Research\Taka\FINAL\runs\long_video_random_labels\selected_frames\Type1_Vid1_random_random_roi_0031_frame_000001878_x2884_y1348.png,C:\Users\colla\Documents\Research\Taka\Videos\Type1_Vid1.mp4,1878,31.3,319,287,,random_roi_0031,2884,1348,319,287,random,C:\Users\colla\Documents\Research\Taka\FINAL\runs\Type1_Vid1_roi.json,C:\Users\colla\Documents\Research\Taka\FINAL\runs\long_video_exclusions.json,964,0.47257525,0.00799314,5.52855002,1.04618716,1.0,0.0,motion,11,12.61515427
Type1_Vid1_random_random_roi_0032_frame_000001972_x2798_y1014.png,C:\Users\colla\Documents\Research\Taka\FINAL\runs\long_video_random_labels\selected_frames\Type1_Vid1_random_random_roi_0032_frame_000001972_x2798_y1014.png,C:\Users\colla\Documents\Research\Taka\Videos\Type1_Vid1.mp4,1972,32.866667,316,285,,random_roi_0032,2798,1014,316,285,random,C:\Users\colla\Documents\Research\Taka\FINAL\runs\Type1_Vid1_roi.json,C:\Users\colla\Documents\Research\Taka\FINAL\runs\long_video_exclusions.json,968,0.77006689,0.01061874,10.95128558,2.27209973,1.0,0.0,motion,10,9.7960062
Type1_Vid1_beginning_random_roi_0033_frame_000001978_x2475_y1066.png,C:\Users\colla\Documents\Research\Taka\FINAL\runs\long_video_random_labels\selected_frames\Type1_Vid1_beginning_random_roi_0033_frame_000001978_x2475_y1066.png,C:\Users\colla\Documents\Research\Taka\Videos\Type1_Vid1.mp4,1978,32.966667,306,275,,random_roi_0033,2475,1066,306,275,beginning,C:\Users\colla\Documents\Research\Taka\FINAL\runs\Type1_Vid1_roi.json,C:\Users\colla\Documents\Research\Taka\FINAL\runs\long_video_exclusions.json,193,0.87908788,0.04647129,29.71239653,13.05927181,1.0,0.0,motion,46,4.75426912
Type1_Vid1_beginning_random_roi_0034_frame_000001978_x2424_y1694.png,C:\Users\colla\Documents\Research\Taka\FINAL\runs\long_video_random_labels\selected_frames\Type1_Vid1_beginning_random_roi_0034_frame_000001978_x2424_y1694.png,C:\Users\colla\Documents\Research\Taka\Videos\Type1_Vid1.mp4,1978,32.966667,279,251,,random_roi_0034,2424,1694,279,251,beginning,C:\Users\colla\Documents\Research\Taka\FINAL\runs\Type1_Vid1_roi.json,C:\Users\colla\Documents\Research\Taka\FINAL\runs\long_video_exclusions.json,196,0.28553949,0.00788795,2.1678613,0.62850791,1.0,0.0,motion,32,4.6192522
Type1_Vid1_beginning_random_roi_0035_frame_000002021_x2351_y1895.png,C:\Users\colla\Documents\Research\Taka\FINAL\runs\long_video_random_labels\selected_frames\Type1_Vid1_beginning_random_roi_0035_frame_000002021_x2351_y1895.png,C:\Users\colla\Documents\Research\Taka\Videos\Type1_Vid1.mp4,2021,33.683333,282,265,,random_roi_0035,2351,1895,282,265,beginning,C:\Users\colla\Documents\Research\Taka\FINAL\runs\Type1_Vid1_roi.json,C:\Users\colla\Documents\Research\Taka\FINAL\runs\long_video_exclusions.json,204,0.38303671,0.00794288,3.8560676,0.56682628,1.0,0.0,motion,54,1.77227116
Type1_Vid1_beginning_random_roi_0036_frame_000002021_x418_y396.png,C:\Users\colla\Documents\Research\Taka\FINAL\runs\long_video_random_labels\selected_frames\Type1_Vid1_beginning_random_roi_0036_frame_000002021_x418_y396.png,C:\Users\colla\Documents\Research\Taka\Videos\Type1_Vid1.mp4,2021,33.683333,292,275,,random_roi_0036,418,396,292,275,beginning,C:\Users\colla\Documents\Research\Taka\FINAL\runs\Type1_Vid1_roi.json,C:\Users\colla\Documents\Research\Taka\FINAL\runs\long_video_exclusions.json,208,0.63720801,0.00830708,9.35303614,1.63322544,1.0,0.0,random,125,2.88410974
Type1_Vid1_beginning_random_roi_0037_frame_000002160_x2481_y1037.png,C:\Users\colla\Documents\Research\Taka\FINAL\runs\long_video_random_labels\selected_frames\Type1_Vid1_beginning_random_roi_0037_frame_000002160_x2481_y1037.png,C:\Users\colla\Documents\Research\Taka\Videos\Type1_Vid1.mp4,2160,36.0,262,246,,random_roi_0037,2481,1037,262,246,beginning,C:\Users\colla\Documents\Research\Taka\FINAL\runs\Type1_Vid1_roi.json,C:\Users\colla\Documents\Research\Taka\FINAL\runs\long_video_exclusions.json,215,0.86490545,0.03091584,25.79444254,8.7572298,1.0,0.0,random,23,6.86198282
Type1_Vid1_beginning_random_roi_0038_frame_000002196_x288_y385.png,C:\Users\colla\Documents\Research\Taka\FINAL\runs\long_video_random_labels\selected_frames\Type1_Vid1_beginning_random_roi_0038_frame_000002196_x288_y385.png,C:\Users\colla\Documents\Research\Taka\Videos\Type1_Vid1.mp4,2196,36.6,296,278,,random_roi_0038,288,385,296,278,beginning,C:\Users\colla\Documents\Research\Taka\FINAL\runs\Type1_Vid1_roi.json,C:\Users\colla\Documents\Research\Taka\FINAL\runs\long_video_exclusions.json,218,0.73164627,0.00874481,15.66433187,1.51054823,1.0,0.00489743,motion,68,4.20458221
Type1_Vid1_beginning_random_roi_0039_frame_000002196_x977_y1675.png,C:\Users\colla\Documents\Research\Taka\FINAL\runs\long_video_random_labels\selected_frames\Type1_Vid1_beginning_random_roi_0039_frame_000002196_x977_y1675.png,C:\Users\colla\Documents\Research\Taka\Videos\Type1_Vid1.mp4,2196,36.6,269,252,,random_roi_0039,977,1675,269,252,beginning,C:\Users\colla\Documents\Research\Taka\FINAL\runs\Type1_Vid1_roi.json,C:\Users\colla\Documents\Research\Taka\FINAL\runs\long_video_exclusions.json,219,0.26167964,0.0078721,2.27674053,0.50535482,1.0,0.0,random,98,0.0
Type1_Vid1_beginning_random_roi_0040_frame_000002279_x1180_y1107.png,C:\Users\colla\Documents\Research\Taka\FINAL\runs\long_video_random_labels\selected_frames\Type1_Vid1_beginning_random_roi_0040_frame_000002279_x1180_y1107.png,C:\Users\colla\Documents\Research\Taka\Videos\Type1_Vid1.mp4,2279,37.983333,304,274,,random_roi_0040,1180,1107,304,274,beginning,C:\Users\colla\Documents\Research\Taka\FINAL\runs\Type1_Vid1_roi.json,C:\Users\colla\Documents\Research\Taka\FINAL\runs\long_video_exclusions.json,229,0.59916574,0.00860671,3.16335933,0.56119144,1.0,0.0,motion,113,5.20710802
Type1_Vid1_random_random_roi_0041_frame_000002297_x2988_y1715.png,C:\Users\colla\Documents\Research\Taka\FINAL\runs\long_video_random_labels\selected_frames\Type1_Vid1_random_random_roi_0041_frame_000002297_x2988_y1715.png,C:\Users\colla\Documents\Research\Taka\Videos\Type1_Vid1.mp4,2297,38.283333,295,266,,random_roi_0041,2988,1715,295,266,random,C:\Users\colla\Documents\Research\Taka\FINAL\runs\Type1_Vid1_roi.json,C:\Users\colla\Documents\Research\Taka\FINAL\runs\long_video_exclusions.json,974,0.5951505,0.00818828,7.06866206,4.7431612,0.99997451,0.0,random,44,11.6062088
Type1_Vid1_random_random_roi_0042_frame_000002297_x1226_y1842.png,C:\Users\colla\Documents\Research\Taka\FINAL\runs\long_video_random_labels\selected_frames\Type1_Vid1_random_random_roi_0042_frame_000002297_x1226_y1842.png,C:\Users\colla\Documents\Research\Taka\Videos\Type1_Vid1.mp4,2297,38.283333,260,244,,random_roi_0042,1226,1842,260,244,random,C:\Users\colla\Documents\Research\Taka\FINAL\runs\Type1_Vid1_roi.json,C:\Users\colla\Documents\Research\Taka\FINAL\runs\long_video_exclusions.json,980,0.61755853,0.00835653,4.10615219,0.72129565,1.0,0.0,motion,15,4.47788095
Type1_Vid1_beginning_random_roi_0043_frame_000002448_x2737_y354.png,C:\Users\colla\Documents\Research\Taka\FINAL\runs\long_video_random_labels\selected_frames\Type1_Vid1_beginning_random_roi_0043_frame_000002448_x2737_y354.png,C:\Users\colla\Documents\Research\Taka\Videos\Type1_Vid1.mp4,2448,40.8,278,251,,random_roi_0043,2737,354,278,251,beginning,C:\Users\colla\Documents\Research\Taka\FINAL\runs\Type1_Vid1_roi.json,C:\Users\colla\Documents\Research\Taka\FINAL\runs\long_video_exclusions.json,242,0.49510567,0.00802881,6.28705882,1.05988944,1.0,0.0,random,137,4.66720247
Type1_Vid1_beginning_random_roi_0044_frame_000002448_x1088_y495.png,C:\Users\colla\Documents\Research\Taka\FINAL\runs\long_video_random_labels\selected_frames\Type1_Vid1_beginning_random_roi_0044_frame_000002448_x1088_y495.png,C:\Users\colla\Documents\Research\Taka\Videos\Type1_Vid1.mp4,2448,40.8,313,282,,random_roi_0044,1088,495,313,282,beginning,C:\Users\colla\Documents\Research\Taka\FINAL\runs\Type1_Vid1_roi.json,C:\Users\colla\Documents\Research\Taka\FINAL\runs\long_video_exclusions.json,246,0.47174638,0.00803877,6.33837372,0.52963758,1.0,0.0,motion,74,4.89879894
Type1_Vid1_beginning_random_roi_0045_frame_000002526_x2377_y672.png,C:\Users\colla\Documents\Research\Taka\FINAL\runs\long_video_random_labels\selected_frames\Type1_Vid1_beginning_random_roi_0045_frame_000002526_x2377_y672.png,C:\Users\colla\Documents\Research\Taka\Videos\Type1_Vid1.mp4,2526,42.1,310,279,,random_roi_0045,2377,672,310,279,beginning,C:\Users\colla\Documents\Research\Taka\FINAL\runs\Type1_Vid1_roi.json,C:\Users\colla\Documents\Research\Taka\FINAL\runs\long_video_exclusions.json,253,0.56902113,0.00860566,3.17660315,0.3666898,1.0,0.0,motion,84,4.12772369
Type1_Vid1_random_random_roi_0046_frame_000002585_x310_y475.png,C:\Users\colla\Documents\Research\Taka\FINAL\runs\long_video_random_labels\selected_frames\Type1_Vid1_random_random_roi_0046_frame_000002585_x310_y475.png,C:\Users\colla\Documents\Research\Taka\Videos\Type1_Vid1.mp4,2585,43.083333,301,282,,random_roi_0046,310,475,301,282,random,C:\Users\colla\Documents\Research\Taka\FINAL\runs\Type1_Vid1_roi.json,C:\Users\colla\Documents\Research\Taka\FINAL\runs\long_video_exclusions.json,982,0.73561873,0.00859693,14.69985957,1.62661016,1.0,0.0,random,19,6.38069344
Type1_Vid1_random_random_roi_0047_frame_000002585_x2338_y938.png,C:\Users\colla\Documents\Research\Taka\FINAL\runs\long_video_random_labels\selected_frames\Type1_Vid1_random_random_roi_0047_frame_000002585_x2338_y938.png,C:\Users\colla\Documents\Research\Taka\Videos\Type1_Vid1.mp4,2585,43.083333,274,257,,random_roi_0047,2338,938,274,257,random,C:\Users\colla\Documents\Research\Taka\FINAL\runs\Type1_Vid1_roi.json,C:\Users\colla\Documents\Research\Taka\FINAL\runs\long_video_exclusions.json,986,0.55,0.00830548,2.55531151,0.64477789,1.0,0.0,random,42,0.0
Type1_Vid1_beginning_random_roi_0048_frame_000002602_x2577_y1049.png,C:\Users\colla\Documents\Research\Taka\FINAL\runs\long_video_random_labels\selected_frames\Type1_Vid1_beginning_random_roi_0048_frame_000002602_x2577_y1049.png,C:\Users\colla\Documents\Research\Taka\Videos\Type1_Vid1.mp4,2602,43.366667,262,246,,random_roi_0048,2577,1049,262,246,beginning,C:\Users\colla\Documents\Research\Taka\FINAL\runs\Type1_Vid1_roi.json,C:\Users\colla\Documents\Research\Taka\FINAL\runs\long_video_exclusions.json,258,0.88604004,0.05600414,24.34066073,15.97092438,1.0,0.0,motion,93,5.3745718
Type1_Vid1_beginning_random_roi_0049_frame_000002602_x380_y1795.png,C:\Users\colla\Documents\Research\Taka\FINAL\runs\long_video_random_labels\selected_frames\Type1_Vid1_beginning_random_roi_0049_frame_000002602_x380_y1795.png,C:\Users\colla\Documents\Research\Taka\Videos\Type1_Vid1.mp4,2602,43.366667,304,274,,random_roi_0049,380,1795,304,274,beginning,C:\Users\colla\Documents\Research\Taka\FINAL\runs\Type1_Vid1_roi.json,C:\Users\colla\Documents\Research\Taka\FINAL\runs\long_video_exclusions.json,259,0.75978865,0.01002545,11.41133569,18.46458435,0.9995438,0.0,random,22,7.84891701
Type1_Vid1_beginning_random_roi_0050_frame_000002721_x409_y1884.png,C:\Users\colla\Documents\Research\Taka\FINAL\runs\long_video_random_labels\selected_frames\Type1_Vid1_beginning_random_roi_0050_frame_000002721_x409_y1884.png,C:\Users\colla\Documents\Research\Taka\Videos\Type1_Vid1.mp4,2721,45.35,294,276,,random_roi_0050,409,1884,294,276,beginning,C:\Users\colla\Documents\Research\Taka\FINAL\runs\Type1_Vid1_roi.json,C:\Users\colla\Documents\Research\Taka\FINAL\runs\long_video_exclusions.json,272,0.71440489,0.00871352,9.55147714,12.37539101,0.99983979,0.0,motion,103,0.0
Type1_Vid1_random_random_roi_0051_frame_000002752_x1087_y1126.png,C:\Users\colla\Documents\Research\Taka\FINAL\runs\long_video_random_labels\selected_frames\Type1_Vid1_random_random_roi_0051_frame_000002752_x1087_y1126.png,C:\Users\colla\Documents\Research\Taka\Videos\Type1_Vid1.mp4,2752,45.866667,298,269,,random_roi_0051,1087,1126,298,269,random,C:\Users\colla\Documents\Research\Taka\FINAL\runs\Type1_Vid1_roi.json,C:\Users\colla\Documents\Research\Taka\FINAL\runs\long_video_exclusions.json,996,0.28946488,0.00785293,3.13063568,0.41534632,1.0,0.0,motion,47,3.11407399
Type1_Vid1_beginning_random_roi_0052_frame_000002786_x2473_y847.png,C:\Users\colla\Documents\Research\Taka\FINAL\runs\long_video_random_labels\selected_frames\Type1_Vid1_beginning_random_roi_0052_frame_000002786_x2473_y847.png,C:\Users\colla\Documents\Research\Taka\Videos\Type1_Vid1.mp4,2786,46.433333,320,288,,random_roi_0052,2473,847,320,288,beginning,C:\Users\colla\Documents\Research\Taka\FINAL\runs\Type1_Vid1_roi.json,C:\Users\colla\Documents\Research\Taka\FINAL\runs\long_video_exclusions.json,273,0.74961068,0.00982308,9.66988315,1.60357857,1.0,0.0,random,134,3.58926535
Type1_Vid1_beginning_random_roi_0053_frame_000002865_x2539_y1172.png,C:\Users\colla\Documents\Research\Taka\FINAL\runs\long_video_random_labels\selected_frames\Type1_Vid1_beginning_random_roi_0053_frame_000002865_x2539_y1172.png,C:\Users\colla\Documents\Research\Taka\Videos\Type1_Vid1.mp4,2865,47.75,290,273,,random_roi_0053,2539,1172,290,273,beginning,C:\Users\colla\Documents\Research\Taka\FINAL\runs\Type1_Vid1_roi.json,C:\Users\colla\Documents\Research\Taka\FINAL\runs\long_video_exclusions.json,284,0.83392659,0.02585459,30.73441429,103.38141632,0.99333081,0.0,motion,116,7.15354919
Type1_Vid1_beginning_random_roi_0054_frame_000002865_x427_y645.png,C:\Users\colla\Documents\Research\Taka\FINAL\runs\long_video_random_labels\selected_frames\Type1_Vid1_beginning_random_roi_0054_frame_000002865_x427_y645.png,C:\Users\colla\Documents\Research\Taka\Videos\Type1_Vid1.mp4,2865,47.75,316,285,,random_roi_0054,427,645,316,285,beginning,C:\Users\colla\Documents\Research\Taka\FINAL\runs\Type1_Vid1_roi.json,C:\Users\colla\Documents\Research\Taka\FINAL\runs\long_video_exclusions.json,288,0.58036707,0.00818301,7.52579282,1.21632242,1.0,0.0,random,42,9.31602383
Type1_Vid1_beginning_random_roi_0055_frame_000002938_x1965_y1486.png,C:\Users\colla\Documents\Research\Taka\FINAL\runs\long_video_random_labels\selected_frames\Type1_Vid1_beginning_random_roi_0055_frame_000002938_x1965_y1486.png,C:\Users\colla\Documents\Research\Taka\Videos\Type1_Vid1.mp4,2938,48.966667,297,268,,random_roi_0055,1965,1486,297,268,beginning,C:\Users\colla\Documents\Research\Taka\FINAL\runs\Type1_Vid1_roi.json,C:\Users\colla\Documents\Research\Taka\FINAL\runs\long_video_exclusions.json,290,0.53993326,0.00817857,3.11919617,8.21501064,0.99998744,0.0,random,90,3.77158093
Type1_Vid1_beginning_random_roi_0056_frame_000003011_x2343_y421.png,C:\Users\colla\Documents\Research\Taka\FINAL\runs\long_video_random_labels\selected_frames\Type1_Vid1_beginning_random_roi_0056_frame_000003011_x2343_y421.png,C:\Users\colla\Documents\Research\Taka\Videos\Type1_Vid1.mp4,3011,50.183333,304,273,,random_roi_0056,2343,421,304,273,beginning,C:\Users\colla\Documents\Research\Taka\FINAL\runs\Type1_Vid1_roi.json,C:\Users\colla\Documents\Research\Taka\FINAL\runs\long_video_exclusions.json,297,0.31457175,0.00793302,2.7824894,0.35102174,1.0,0.0,random,49,4.51414442
Type1_Vid1_beginning_random_roi_0057_frame_000003011_x389_y883.png,C:\Users\colla\Documents\Research\Taka\FINAL\runs\long_video_random_labels\selected_frames\Type1_Vid1_beginning_random_roi_0057_frame_000003011_x389_y883.png,C:\Users\colla\Documents\Research\Taka\Videos\Type1_Vid1.mp4,3011,50.183333,287,258,,random_roi_0057,389,883,287,258,beginning,C:\Users\colla\Documents\Research\Taka\FINAL\runs\Type1_Vid1_roi.json,C:\Users\colla\Documents\Research\Taka\FINAL\runs\long_video_exclusions.json,298,0.63131257,0.00831479,9.64172475,0.87598252,1.0,0.0,random,26,3.78601503
Type1_Vid1_random_random_roi_0058_frame_000003019_x1482_y1138.png,C:\Users\colla\Documents\Research\Taka\FINAL\runs\long_video_random_labels\selected_frames\Type1_Vid1_random_random_roi_0058_frame_000003019_x1482_y1138.png,C:\Users\colla\Documents\Research\Taka\Videos\Type1_Vid1.mp4,3019,50.316667,277,261,,random_roi_0058,1482,1138,277,261,random,C:\Users\colla\Documents\Research\Taka\FINAL\runs\Type1_Vid1_roi.json,C:\Users\colla\Documents\Research\Taka\FINAL\runs\long_video_exclusions.json,1000,0.38879599,0.0076476,4.07825385,11.41090202,1.0,0.0,motion,32,8.84403992
Type1_Vid1_beginning_random_roi_0059_frame_000003069_x2739_y242.png,C:\Users\colla\Documents\Research\Taka\FINAL\runs\long_video_random_labels\selected_frames\Type1_Vid1_beginning_random_roi_0059_frame_000003069_x2739_y242.png,C:\Users\colla\Documents\Research\Taka\Videos\Type1_Vid1.mp4,3069,51.15,306,275,,random_roi_0059,2739,242,306,275,beginning,C:\Users\colla\Documents\Research\Taka\FINAL\runs\Type1_Vid1_roi.json,C:\Users\colla\Documents\Research\Taka\FINAL\runs\long_video_exclusions.json,306,0.62074527,0.00850062,3.32304546,0.87582886,1.0,0.0,motion,78,6.7101922
Type1_Vid1_beginning_random_roi_0060_frame_000003201_x2455_y382.png,C:\Users\colla\Documents\Research\Taka\FINAL\runs\long_video_random_labels\selected_frames\Type1_Vid1_beginning_random_roi_0060_frame_000003201_x2455_y382.png,C:\Users\colla\Documents\Research\Taka\Videos\Type1_Vid1.mp4,3201,53.35,298,268,,random_roi_0060,2455,382,298,268,beginning,C:\Users\colla\Documents\Research\Taka\FINAL\runs\Type1_Vid1_roi.json,C:\Users\colla\Documents\Research\Taka\FINAL\runs\long_video_exclusions.json,318,0.52652948,0.00835913,3.18268842,0.32266054,1.0,0.0,motion,58,5.81304073
Type1_Vid1_beginning_random_roi_0061_frame_000003239_x2684_y1364.png,C:\Users\colla\Documents\Research\Taka\FINAL\runs\long_video_random_labels\selected_frames\Type1_Vid1_beginning_random_roi_0061_frame_000003239_x2684_y1364.png,C:\Users\colla\Documents\Research\Taka\Videos\Type1_Vid1.mp4,3239,53.983333,298,280,,random_roi_0061,2684,1364,298,280,beginning,C:\Users\colla\Documents\Research\Taka\FINAL\runs\Type1_Vid1_roi.json,C:\Users\colla\Documents\Research\Taka\FINAL\runs\long_video_exclusions.json,326,0.78320356,0.00989796,24.32807038,103.11803436,0.99379195,0.0,random,133,5.2438302
Type1_Vid1_beginning_random_roi_0062_frame_000003239_x2160_y888.png,C:\Users\colla\Documents\Research\Taka\FINAL\runs\long_video_random_labels\selected_frames\Type1_Vid1_beginning_random_roi_0062_frame_000003239_x2160_y888.png,C:\Users\colla\Documents\Research\Taka\Videos\Type1_Vid1.mp4,3239,53.983333,279,263,,random_roi_0062,2160,888,279,263,beginning,C:\Users\colla\Documents\Research\Taka\FINAL\runs\Type1_Vid1_roi.json,C:\Users\colla\Documents\Research\Taka\FINAL\runs\long_video_exclusions.json,327,0.08192436,0.00401252,1.02478191,0.35036862,1.0,0.0,motion,127,4.59414816
Type1_Vid1_beginning_random_roi_0063_frame_000003299_x617_y0.png,C:\Users\colla\Documents\Research\Taka\FINAL\runs\long_video_random_labels\selected_frames\Type1_Vid1_beginning_random_roi_0063_frame_000003299_x617_y0.png,C:\Users\colla\Documents\Research\Taka\Videos\Type1_Vid1.mp4,3299,54.983333,310,279,,random_roi_0063,617,0,310,279,beginning,C:\Users\colla\Documents\Research\Taka\FINAL\runs\Type1_Vid1_roi.json,C:\Users\colla\Documents\Research\Taka\FINAL\runs\long_video_exclusions.json,335,0.73604004,0.00852397,20.68294884,2.05194831,1.0,0.0,motion,67,8.08930206
Type1_Vid1_random_random_roi_0064_frame_000003348_x1194_y63.png,C:\Users\colla\Documents\Research\Taka\FINAL\runs\long_video_random_labels\selected_frames\Type1_Vid1_random_random_roi_0064_frame_000003348_x1194_y63.png,C:\Users\colla\Documents\Research\Taka\Videos\Type1_Vid1.mp4,3348,55.8,287,258,,random_roi_0064,1194,63,287,258,random,C:\Users\colla\Documents\Research\Taka\FINAL\runs\Type1_Vid1_roi.json,C:\Users\colla\Documents\Research\Taka\FINAL\runs\long_video_exclusions.json,1008,0.79715719,0.00889242,26.07107644,1.7080723,1.0,0.00287659,random,34,5.12802839
Type1_Vid1_beginning_random_roi_0065_frame_000003430_x1095_y1365.png,C:\Users\colla\Documents\Research\Taka\FINAL\runs\long_video_random_labels\selected_frames\Type1_Vid1_beginning_random_roi_0065_frame_000003430_x1095_y1365.png,C:\Users\colla\Documents\Research\Taka\Videos\Type1_Vid1.mp4,3430,57.166667,308,278,,random_roi_0065,1095,1365,308,278,beginning,C:\Users\colla\Documents\Research\Taka\FINAL\runs\Type1_Vid1_roi.json,C:\Users\colla\Documents\Research\Taka\FINAL\runs\long_video_exclusions.json,343,0.6554505,0.01054609,3.0689625,0.50297815,1.0,0.0,random,82,5.14655066
Type1_Vid1_random_random_roi_0066_frame_000003589_x2604_y1871.png,C:\Users\colla\Documents\Research\Taka\FINAL\runs\long_video_random_labels\selected_frames\Type1_Vid1_random_random_roi_0066_frame_000003589_x2604_y1871.png,C:\Users\colla\Documents\Research\Taka\Videos\Type1_Vid1.mp4,3589,59.816667,321,289,,random_roi_0066,2604,1871,321,289,random,C:\Users\colla\Documents\Research\Taka\FINAL\runs\Type1_Vid1_roi.json,C:\Users\colla\Documents\Research\Taka\FINAL\runs\long_video_exclusions.json,1018,0.41672241,0.00789813,4.52444043,0.9003529,1.0,0.0,motion,30,8.0369482
Type1_Vid1_beginning_random_roi_0067_frame_000003591_x2768_y504.png,C:\Users\colla\Documents\Research\Taka\FINAL\runs\long_video_random_labels\selected_frames\Type1_Vid1_beginning_random_roi_0067_frame_000003591_x2768_y504.png,C:\Users\colla\Documents\Research\Taka\Videos\Type1_Vid1.mp4,3591,59.85,281,264,,random_roi_0067,2768,504,281,264,beginning,C:\Users\colla\Documents\Research\Taka\FINAL\runs\Type1_Vid1_roi.json,C:\Users\colla\Documents\Research\Taka\FINAL\runs\long_video_exclusions.json,358,0.70689655,0.00859993,9.68091645,1.38089073,1.0,0.0,motion,36,7.88855982
Type1_Vid1_beginning_random_roi_0068_frame_000003652_x2604_y1451.png,C:\Users\colla\Documents\Research\Taka\FINAL\runs\long_video_random_labels\selected_frames\Type1_Vid1_beginning_random_roi_0068_frame_000003652_x2604_y1451.png,C:\Users\colla\Documents\Research\Taka\Videos\Type1_Vid1.mp4,3652,60.866667,269,253,,random_roi_0068,2604,1451,269,253,beginning,C:\Users\colla\Documents\Research\Taka\FINAL\runs\Type1_Vid1_roi.json,C:\Users\colla\Documents\Research\Taka\FINAL\runs\long_video_exclusions.json,363,0.7028921,0.00844291,18.0552228,153.62892151,0.99265322,0.0,random,73,0.0
Type1_Vid1_beginning_random_roi_0069_frame_000003652_x2174_y990.png,C:\Users\colla\Documents\Research\Taka\FINAL\runs\long_video_random_labels\selected_frames\Type1_Vid1_beginning_random_roi_0069_frame_000003652_x2174_y990.png,C:\Users\colla\Documents\Research\Taka\Videos\Type1_Vid1.mp4,3652,60.866667,267,251,,random_roi_0069,2174,990,267,251,beginning,C:\Users\colla\Documents\Research\Taka\FINAL\runs\Type1_Vid1_roi.json,C:\Users\colla\Documents\Research\Taka\FINAL\runs\long_video_exclusions.json,364,0.13359288,0.00643254,1.17862939,0.34716499,1.0,0.0,motion,83,8.83382607
Type1_Vid1_beginning_random_roi_0070_frame_000003652_x2128_y752.png,C:\Users\colla\Documents\Research\Taka\FINAL\runs\long_video_random_labels\selected_frames\Type1_Vid1_beginning_random_roi_0070_frame_000003652_x2128_y752.png,C:\Users\colla\Documents\Research\Taka\Videos\Type1_Vid1.mp4,3652,60.866667,280,263,,random_roi_0070,2128,752,280,263,beginning,C:\Users\colla\Documents\Research\Taka\FINAL\runs\Type1_Vid1_roi.json,C:\Users\colla\Documents\Research\Taka\FINAL\runs\long_video_exclusions.json,366,0.28209121,0.00720908,4.25683281,0.61177331,1.0,0.0,motion,39,7.37131357
Type1_Vid1_beginning_random_roi_0071_frame_000003692_x2962_y194.png,C:\Users\colla\Documents\Research\Taka\FINAL\runs\long_video_random_labels\selected_frames\Type1_Vid1_beginning_random_roi_0071_frame_000003692_x2962_y194.png,C:\Users\colla\Documents\Research\Taka\Videos\Type1_Vid1.mp4,3692,61.533333,277,261,,random_roi_0071,2962,194,277,261,beginning,C:\Users\colla\Documents\Research\Taka\FINAL\runs\Type1_Vid1_roi.json,C:\Users\colla\Documents\Research\Taka\FINAL\runs\long_video_exclusions.json,371,0.66223582,0.00833741,7.73765654,1.83883154,1.0,0.0,motion,57,6.19024086
Type1_Vid1_beginning_random_roi_0072_frame_000003766_x934_y1787.png,C:\Users\colla\Documents\Research\Taka\FINAL\runs\long_video_random_labels\selected_frames\Type1_Vid1_beginning_random_roi_0072_frame_000003766_x934_y1787.png,C:\Users\colla\Documents\Research\Taka\Videos\Type1_Vid1.mp4,3766,62.766667,279,251,,random_roi_0072,934,1787,279,251,beginning,C:\Users\colla\Documents\Research\Taka\FINAL\runs\Type1_Vid1_roi.json,C:\Users\colla\Documents\Research\Taka\FINAL\runs\long_video_exclusions.json,379,0.43164627,0.00798319,3.2684174,0.84267914,1.0,0.0,random,128,5.1839056
Type1_Vid1_random_random_roi_0073_frame_000003829_x3009_y693.png,C:\Users\colla\Documents\Research\Taka\FINAL\runs\long_video_random_labels\selected_frames\Type1_Vid1_random_random_roi_0073_frame_000003829_x3009_y693.png,C:\Users\colla\Documents\Research\Taka\Videos\Type1_Vid1.mp4,3829,63.816667,302,272,,random_roi_0073,3009,693,302,272,random,C:\Users\colla\Documents\Research\Taka\FINAL\runs\Type1_Vid1_roi.json,C:\Users\colla\Documents\Research\Taka\FINAL\runs\long_video_exclusions.json,1025,0.62391304,0.00808674,9.09057124,2.76147842,1.0,0.00322604,random,18,4.69528008
Type1_Vid1_beginning_random_roi_0074_frame_000003925_x2538_y595.png,C:\Users\colla\Documents\Research\Taka\FINAL\runs\long_video_random_labels\selected_frames\Type1_Vid1_beginning_random_roi_0074_frame_000003925_x2538_y595.png,C:\Users\colla\Documents\Research\Taka\Videos\Type1_Vid1.mp4,3925,65.416667,286,257,,random_roi_0074,2538,595,286,257,beginning,C:\Users\colla\Documents\Research\Taka\FINAL\runs\Type1_Vid1_roi.json,C:\Users\colla\Documents\Research\Taka\FINAL\runs\long_video_exclusions.json,393,0.61963293,0.00864879,3.10029539,0.52028507,1.0,0.0,random,147,3.53987718
Type1_Vid1_beginning_random_roi_0075_frame_000003925_x1698_y1121.png,C:\Users\colla\Documents\Research\Taka\FINAL\runs\long_video_random_labels\selected_frames\Type1_Vid1_beginning_random_roi_0075_frame_000003925_x1698_y1121.png,C:\Users\colla\Documents\Research\Taka\Videos\Type1_Vid1.mp4,3925,65.416667,292,262,,random_roi_0075,1698,1121,292,262,beginning,C:\Users\colla\Documents\Research\Taka\FINAL\runs\Type1_Vid1_roi.json,C:\Users\colla\Documents\Research\Taka\FINAL\runs\long_video_exclusions.json,400,0.75995551,0.00892477,4.18419866,10.99976349,1.0,0.0,motion,50,7.19868183
Type1_Vid1_beginning_random_roi_0076_frame_000004014_x484_y276.png,C:\Users\colla\Documents\Research\Taka\FINAL\runs\long_video_random_labels\selected_frames\Type1_Vid1_beginning_random_roi_0076_frame_000004014_x484_y276.png,C:\Users\colla\Documents\Research\Taka\Videos\Type1_Vid1.mp4,4014,66.9,303,273,,random_roi_0076,484,276,303,273,beginning,C:\Users\colla\Documents\Research\Taka\FINAL\runs\Type1_Vid1_roi.json,C:\Users\colla\Documents\Research\Taka\FINAL\runs\long_video_exclusions.json,407,0.41790879,0.00791901,4.58129434,0.88805115,1.0,0.0,motion,55,0.0
Type1_Vid1_beginning_random_roi_0077_frame_000004014_x2594_y1155.png,C:\Users\colla\Documents\Research\Taka\FINAL\runs\long_video_random_labels\selected_frames\Type1_Vid1_beginning_random_roi_0077_frame_000004014_x2594_y1155.png,C:\Users\colla\Documents\Research\Taka\Videos\Type1_Vid1.mp4,4014,66.9,275,258,,random_roi_0077,2594,1155,275,258,beginning,C:\Users\colla\Documents\Research\Taka\FINAL\runs\Type1_Vid1_roi.json,C:\Users\colla\Documents\Research\Taka\FINAL\runs\long_video_exclusions.json,408,0.83248053,0.0274897,28.78307023,57.06366348,0.9967019,0.0,motion,121,2.31427026
Type1_Vid1_random_random_roi_0078_frame_000004017_x712_y1328.png,C:\Users\colla\Documents\Research\Taka\FINAL\runs\long_video_random_labels\selected_frames\Type1_Vid1_random_random_roi_0078_frame_000004017_x712_y1328.png,C:\Users\colla\Documents\Research\Taka\Videos\Type1_Vid1.mp4,4017,66.95,312,281,,random_roi_0078,712,1328,312,281,random,C:\Users\colla\Documents\Research\Taka\FINAL\runs\Type1_Vid1_roi.json,C:\Users\colla\Documents\Research\Taka\FINAL\runs\long_video_exclusions.json,1030,0.78244147,0.01110216,18.40377971,178.70571899,0.99288256,0.0,motion,17,10.98718357
Type1_Vid1_random_random_roi_0079_frame_000004017_x2653_y1076.png,C:\Users\colla\Documents\Research\Taka\FINAL\runs\long_video_random_labels\selected_frames\Type1_Vid1_random_random_roi_0079_frame_000004017_x2653_y1076.png,C:\Users\colla\Documents\Research\Taka\Videos\Type1_Vid1.mp4,4017,66.95,302,272,,random_roi_0079,2653,1076,302,272,random,C:\Users\colla\Documents\Research\Taka\FINAL\runs\Type1_Vid1_roi.json,C:\Users\colla\Documents\Research\Taka\FINAL\runs\long_video_exclusions.json,1032,0.8819398,0.02165222,27.6050543,12.33649349,1.0,0.0,motion,14,14.1228466
Type1_Vid1_random_random_roi_0080_frame_000004017_x2992_y1531.png,C:\Users\colla\Documents\Research\Taka\FINAL\runs\long_video_random_labels\selected_frames\Type1_Vid1_random_random_roi_0080_frame_000004017_x2992_y1531.png,C:\Users\colla\Documents\Research\Taka\Videos\Type1_Vid1.mp4,4017,66.95,314,283,,random_roi_0080,2992,1531,314,283,random,C:\Users\colla\Documents\Research\Taka\FINAL\runs\Type1_Vid1_roi.json,C:\Users\colla\Documents\Research\Taka\FINAL\runs\long_video_exclusions.json,1034,0.52525084,0.00804187,5.58157094,0.77827412,1.0,0.0,random,24,8.18797779
Type1_Vid1_beginning_random_roi_0081_frame_000004124_x2228_y974.png,C:\Users\colla\Documents\Research\Taka\FINAL\runs\long_video_random_labels\selected_frames\Type1_Vid1_beginning_random_roi_0081_frame_000004124_x2228_y974.png,C:\Users\colla\Documents\Research\Taka\Videos\Type1_Vid1.mp4,4124,68.733333,303,285,,random_roi_0081,2228,974,303,285,beginning,C:\Users\colla\Documents\Research\Taka\FINAL\runs\Type1_Vid1_roi.json,C:\Users\colla\Documents\Research\Taka\FINAL\runs\long_video_exclusions.json,410,0.17246941,0.00663895,2.00454114,0.43383706,1.0,0.0,motion,123,0.0
Type1_Vid1_random_random_roi_0082_frame_000004226_x1262_y1176.png,C:\Users\colla\Documents\Research\Taka\FINAL\runs\long_video_random_labels\selected_frames\Type1_Vid1_random_random_roi_0082_frame_000004226_x1262_y1176.png,C:\Users\colla\Documents\Research\Taka\Videos\Type1_Vid1.mp4,4226,70.433333,288,270,,random_roi_0082,1262,1176,288,270,random,C:\Users\colla\Documents\Research\Taka\FINAL\runs\Type1_Vid1_roi.json,C:\Users\colla\Documents\Research\Taka\FINAL\runs\long_video_exclusions.json,1040,0.3993311,0.00794913,2.76588984,0.47996399,1.0,0.0,random,9,3.60622239
Type1_Vid1_random_random_roi_0083_frame_000004226_x2223_y520.png,C:\Users\colla\Documents\Research\Taka\FINAL\runs\long_video_random_labels\selected_frames\Type1_Vid1_random_random_roi_0083_frame_000004226_x2223_y520.png,C:\Users\colla\Documents\Research\Taka\Videos\Type1_Vid1.mp4,4226,70.433333,312,280,,random_roi_0083,2223,520,312,280,random,C:\Users\colla\Documents\Research\Taka\FINAL\runs\Type1_Vid1_roi.json,C:\Users\colla\Documents\Research\Taka\FINAL\runs\long_video_exclusions.json,1041,0.26588629,0.00785661,1.65100216,0.35284707,1.0,0.0,random,46,6.10677862
Type1_Vid1_beginning_random_roi_0084_frame_000004280_x492_y763.png,C:\Users\colla\Documents\Research\Taka\FINAL\runs\long_video_random_labels\selected_frames\Type1_Vid1_beginning_random_roi_0084_frame_000004280_x492_y763.png,C:\Users\colla\Documents\Research\Taka\Videos\Type1_Vid1.mp4,4280,71.333333,287,258,,random_roi_0084,492,763,287,258,beginning,C:\Users\colla\Documents\Research\Taka\FINAL\runs\Type1_Vid1_roi.json,C:\Users\colla\Documents\Research\Taka\FINAL\runs\long_video_exclusions.json,431,0.41340378,0.00793323,4.17280564,0.59643984,1.0,0.0,motion,101,4.46100426
Type1_Vid1_beginning_random_roi_0085_frame_000004280_x976_y1728.png,C:\Users\colla\Documents\Research\Taka\FINAL\runs\long_video_random_labels\selected_frames\Type1_Vid1_beginning_random_roi_0085_frame_000004280_x976_y1728.png,C:\Users\colla\Documents\Research\Taka\Videos\Type1_Vid1.mp4,4280,71.333333,313,281,,random_roi_0085,976,1728,313,281,beginning,C:\Users\colla\Documents\Research\Taka\FINAL\runs\Type1_Vid1_roi.json,C:\Users\colla\Documents\Research\Taka\FINAL\runs\long_video_exclusions.json,432,0.46868743,0.00805282,2.8522208,0.74116731,1.0,0.0,motion,94,5.67617226
Type1_Vid1_beginning_random_roi_0086_frame_000004387_x2782_y1095.png,C:\Users\colla\Documents\Research\Taka\FINAL\runs\long_video_random_labels\selected_frames\Type1_Vid1_beginning_random_roi_0086_frame_000004387_x2782_y1095.png,C:\Users\colla\Documents\Research\Taka\Videos\Type1_Vid1.mp4,4387,73.116667,300,282,,random_roi_0086,2782,1095,300,282,beginning,C:\Users\colla\Documents\Research\Taka\FINAL\runs\Type1_Vid1_roi.json,C:\Users\colla\Documents\Research\Taka\FINAL\runs\long_video_exclusions.json,435,0.64399333,0.00824642,16.49430916,7.27784586,0.99995272,0.0,motion,63,5.90643454
Type1_Vid1_beginning_random_roi_0087_frame_000004476_x3014_y1875.png,C:\Users\colla\Documents\Research\Taka\FINAL\runs\long_video_random_labels\selected_frames\Type1_Vid1_beginning_random_roi_0087_frame_000004476_x3014_y1875.png,C:\Users\colla\Documents\Research\Taka\Videos\Type1_Vid1.mp4,4476,74.6,317,285,,random_roi_0087,3014,1875,317,285,beginning,C:\Users\colla\Documents\Research\Taka\FINAL\runs\Type1_Vid1_roi.json,C:\Users\colla\Documents\Research\Taka\FINAL\runs\long_video_exclusions.json,444,0.77174638,0.00909387,11.25667819,1.66328931,1.0,0.0,motion,79,7.19482803
Type1_Vid1_beginning_random_roi_0088_frame_000004549_x518_y709.png,C:\Users\colla\Documents\Research\Taka\FINAL\runs\long_video_random_labels\selected_frames\Type1_Vid1_beginning_random_roi_0088_frame_000004549_x518_y709.png,C:\Users\colla\Documents\Research\Taka\Videos\Type1_Vid1.mp4,4549,75.816667,271,255,,random_roi_0088,518,709,271,255,beginning,C:\Users\colla\Documents\Research\Taka\FINAL\runs\Type1_Vid1_roi.json,C:\Users\colla\Documents\Research\Taka\FINAL\runs\long_video_exclusions.json,451,0.36929922,0.00788286,4.03364345,0.57862669,1.0,0.0,random,91,3.63583612
Type1_Vid1_random_random_roi_0089_frame_000004647_x760_y414.png,C:\Users\colla\Documents\Research\Taka\FINAL\runs\long_video_random_labels\selected_frames\Type1_Vid1_random_random_roi_0089_frame_000004647_x760_y414.png,C:\Users\colla\Documents\Research\Taka\Videos\Type1_Vid1.mp4,4647,77.45,275,258,,random_roi_0089,760,414,275,258,random,C:\Users\colla\Documents\Research\Taka\FINAL\runs\Type1_Vid1_roi.json,C:\Users\colla\Documents\Research\Taka\FINAL\runs\long_video_exclusions.json,1054,0.49113712,0.00816947,2.55932719,0.38019732,1.0,0.0,random,31,6.16089392
Type1_Vid1_beginning_random_roi_0090_frame_000004679_x2046_y35.png,C:\Users\colla\Documents\Research\Taka\FINAL\runs\long_video_random_labels\selected_frames\Type1_Vid1_beginning_random_roi_0090_frame_000004679_x2046_y35.png,C:\Users\colla\Documents\Research\Taka\Videos\Type1_Vid1.mp4,4679,77.983333,314,282,,random_roi_0090,2046,35,314,282,beginning,C:\Users\colla\Documents\Research\Taka\FINAL\runs\Type1_Vid1_roi.json,C:\Users\colla\Documents\Research\Taka\FINAL\runs\long_video_exclusions.json,470,0.80072303,0.01031129,23.7957756,1.15105867,1.0,0.0,random,59,4.85802126
Type1_Vid1_beginning_random_roi_0091_frame_000004679_x633_y1455.png,C:\Users\colla\Documents\Research\Taka\FINAL\runs\long_video_random_labels\selected_frames\Type1_Vid1_beginning_random_roi_0091_frame_000004679_x633_y1455.png,C:\Users\colla\Documents\Research\Taka\Videos\Type1_Vid1.mp4,4679,77.983333,313,282,,random_roi_0091,633,1455,313,282,beginning,C:\Users\colla\Documents\Research\Taka\FINAL\runs\Type1_Vid1_roi.json,C:\Users\colla\Documents\Research\Taka\FINAL\runs\long_video_exclusions.json,472,0.80850945,0.02285358,14.19799476,106.94834137,0.99589876,0.0,random,10,8.04443645
Type1_Vid1_beginning_random_roi_0092_frame_000004765_x1494_y1128.png,C:\Users\colla\Documents\Research\Taka\FINAL\runs\long_video_random_labels\selected_frames\Type1_Vid1_beginning_random_roi_0092_frame_000004765_x1494_y1128.png,C:\Users\colla\Documents\Research\Taka\Videos\Type1_Vid1.mp4,4765,79.416667,299,281,,random_roi_0092,1494,1128,299,281,beginning,C:\Users\colla\Documents\Research\Taka\FINAL\runs\Type1_Vid1_roi.json,C:\Users\colla\Documents\Research\Taka\FINAL\runs\long_video_exclusions.json,477,0.71362625,0.00844538,4.02528289,9.9939661,1.0,0.0,motion,105,5.62302256
Type1_Vid1_beginning_random_roi_0093_frame_000004825_x958_y1391.png,C:\Users\colla\Documents\Research\Taka\FINAL\runs\long_video_random_labels\selected_frames\Type1_Vid1_beginning_random_roi_0093_frame_000004825_x958_y1391.png,C:\Users\colla\Documents\Research\Taka\Videos\Type1_Vid1.mp4,4825,80.416667,285,268,,random_roi_0093,958,1391,285,268,beginning,C:\Users\colla\Documents\Research\Taka\FINAL\runs\Type1_Vid1_roi.json,C:\Users\colla\Documents\Research\Taka\FINAL\runs\long_video_exclusions.json,484,0.72113459,0.00859867,13.86150924,100.44238281,0.99643886,0.0,random,14,6.0165844
Type1_Vid1_beginning_random_roi_0094_frame_000004825_x2370_y963.png,C:\Users\colla\Documents\Research\Taka\FINAL\runs\long_video_random_labels\selected_frames\Type1_Vid1_beginning_random_roi_0094_frame_000004825_x2370_y963.png,C:\Users\colla\Documents\Research\Taka\Videos\Type1_Vid1.mp4,4825,80.416667,298,268,,random_roi_0094,2370,963,298,268,beginning,C:\Users\colla\Documents\Research\Taka\FINAL\runs\Type1_Vid1_roi.json,C:\Users\colla\Documents\Research\Taka\FINAL\runs\long_video_exclusions.json,488,0.85483871,0.02296427,14.98897627,3.54635334,1.0,0.0,random,85,13.04239464
Type1_Vid1_beginning_random_roi_0095_frame_000004923_x2046_y1185.png,C:\Users\colla\Documents\Research\Taka\FINAL\runs\long_video_random_labels\selected_frames\Type1_Vid1_beginning_random_roi_0095_frame_000004923_x2046_y1185.png,C:\Users\colla\Documents\Research\Taka\Videos\Type1_Vid1.mp4,4923,82.05,288,260,,random_roi_0095,2046,1185,288,260,beginning,C:\Users\colla\Documents\Research\Taka\FINAL\runs\Type1_Vid1_roi.json,C:\Users\colla\Documents\Research\Taka\FINAL\runs\long_video_exclusions.json,491,0.44799778,0.00811576,2.12941088,0.45978901,1.0,0.0,random,20,4.8175602
Type1_Vid1_beginning_random_roi_0096_frame_000004923_x2625_y984.png,C:\Users\colla\Documents\Research\Taka\FINAL\runs\long_video_random_labels\selected_frames\Type1_Vid1_beginning_random_roi_0096_frame_000004923_x2625_y984.png,C:\Users\colla\Documents\Research\Taka\Videos\Type1_Vid1.mp4,4923,82.05,275,258,,random_roi_0096,2625,984,275,258,beginning,C:\Users\colla\Documents\Research\Taka\FINAL\runs\Type1_Vid1_roi.json,C:\Users\colla\Documents\Research\Taka\FINAL\runs\long_video_exclusions.json,493,0.87964405,0.01470173,22.61932462,11.10372353,1.0,0.0,random,142,5.43518734
Type1_Vid1_beginning_random_roi_0097_frame_000004923_x1319_y1232.png,C:\Users\colla\Documents\Research\Taka\FINAL\runs\long_video_random_labels\selected_frames\Type1_Vid1_beginning_random_roi_0097_frame_000004923_x1319_y1232.png,C:\Users\colla\Documents\Research\Taka\Videos\Type1_Vid1.mp4,4923,82.05,323,291,,random_roi_0097,1319,1232,323,291,beginning,C:\Users\colla\Documents\Research\Taka\FINAL\runs\Type1_Vid1_roi.json,C:\Users\colla\Documents\Research\Taka\FINAL\runs\long_video_exclusions.json,494,0.31373749,0.00784314,3.13160571,0.60316163,1.0,0.0,random,0,3.22100735
Type1_Vid1_beginning_random_roi_0098_frame_000004923_x2957_y948.png,C:\Users\colla\Documents\Research\Taka\FINAL\runs\long_video_random_labels\selected_frames\Type1_Vid1_beginning_random_roi_0098_frame_000004923_x2957_y948.png,C:\Users\colla\Documents\Research\Taka\Videos\Type1_Vid1.mp4,4923,82.05,284,267,,random_roi_0098,2957,948,284,267,beginning,C:\Users\colla\Documents\Research\Taka\FINAL\runs\Type1_Vid1_roi.json,C:\Users\colla\Documents\Research\Taka\FINAL\runs\long_video_exclusions.json,495,0.57335929,0.00803973,11.02790835,1.60514379,1.0,0.0,random,62,6.13836479
Type1_Vid1_beginning_random_roi_0099_frame_000004994_x1906_y1713.png,C:\Users\colla\Documents\Research\Taka\FINAL\runs\long_video_random_labels\selected_frames\Type1_Vid1_beginning_random_roi_0099_frame_000004994_x1906_y1713.png,C:\Users\colla\Documents\Research\Taka\Videos\Type1_Vid1.mp4,4994,83.233333,276,259,,random_roi_0099,1906,1713,276,259,beginning,C:\Users\colla\Documents\Research\Taka\FINAL\runs\Type1_Vid1_roi.json,C:\Users\colla\Documents\Research\Taka\FINAL\runs\long_video_exclusions.json,503,0.58887653,0.00833196,3.40770656,5.5673008,0.99991607,0.0,random,143,0.0
Type1_Vid1_beginning_random_roi_0100_frame_000005063_x1668_y739.png,C:\Users\colla\Documents\Research\Taka\FINAL\runs\long_video_random_labels\selected_frames\Type1_Vid1_beginning_random_roi_0100_frame_000005063_x1668_y739.png,C:\Users\colla\Documents\Research\Taka\Videos\Type1_Vid1.mp4,5063,84.383333,305,274,,random_roi_0100,1668,739,305,274,beginning,C:\Users\colla\Documents\Research\Taka\FINAL\runs\Type1_Vid1_roi.json,C:\Users\colla\Documents\Research\Taka\FINAL\runs\long_video_exclusions.json,507,0.4621802,0.00792298,7.90593785,1.07277679,1.0,0.00780184,motion,117,7.22160244
Type1_Vid1_beginning_random_roi_0101_frame_000005063_x604_y227.png,C:\Users\colla\Documents\Research\Taka\FINAL\runs\long_video_random_labels\selected_frames\Type1_Vid1_beginning_random_roi_0101_frame_000005063_x604_y227.png,C:\Users\colla\Documents\Research\Taka\Videos\Type1_Vid1.mp4,5063,84.383333,299,269,,random_roi_0101,604,227,299,269,beginning,C:\Users\colla\Documents\Research\Taka\FINAL\runs\Type1_Vid1_roi.json,C:\Users\colla\Documents\Research\Taka\FINAL\runs\long_video_exclusions.json,509,0.6448832,0.00830163,7.42127748,0.96359605,1.0,0.0,random,31,3.03127933
Type1_Vid1_beginning_random_roi_0102_frame_000005203_x967_y1287.png,C:\Users\colla\Documents\Research\Taka\FINAL\runs\long_video_random_labels\selected_frames\Type1_Vid1_beginning_random_roi_0102_frame_000005203_x967_y1287.png,C:\Users\colla\Documents\Research\Taka\Videos\Type1_Vid1.mp4,5203,86.716667,321,289,,random_roi_0102,967,1287,321,289,beginning,C:\Users\colla\Documents\Research\Taka\FINAL\runs\Type1_Vid1_roi.json,C:\Users\colla\Documents\Research\Taka\FINAL\runs\long_video_exclusions.json,515,0.72269188,0.00868075,11.40147662,57.83584976,0.99756384,0.0,random,19,4.12493134
Type1_Vid1_beginning_random_roi_0103_frame_000005204_x932_y1108.png,C:\Users\colla\Documents\Research\Taka\FINAL\runs\long_video_random_labels\selected_frames\Type1_Vid1_beginning_random_roi_0103_frame_000005204_x932_y1108.png,C:\Users\colla\Documents\Research\Taka\Videos\Type1_Vid1.mp4,5204,86.733333,273,256,,random_roi_0103,932,1108,273,256,beginning,C:\Users\colla\Documents\Research\Taka\FINAL\runs\Type1_Vid1_roi.json,C:\Users\colla\Documents\Research\Taka\FINAL\runs\long_video_exclusions.json,526,0.39577308,0.00803978,2.11159548,0.32643658,1.0,0.0,motion,122,5.06036282
Type1_Vid1_random_random_roi_0104_frame_000005230_x2546_y1050.png,C:\Users\colla\Documents\Research\Taka\FINAL\runs\long_video_random_labels\selected_frames\Type1_Vid1_random_random_roi_0104_frame_000005230_x2546_y1050.png,C:\Users\colla\Documents\Research\Taka\Videos\Type1_Vid1.mp4,5230,87.166667,323,291,,random_roi_0104,2546,1050,323,291,random,C:\Users\colla\Documents\Research\Taka\FINAL\runs\Type1_Vid1_roi.json,C:\Users\colla\Documents\Research\Taka\FINAL\runs\long_video_exclusions.json,1074,0.90602007,0.02893358,26.96069546,15.41490078,1.0,0.0,motion,36,2.2845161
Type1_Vid1_random_random_roi_0105_frame_000005230_x1065_y410.png,C:\Users\colla\Documents\Research\Taka\FINAL\runs\long_video_random_labels\selected_frames\Type1_Vid1_random_random_roi_0105_frame_000005230_x1065_y410.png,C:\Users\colla\Documents\Research\Taka\Videos\Type1_Vid1.mp4,5230,87.166667,294,276,,random_roi_0105,1065,410,294,276,random,C:\Users\colla\Documents\Research\Taka\FINAL\runs\Type1_Vid1_roi.json,C:\Users\colla\Documents\Research\Taka\FINAL\runs\long_video_exclusions.json,1075,0.33461538,0.00784314,4.61307097,0.40585852,1.0,0.0,motion,5,8.42842579
Type1_Vid1_beginning_random_roi_0106_frame_000005291_x2459_y1808.png,C:\Users\colla\Documents\Research\Taka\FINAL\runs\long_video_random_labels\selected_frames\Type1_Vid1_beginning_random_roi_0106_frame_000005291_x2459_y1808.png,C:\Users\colla\Documents\Research\Taka\Videos\Type1_Vid1.mp4,5291,88.183333,313,282,,random_roi_0106,2459,1808,313,282,beginning,C:\Users\colla\Documents\Research\Taka\FINAL\runs\Type1_Vid1_roi.json,C:\Users\colla\Documents\Research\Taka\FINAL\runs\long_video_exclusions.json,535,0.60250278,0.00826553,4.31972098,0.64795023,1.0,0.0,random,25,4.00617123
Type1_Vid1_beginning_random_roi_0107_frame_000005379_x1413_y1542.png,C:\Users\colla\Documents\Research\Taka\FINAL\runs\long_video_random_labels\selected_frames\Type1_Vid1_beginning_random_roi_0107_frame_000005379_x1413_y1542.png,C:\Users\colla\Documents\Research\Taka\Videos\Type1_Vid1.mp4,5379,89.65,270,253,,random_roi_0107,1413,1542,270,253,beginning,C:\Users\colla\Documents\Research\Taka\FINAL\runs\Type1_Vid1_roi.json,C:\Users\colla\Documents\Research\Taka\FINAL\runs\long_video_exclusions.json,539,0.44860957,0.00788333,3.60601572,7.74904585,1.0,0.0,motion,64,4.78695679
Type1_Vid1_random_random_roi_0108_frame_000005422_x2412_y371.png,C:\Users\colla\Documents\Research\Taka\FINAL\runs\long_video_random_labels\selected_frames\Type1_Vid1_random_random_roi_0108_frame_000005422_x2412_y371.png,C:\Users\colla\Documents\Research\Taka\Videos\Type1_Vid1.mp4,5422,90.366667,276,260,,random_roi_0108,2412,371,276,260,random,C:\Users\colla\Documents\Research\Taka\FINAL\runs\Type1_Vid1_roi.json,C:\Users\colla\Documents\Research\Taka\FINAL\runs\long_video_exclusions.json,1077,0.57658863,0.00834085,2.82769712,0.37016442,1.0,0.0,random,45,5.142735
Type1_Vid1_random_random_roi_0109_frame_000005422_x1973_y677.png,C:\Users\colla\Documents\Research\Taka\FINAL\runs\long_video_random_labels\selected_frames\Type1_Vid1_random_random_roi_0109_frame_000005422_x1973_y677.png,C:\Users\colla\Documents\Research\Taka\Videos\Type1_Vid1.mp4,5422,90.366667,281,253,,random_roi_0109,1973,677,281,253,random,C:\Users\colla\Documents\Research\Taka\FINAL\runs\Type1_Vid1_roi.json,C:\Users\colla\Documents\Research\Taka\FINAL\runs\long_video_exclusions.json,1079,0.54130435,0.00801436,7.76572707,0.89847088,1.0,0.0,random,3,7.54166889
Type1_Vid1_beginning_random_roi_0110_frame_000005521_x2423_y878.png,C:\Users\colla\Documents\Research\Taka\FINAL\runs\long_video_random_labels\selected_frames\Type1_Vid1_beginning_random_roi_0110_frame_000005521_x2423_y878.png,C:\Users\colla\Documents\Research\Taka\Videos\Type1_Vid1.mp4,5521,92.016667,298,268,,random_roi_0110,2423,878,298,268,beginning,C:\Users\colla\Documents\Research\Taka\FINAL\runs\Type1_Vid1_roi.json,C:\Users\colla\Documents\Research\Taka\FINAL\runs\long_video_exclusions.json,545,0.80211346,0.01038872,10.60177346,2.06572342,1.0,0.0,motion,119,0.0
Type1_Vid1_beginning_random_roi_0111_frame_000005521_x561_y1762.png,C:\Users\colla\Documents\Research\Taka\FINAL\runs\long_video_random_labels\selected_frames\Type1_Vid1_beginning_random_roi_0111_frame_000005521_x561_y1762.png,C:\Users\colla\Documents\Research\Taka\Videos\Type1_Vid1.mp4,5521,92.016667,278,261,,random_roi_0111,561,1762,278,261,beginning,C:\Users\colla\Documents\Research\Taka\FINAL\runs\Type1_Vid1_roi.json,C:\Users\colla\Documents\Research\Taka\FINAL\runs\long_video_exclusions.json,549,0.60878754,0.00822177,8.38763909,18.84845161,0.99951763,0.0,motion,136,8.75917816
Type1_Vid1_beginning_random_roi_0112_frame_000005579_x2003_y1701.png,C:\Users\colla\Documents\Research\Taka\FINAL\runs\long_video_random_labels\selected_frames\Type1_Vid1_beginning_random_roi_0112_frame_000005579_x2003_y1701.png,C:\Users\colla\Documents\Research\Taka\Videos\Type1_Vid1.mp4,5579,92.983333,284,267,,random_roi_0112,2003,1701,284,267,beginning,C:\Users\colla\Documents\Research\Taka\FINAL\runs\Type1_Vid1_roi.json,C:\Users\colla\Documents\Research\Taka\FINAL\runs\long_video_exclusions.json,555,0.27280311,0.0056185,2.98199291,5.65635872,1.0,0.0,random,104,8.66927624
Type1_Vid1_beginning_random_roi_0113_frame_000005579_x606_y1366.png,C:\Users\colla\Documents\Research\Taka\FINAL\runs\long_video_random_labels\selected_frames\Type1_Vid1_beginning_random_roi_0113_frame_000005579_x606_y1366.png,C:\Users\colla\Documents\Research\Taka\Videos\Type1_Vid1.mp4,5579,92.983333,267,251,,random_roi_0113,606,1366,267,251,beginning,C:\Users\colla\Documents\Research\Taka\FINAL\runs\Type1_Vid1_roi.json,C:\Users\colla\Documents\Research\Taka\FINAL\runs\long_video_exclusions.json,557,0.32419355,0.0065496,13.32744657,89.64016724,0.9960607,0.0,motion,45,5.48700523
Type1_Vid1_beginning_random_roi_0114_frame_000005675_x894_y1594.png,C:\Users\colla\Documents\Research\Taka\FINAL\runs\long_video_random_labels\selected_frames\Type1_Vid1_beginning_random_roi_0114_frame_000005675_x894_y1594.png,C:\Users\colla\Documents\Research\Taka\Videos\Type1_Vid1.mp4,5675,94.583333,279,251,,random_roi_0114,894,1594,279,251,beginning,C:\Users\colla\Documents\Research\Taka\FINAL\runs\Type1_Vid1_roi.json,C:\Users\colla\Documents\Research\Taka\FINAL\runs\long_video_exclusions.json,567,0.73303671,0.01020728,5.46493579,21.76072121,0.99981436,0.0,random,149,2.92166495
Type1_Vid1_beginning_random_roi_0115_frame_000005675_x1839_y1334.png,C:\Users\colla\Documents\Research\Taka\FINAL\runs\long_video_random_labels\selected_frames\Type1_Vid1_beginning_random_roi_0115_frame_000005675_x1839_y1334.png,C:\Users\colla\Documents\Research\Taka\Videos\Type1_Vid1.mp4,5675,94.583333,288,271,,random_roi_0115,1839,1334,288,271,beginning,C:\Users\colla\Documents\Research\Taka\FINAL\runs\Type1_Vid1_roi.json,C:\Users\colla\Documents\Research\Taka\FINAL\runs\long_video_exclusions.json,568,0.25422692,0.0060181,2.40584311,3.42591739,1.0,0.0,random,7,4.42908096
Type1_Vid1_beginning_random_roi_0116_frame_000005701_x2416_y1174.png,C:\Users\colla\Documents\Research\Taka\FINAL\runs\long_video_random_labels\selected_frames\Type1_Vid1_beginning_random_roi_0116_frame_000005701_x2416_y1174.png,C:\Users\colla\Documents\Research\Taka\Videos\Type1_Vid1.mp4,5701,95.016667,296,267,,random_roi_0116,2416,1174,296,267,beginning,C:\Users\colla\Documents\Research\Taka\FINAL\runs\Type1_Vid1_roi.json,C:\Users\colla\Documents\Research\Taka\FINAL\runs\long_video_exclusions.json,569,0.81941046,0.01676347,29.76159857,76.24861145,0.99483753,0.0,motion,138,1.03631365
Type1_Vid1_beginning_random_roi_0117_frame_000005701_x2153_y1862.png,C:\Users\colla\Documents\Research\Taka\FINAL\runs\long_video_random_labels\selected_frames\Type1_Vid1_beginning_random_roi_0117_frame_000005701_x2153_y1862.png,C:\Users\colla\Documents\Research\Taka\Videos\Type1_Vid1.mp4,5701,95.016667,296,278,,random_roi_0117,2153,1862,296,278,beginning,C:\Users\colla\Documents\Research\Taka\FINAL\runs\Type1_Vid1_roi.json,C:\Users\colla\Documents\Research\Taka\FINAL\runs\long_video_exclusions.json,576,0.24271413,0.00634512,4.20098331,3.94546032,0.99996354,0.0,random,77,4.33844566
Type1_Vid1_beginning_random_roi_0118_frame_000005822_x2588_y1164.png,C:\Users\colla\Documents\Research\Taka\FINAL\runs\long_video_random_labels\selected_frames\Type1_Vid1_beginning_random_roi_0118_frame_000005822_x2588_y1164.png,C:\Users\colla\Documents\Research\Taka\Videos\Type1_Vid1.mp4,5822,97.033333,320,288,,random_roi_0118,2588,1164,320,288,beginning,C:\Users\colla\Documents\Research\Taka\FINAL\runs\Type1_Vid1_roi.json,C:\Users\colla\Documents\Research\Taka\FINAL\runs\long_video_exclusions.json,580,0.81713014,0.01661025,28.9783581,94.72916412,0.99384766,0.0,motion,29,6.18357897
Type1_Vid1_beginning_random_roi_0119_frame_000005822_x2185_y1296.png,C:\Users\colla\Documents\Research\Taka\FINAL\runs\long_video_random_labels\selected_frames\Type1_Vid1_beginning_random_roi_0119_frame_000005822_x2185_y1296.png,C:\Users\colla\Documents\Research\Taka\Videos\Type1_Vid1.mp4,5822,97.033333,310,279,,random_roi_0119,2185,1296,310,279,beginning,C:\Users\colla\Documents\Research\Taka\FINAL\runs\Type1_Vid1_roi.json,C:\Users\colla\Documents\Research\Taka\FINAL\runs\long_video_exclusions.json,581,0.38959956,0.0079203,2.44025378,1.079512,1.0,0.0,motion,96,6.04089689
Type1_Vid1_beginning_random_roi_0120_frame_000005874_x2209_y733.png,C:\Users\colla\Documents\Research\Taka\FINAL\runs\long_video_random_labels\selected_frames\Type1_Vid1_beginning_random_roi_0120_frame_000005874_x2209_y733.png,C:\Users\colla\Documents\Research\Taka\Videos\Type1_Vid1.mp4,5874,97.9,289,260,,random_roi_0120,2209,733,289,260,beginning,C:\Users\colla\Documents\Research\Taka\FINAL\runs\Type1_Vid1_roi.json,C:\Users\colla\Documents\Research\Taka\FINAL\runs\long_video_exclusions.json,585,0.13309232,0.00485105,1.32750224,0.40448463,1.0,0.0,random,1,5.02512503
Type1_Vid1_beginning_random_roi_0121_frame_000005874_x954_y594.png,C:\Users\colla\Documents\Research\Taka\FINAL\runs\long_video_random_labels\selected_frames\Type1_Vid1_beginning_random_roi_0121_frame_000005874_x954_y594.png,C:\Users\colla\Documents\Research\Taka\Videos\Type1_Vid1.mp4,5874,97.9,287,270,,random_roi_0121,954,594,287,270,beginning,C:\Users\colla\Documents\Research\Taka\FINAL\runs\Type1_Vid1_roi.json,C:\Users\colla\Documents\Research\Taka\FINAL\runs\long_video_exclusions.json,587,0.39243604,0.00802554,2.02704695,0.33355242,1.0,0.0,random,109,4.86720705
Type1_Vid1_beginning_random_roi_0122_frame_000005964_x2608_y1062.png,C:\Users\colla\Documents\Research\Taka\FINAL\runs\long_video_random_labels\selected_frames\Type1_Vid1_beginning_random_roi_0122_frame_000005964_x2608_y1062.png,C:\Users\colla\Documents\Research\Taka\Videos\Type1_Vid1.mp4,5964,99.4,296,267,,random_roi_0122,2608,1062,296,267,beginning,C:\Users\colla\Documents\Research\Taka\FINAL\runs\Type1_Vid1_roi.json,C:\Users\colla\Documents\Research\Taka\FINAL\runs\long_video_exclusions.json,593,0.91412681,0.02167784,25.03178964,17.33312988,1.0,0.0,motion,111,7.87588072
Type1_Vid1_beginning_random_roi_0123_frame_000005964_x2664_y422.png,C:\Users\colla\Documents\Research\Taka\FINAL\runs\long_video_random_labels\selected_frames\Type1_Vid1_beginning_random_roi_0123_frame_000005964_x2664_y422.png,C:\Users\colla\Documents\Research\Taka\Videos\Type1_Vid1.mp4,5964,99.4,280,252,,random_roi_0123,2664,422,280,252,beginning,C:\Users\colla\Documents\Research\Taka\FINAL\runs\Type1_Vid1_roi.json,C:\Users\colla\Documents\Research\Taka\FINAL\runs\long_video_exclusions.json,594,0.46179088,0.00795995,4.65765248,0.62483752,1.0,0.0,motion,17,5.10481977
Type1_Vid1_random_random_roi_0124_frame_000005983_x2454_y866.png,C:\Users\colla\Documents\Research\Taka\FINAL\runs\long_video_random_labels\selected_frames\Type1_Vid1_random_random_roi_0124_frame_000005983_x2454_y866.png,C:\Users\colla\Documents\Research\Taka\Videos\Type1_Vid1.mp4,5983,99.716667,287,258,,random_roi_0124,2454,866,287,258,random,C:\Users\colla\Documents\Research\Taka\FINAL\runs\Type1_Vid1_roi.json,C:\Users\colla\Documents\Research\Taka\FINAL\runs\long_video_exclusions.json,1094,0.35301003,0.00704293,7.29991192,1.3698777,1.0,0.0,random,20,0.0
Type1_Vid1_beginning_random_roi_0125_frame_000006005_x1015_y1895.png,C:\Users\colla\Documents\Research\Taka\FINAL\runs\long_video_random_labels\selected_frames\Type1_Vid1_beginning_random_roi_0125_frame_000006005_x1015_y1895.png,C:\Users\colla\Documents\Research\Taka\Videos\Type1_Vid1.mp4,6005,100.083333,282,265,,random_roi_0125,1015,1895,282,265,beginning,C:\Users\colla\Documents\Research\Taka\FINAL\runs\Type1_Vid1_roi.json,C:\Users\colla\Documents\Research\Taka\FINAL\runs\long_video_exclusions.json,605,0.59432703,0.00827362,3.03174156,0.94423884,1.0,0.0,motion,95,7.45581675
Type1_Vid1_random_random_roi_0126_frame_000006023_x408_y1055.png,C:\Users\colla\Documents\Research\Taka\FINAL\runs\long_video_random_labels\selected_frames\Type1_Vid1_random_random_roi_0126_frame_000006023_x408_y1055.png,C:\Users\colla\Documents\Research\Taka\Videos\Type1_Vid1.mp4,6023,100.383333,278,261,,random_roi_0126,408,1055,278,261,random,C:\Users\colla\Documents\Research\Taka\FINAL\runs\Type1_Vid1_roi.json,C:\Users\colla\Documents\Research\Taka\FINAL\runs\long_video_exclusions.json,1103,0.69832776,0.00834077,7.69974053,0.94708973,1.0,0.0,random,25,10.43002129
Type1_Vid1_random_random_roi_0127_frame_000006023_x1716_y1876.png,C:\Users\colla\Documents\Research\Taka\FINAL\runs\long_video_random_labels\selected_frames\Type1_Vid1_random_random_roi_0127_frame_000006023_x1716_y1876.png,C:\Users\colla\Documents\Research\Taka\Videos\Type1_Vid1.mp4,6023,100.383333,272,256,,random_roi_0127,1716,1876,272,256,random,C:\Users\colla\Documents\Research\Taka\FINAL\runs\Type1_Vid1_roi.json,C:\Users\colla\Documents\Research\Taka\FINAL\runs\long_video_exclusions.json,1107,0.83394649,0.00884607,11.2303995,9.75097656,1.0,0.0,motion,23,8.20232868
Type1_Vid1_random_random_roi_0128_frame_000006023_x697_y639.png,C:\Users\colla\Documents\Research\Taka\FINAL\runs\long_video_random_labels\selected_frames\Type1_Vid1_random_random_roi_0128_frame_000006023_x697_y639.png,C:\Users\colla\Documents\Research\Taka\Videos\Type1_Vid1.mp4,6023,100.383333,284,267,,random_roi_0128,697,639,284,267,random,C:\Users\colla\Documents\Research\Taka\FINAL\runs\Type1_Vid1_roi.json,C:\Users\colla\Documents\Research\Taka\FINAL\runs\long_video_exclusions.json,1108,0.62759197,0.00846914,2.5560429,0.48496598,1.0,0.0,random,16,5.73354912
Type1_Vid1_beginning_random_roi_0129_frame_000006134_x2867_y1611.png,C:\Users\colla\Documents\Research\Taka\FINAL\runs\long_video_random_labels\selected_frames\Type1_Vid1_beginning_random_roi_0129_frame_000006134_x2867_y1611.png,C:\Users\colla\Documents\Research\Taka\Videos\Type1_Vid1.mp4,6134,102.233333,282,254,,random_roi_0129,2867,1611,282,254,beginning,C:\Users\colla\Documents\Research\Taka\FINAL\runs\Type1_Vid1_roi.json,C:\Users\colla\Documents\Research\Taka\FINAL\runs\long_video_exclusions.json,610,0.55678532,0.00808413,3.22818016,2.32739902,1.0,0.0,random,131,3.45811415
Type1_Vid1_beginning_random_roi_0130_frame_000006134_x2873_y576.png,C:\Users\colla\Documents\Research\Taka\FINAL\runs\long_video_random_labels\selected_frames\Type1_Vid1_beginning_random_roi_0130_frame_000006134_x2873_y576.png,C:\Users\colla\Documents\Research\Taka\Videos\Type1_Vid1.mp4,6134,102.233333,310,279,,random_roi_0130,2873,576,310,279,beginning,C:\Users\colla\Documents\Research\Taka\FINAL\runs\Type1_Vid1_roi.json,C:\Users\colla\Documents\Research\Taka\FINAL\runs\long_video_exclusions.json,615,0.67525028,0.00820171,10.68086066,4.26352167,1.0,0.0,motion,37,5.38681412
Type1_Vid1_beginning_random_roi_0131_frame_000006231_x2649_y1363.png,C:\Users\colla\Documents\Research\Taka\FINAL\runs\long_video_random_labels\selected_frames\Type1_Vid1_beginning_random_roi_0131_frame_000006231_x2649_y1363.png,C:\Users\colla\Documents\Research\Taka\Videos\Type1_Vid1.mp4,6231,103.85,268,252,,random_roi_0131,2649,1363,268,252,beginning,C:\Users\colla\Documents\Research\Taka\FINAL\runs\Type1_Vid1_roi.json,C:\Users\colla\Documents\Research\Taka\FINAL\runs\long_video_exclusions.json,619,0.7246941,0.00849383,27.14445631,178.56315613,0.98892443,0.0,random,86,5.88128233
Type1_Vid1_beginning_random_roi_0132_frame_000006231_x2800_y1025.png,C:\Users\colla\Documents\Research\Taka\FINAL\runs\long_video_random_labels\selected_frames\Type1_Vid1_beginning_random_roi_0132_frame_000006231_x2800_y1025.png,C:\Users\colla\Documents\Research\Taka\Videos\Type1_Vid1.mp4,6231,103.85,292,274,,random_roi_0132,2800,1025,292,274,beginning,C:\Users\colla\Documents\Research\Taka\FINAL\runs\Type1_Vid1_roi.json,C:\Users\colla\Documents\Research\Taka\FINAL\runs\long_video_exclusions.json,623,0.74788654,0.00847549,11.03426773,2.56394005,1.0,0.0,random,114,11.36858845
Type1_Vid1_beginning_random_roi_0133_frame_000006298_x661_y441.png,C:\Users\colla\Documents\Research\Taka\FINAL\runs\long_video_random_labels\selected_frames\Type1_Vid1_beginning_random_roi_0133_frame_000006298_x661_y441.png,C:\Users\colla\Documents\Research\Taka\Videos\Type1_Vid1.mp4,6298,104.966667,318,286,,random_roi_0133,661,441,318,286,beginning,C:\Users\colla\Documents\Research\Taka\FINAL\runs\Type1_Vid1_roi.json,C:\Users\colla\Documents\Research\Taka\FINAL\runs\long_video_exclusions.json,630,0.32858732,0.00786039,3.12742643,0.45377579,1.0,0.0,random,8,2.63828683
Type1_Vid1_beginning_random_roi_0134_frame_000006298_x626_y1744.png,C:\Users\colla\Documents\Research\Taka\FINAL\runs\long_video_random_labels\selected_frames\Type1_Vid1_beginning_random_roi_0134_frame_000006298_x626_y1744.png,C:\Users\colla\Documents\Research\Taka\Videos\Type1_Vid1.mp4,6298,104.966667,292,263,,random_roi_0134,626,1744,292,263,beginning,C:\Users\colla\Documents\Research\Taka\FINAL\runs\Type1_Vid1_roi.json,C:\Users\colla\Documents\Research\Taka\FINAL\runs\long_video_exclusions.json,632,0.55066741,0.00811412,6.94265719,13.34959793,0.9995182,0.0,motion,2,5.09452057
Type1_Vid1_random_random_roi_0135_frame_000006334_x2784_y548.png,C:\Users\colla\Documents\Research\Taka\FINAL\runs\long_video_random_labels\selected_frames\Type1_Vid1_random_random_roi_0135_frame_000006334_x2784_y548.png,C:\Users\colla\Documents\Research\Taka\Videos\Type1_Vid1.mp4,6334,105.566667,300,282,,random_roi_0135,2784,548,300,282,random,C:\Users\colla\Documents\Research\Taka\FINAL\runs\Type1_Vid1_roi.json,C:\Users\colla\Documents\Research\Taka\FINAL\runs\long_video_exclusions.json,1110,0.59347826,0.00803319,9.77743476,1.34230494,1.0,0.0,random,29,8.80220032
Type1_Vid1_random_random_roi_0136_frame_000006334_x1132_y1875.png,C:\Users\colla\Documents\Research\Taka\FINAL\runs\long_video_random_labels\selected_frames\Type1_Vid1_random_random_roi_0136_frame_000006334_x1132_y1875.png,C:\Users\colla\Documents\Research\Taka\Videos\Type1_Vid1.mp4,6334,105.566667,303,285,,random_roi_0136,1132,1875,303,285,random,C:\Users\colla\Documents\Research\Taka\FINAL\runs\Type1_Vid1_roi.json,C:\Users\colla\Documents\Research\Taka\FINAL\runs\long_video_exclusions.json,1116,0.59682274,0.00815214,3.6581822,0.88529742,1.0,0.0,motion,26,9.16042328
Type1_Vid1_beginning_random_roi_0137_frame_000006337_x1608_y1712.png,C:\Users\colla\Documents\Research\Taka\FINAL\runs\long_video_random_labels\selected_frames\Type1_Vid1_beginning_random_roi_0137_frame_000006337_x1608_y1712.png,C:\Users\colla\Documents\Research\Taka\Videos\Type1_Vid1.mp4,6337,105.616667,311,280,,random_roi_0137,1608,1712,311,280,beginning,C:\Users\colla\Documents\Research\Taka\FINAL\runs\Type1_Vid1_roi.json,C:\Users\colla\Documents\Research\Taka\FINAL\runs\long_video_exclusions.json,635,0.75483871,0.00911877,3.25361308,4.45171118,1.0,0.0,motion,27,6.40398455
Type1_Vid1_beginning_random_roi_0138_frame_000006337_x2066_y1586.png,C:\Users\colla\Documents\Research\Taka\FINAL\runs\long_video_random_labels\selected_frames\Type1_Vid1_beginning_random_roi_0138_frame_000006337_x2066_y1586.png,C:\Users\colla\Documents\Research\Taka\Videos\Type1_Vid1.mp4,6337,105.616667,308,277,,random_roi_0138,2066,1586,308,277,beginning,C:\Users\colla\Documents\Research\Taka\FINAL\runs\Type1_Vid1_roi.json,C:\Users\colla\Documents\Research\Taka\FINAL\runs\long_video_exclusions.json,638,0.70684093,0.0084316,3.43356848,6.46376991,1.0,0.0,motion,24,6.31547117
Type1_Vid1_beginning_random_roi_0139_frame_000006337_x902_y1750.png,C:\Users\colla\Documents\Research\Taka\FINAL\runs\long_video_random_labels\selected_frames\Type1_Vid1_beginning_random_roi_0139_frame_000006337_x902_y1750.png,C:\Users\colla\Documents\Research\Taka\Videos\Type1_Vid1.mp4,6337,105.616667,299,269,,random_roi_0139,902,1750,299,269,beginning,C:\Users\colla\Documents\Research\Taka\FINAL\runs\Type1_Vid1_roi.json,C:\Users\colla\Documents\Research\Taka\FINAL\runs\long_video_exclusions.json,639,0.40561735,0.00791142,2.91829409,0.87055987,1.0,0.0,motion,108,7.32853985
Type1_Vid1_beginning_random_roi_0140_frame_000006506_x2360_y1078.png,C:\Users\colla\Documents\Research\Taka\FINAL\runs\long_video_random_labels\selected_frames\Type1_Vid1_beginning_random_roi_0140_frame_000006506_x2360_y1078.png,C:\Users\colla\Documents\Research\Taka\Videos\Type1_Vid1.mp4,6506,108.433333,281,253,,random_roi_0140,2360,1078,281,253,beginning,C:\Users\colla\Documents\Research\Taka\FINAL\runs\Type1_Vid1_roi.json,C:\Users\colla\Documents\Research\Taka\FINAL\runs\long_video_exclusions.json,649,0.85889878,0.01174814,16.18550566,4.95938969,1.0,0.0,motion,30,6.36631584
Type1_Vid1_beginning_random_roi_0141_frame_000006506_x1905_y1279.png,C:\Users\colla\Documents\Research\Taka\FINAL\runs\long_video_random_labels\selected_frames\Type1_Vid1_beginning_random_roi_0141_frame_000006506_x1905_y1279.png,C:\Users\colla\Documents\Research\Taka\Videos\Type1_Vid1.mp4,6506,108.433333,287,270,,random_roi_0141,1905,1279,287,270,beginning,C:\Users\colla\Documents\Research\Taka\FINAL\runs\Type1_Vid1_roi.json,C:\Users\colla\Documents\Research\Taka\FINAL\runs\long_video_exclusions.json,652,0.47758621,0.00805087,2.14526,0.90784597,1.0,0.0,random,140,3.33854604
Type1_Vid1_beginning_random_roi_0142_frame_000006642_x661_y1697.png,C:\Users\colla\Documents\Research\Taka\FINAL\runs\long_video_random_labels\selected_frames\Type1_Vid1_beginning_random_roi_0142_frame_000006642_x661_y1697.png,C:\Users\colla\Documents\Research\Taka\Videos\Type1_Vid1.mp4,6642,110.7,298,268,,random_roi_0142,661,1697,298,268,beginning,C:\Users\colla\Documents\Research\Taka\FINAL\runs\Type1_Vid1_roi.json,C:\Users\colla\Documents\Research\Taka\FINAL\runs\long_video_exclusions.json,661,0.74171301,0.01430046,5.94233476,10.19270229,0.9995868,0.0,random,110,6.8443594
Type1_Vid1_beginning_random_roi_0143_frame_000006715_x310_y189.png,C:\Users\colla\Documents\Research\Taka\FINAL\runs\long_video_random_labels\selected_frames\Type1_Vid1_beginning_random_roi_0143_frame_000006715_x310_y189.png,C:\Users\colla\Documents\Research\Taka\Videos\Type1_Vid1.mp4,6715,111.916667,279,262,,random_roi_0143,310,189,279,262,beginning,C:\Users\colla\Documents\Research\Taka\FINAL\runs\Type1_Vid1_roi.json,C:\Users\colla\Documents\Research\Taka\FINAL\runs\long_video_exclusions.json,665,0.48003337,0.00787,19.80714402,1.53767407,1.0,0.0,random,102,0.0
Type1_Vid1_beginning_random_roi_0144_frame_000006715_x1008_y1564.png,C:\Users\colla\Documents\Research\Taka\FINAL\runs\long_video_random_labels\selected_frames\Type1_Vid1_beginning_random_roi_0144_frame_000006715_x1008_y1564.png,C:\Users\colla\Documents\Research\Taka\Videos\Type1_Vid1.mp4,6715,111.916667,300,270,,random_roi_0144,1008,1564,300,270,beginning,C:\Users\colla\Documents\Research\Taka\FINAL\runs\Type1_Vid1_roi.json,C:\Users\colla\Documents\Research\Taka\FINAL\runs\long_video_exclusions.json,666,0.61829811,0.00832244,4.88794261,13.71985149,0.99954321,0.0,random,148,3.4289124
Type1_Vid1_beginning_random_roi_0145_frame_000006715_x836_y1901.png,C:\Users\colla\Documents\Research\Taka\FINAL\runs\long_video_random_labels\selected_frames\Type1_Vid1_beginning_random_roi_0145_frame_000006715_x836_y1901.png,C:\Users\colla\Documents\Research\Taka\Videos\Type1_Vid1.mp4,6715,111.916667,287,259,,random_roi_0145,836,1901,287,259,beginning,C:\Users\colla\Documents\Research\Taka\FINAL\runs\Type1_Vid1_roi.json,C:\Users\colla\Documents\Research\Taka\FINAL\runs\long_video_exclusions.json,667,0.55878754,0.0081651,5.18375414,7.9793396,0.99989238,0.0,motion,76,6.55391121
Type1_Vid1_beginning_random_roi_0146_frame_000006740_x350_y556.png,C:\Users\colla\Documents\Research\Taka\FINAL\runs\long_video_random_labels\selected_frames\Type1_Vid1_beginning_random_roi_0146_frame_000006740_x350_y556.png,C:\Users\colla\Documents\Research\Taka\Videos\Type1_Vid1.mp4,6740,112.333333,293,275,,random_roi_0146,350,556,293,275,beginning,C:\Users\colla\Documents\Research\Taka\FINAL\runs\Type1_Vid1_roi.json,C:\Users\colla\Documents\Research\Taka\FINAL\runs\long_video_exclusions.json,673,0.64961068,0.00815491,13.26432805,1.52758288,1.0,0.0,random,97,5.9668088
Type1_Vid1_beginning_random_roi_0147_frame_000006740_x940_y223.png,C:\Users\colla\Documents\Research\Taka\FINAL\runs\long_video_random_labels\selected_frames\Type1_Vid1_beginning_random_roi_0147_frame_000006740_x940_y223.png,C:\Users\colla\Documents\Research\Taka\Videos\Type1_Vid1.mp4,6740,112.333333,293,275,,random_roi_0147,940,223,293,275,beginning,C:\Users\colla\Documents\Research\Taka\FINAL\runs\Type1_Vid1_roi.json,C:\Users\colla\Documents\Research\Taka\FINAL\runs\long_video_exclusions.json,674,0.47397108,0.0080039,3.46425763,0.55512238,1.0,0.0,random,100,9.8192482
Type1_Vid1_beginning_random_roi_0148_frame_000006740_x2902_y966.png,C:\Users\colla\Documents\Research\Taka\FINAL\runs\long_video_random_labels\selected_frames\Type1_Vid1_beginning_random_roi_0148_frame_000006740_x2902_y966.png,C:\Users\colla\Documents\Research\Taka\Videos\Type1_Vid1.mp4,6740,112.333333,278,250,,random_roi_0148,2902,966,278,250,beginning,C:\Users\colla\Documents\Research\Taka\FINAL\runs\Type1_Vid1_roi.json,C:\Users\colla\Documents\Research\Taka\FINAL\runs\long_video_exclusions.json,678,0.80205784,0.00896036,11.11253037,2.3065815,1.0,0.0,random,71,5.06576109
Type1_Vid1_beginning_random_roi_0149_frame_000006740_x2102_y1140.png,C:\Users\colla\Documents\Research\Taka\FINAL\runs\long_video_random_labels\selected_frames\Type1_Vid1_beginning_random_roi_0149_frame_000006740_x2102_y1140.png,C:\Users\colla\Documents\Research\Taka\Videos\Type1_Vid1.mp4,6740,112.333333,301,271,,random_roi_0149,2102,1140,301,271,beginning,C:\Users\colla\Documents\Research\Taka\FINAL\runs\Type1_Vid1_roi.json,C:\Users\colla\Documents\Research\Taka\FINAL\runs\long_video_exclusions.json,680,0.44961068,0.00800674,2.39069863,0.72910708,1.0,0.0,motion,81,9.46969223
Type1_Vid1_beginning_random_roi_0150_frame_000006846_x2713_y1247.png,C:\Users\colla\Documents\Research\Taka\FINAL\runs\long_video_random_labels\selected_frames\Type1_Vid1_beginning_random_roi_0150_frame_000006846_x2713_y1247.png,C:\Users\colla\Documents\Research\Taka\Videos\Type1_Vid1.mp4,6846,114.1,268,252,,random_roi_0150,2713,1247,268,252,beginning,C:\Users\colla\Documents\Research\Taka\FINAL\runs\Type1_Vid1_roi.json,C:\Users\colla\Documents\Research\Taka\FINAL\runs\long_video_exclusions.json,681,0.78648498,0.00942919,29.22808633,58.31935501,0.997009,0.0,random,44,6.39798212
Type1_Vid1_beginning_random_roi_0151_frame_000006846_x2326_y923.png,C:\Users\colla\Documents\Research\Taka\FINAL\runs\long_video_random_labels\selected_frames\Type1_Vid1_beginning_random_roi_0151_frame_000006846_x2326_y923.png,C:\Users\colla\Documents\Research\Taka\Videos\Type1_Vid1.mp4,6846,114.1,292,275,,random_roi_0151,2326,923,292,275,beginning,C:\Users\colla\Documents\Research\Taka\FINAL\runs\Type1_Vid1_roi.json,C:\Users\colla\Documents\Research\Taka\FINAL\runs\long_video_exclusions.json,685,0.5041713,0.00809709,2.65110857,0.66254038,1.0,0.0,random,145,0.0
Type1_Vid1_beginning_random_roi_0152_frame_000006961_x2715_y461.png,C:\Users\colla\Documents\Research\Taka\FINAL\runs\long_video_random_labels\selected_frames\Type1_Vid1_beginning_random_roi_0152_frame_000006961_x2715_y461.png,C:\Users\colla\Documents\Research\Taka\Videos\Type1_Vid1.mp4,6961,116.016667,263,247,,random_roi_0152,2715,461,263,247,beginning,C:\Users\colla\Documents\Research\Taka\FINAL\runs\Type1_Vid1_roi.json,C:\Users\colla\Documents\Research\Taka\FINAL\runs\long_video_exclusions.json,690,0.73971079,0.00862866,8.98383737,1.01017439,1.0,0.0,random,60,5.46940422
Type1_Vid1_beginning_random_roi_0153_frame_000006961_x2720_y633.png,C:\Users\colla\Documents\Research\Taka\FINAL\runs\long_video_random_labels\selected_frames\Type1_Vid1_beginning_random_roi_0153_frame_000006961_x2720_y633.png,C:\Users\colla\Documents\Research\Taka\Videos\Type1_Vid1.mp4,6961,116.016667,279,262,,random_roi_0153,2720,633,279,262,beginning,C:\Users\colla\Documents\Research\Taka\FINAL\runs\Type1_Vid1_roi.json,C:\Users\colla\Documents\Research\Taka\FINAL\runs\long_video_exclusions.json,691,0.70617353,0.00836422,10.72146765,1.19949806,1.0,0.0,motion,12,3.23706627
Type1_Vid1_beginning_random_roi_0154_frame_000006961_x1161_y936.png,C:\Users\colla\Documents\Research\Taka\FINAL\runs\long_video_random_labels\selected_frames\Type1_Vid1_beginning_random_roi_0154_frame_000006961_x1161_y936.png,C:\Users\colla\Documents\Research\Taka\Videos\Type1_Vid1.mp4,6961,116.016667,310,279,,random_roi_0154,1161,936,310,279,beginning,C:\Users\colla\Documents\Research\Taka\FINAL\runs\Type1_Vid1_roi.json,C:\Users\colla\Documents\Research\Taka\FINAL\runs\long_video_exclusions.json,693,0.60528365,0.00842411,3.30178565,0.38420627,1.0,0.0,motion,139,3.00107479
Type1_Vid1_beginning_random_roi_0155_frame_000006961_x2494_y206.png,C:\Users\colla\Documents\Research\Taka\FINAL\runs\long_video_random_labels\selected_frames\Type1_Vid1_beginning_random_roi_0155_frame_000006961_x2494_y206.png,C:\Users\colla\Documents\Research\Taka\Videos\Type1_Vid1.mp4,6961,116.016667,300,270,,random_roi_0155,2494,206,300,270,beginning,C:\Users\colla\Documents\Research\Taka\FINAL\runs\Type1_Vid1_roi.json,C:\Users\colla\Documents\Research\Taka\FINAL\runs\long_video_exclusions.json,695,0.26279199,0.00728153,3.2950683,0.28513572,1.0,0.0,random,3,3.27347374
Type1_Vid1_beginning_random_roi_0156_frame_000006961_x608_y735.png,C:\Users\colla\Documents\Research\Taka\FINAL\runs\long_video_random_labels\selected_frames\Type1_Vid1_beginning_random_roi_0156_frame_000006961_x608_y735.png,C:\Users\colla\Documents\Research\Taka\Videos\Type1_Vid1.mp4,6961,116.016667,313,282,,random_roi_0156,608,735,313,282,beginning,C:\Users\colla\Documents\Research\Taka\FINAL\runs\Type1_Vid1_roi.json,C:\Users\colla\Documents\Research\Taka\FINAL\runs\long_video_exclusions.json,696,0.68793103,0.00891468,3.66759404,0.45908958,1.0,0.0,motion,61,6.15492296
Type1_Vid1_random_random_roi_0157_frame_000006994_x1213_y1774.png,C:\Users\colla\Documents\Research\Taka\FINAL\runs\long_video_random_labels\selected_frames\Type1_Vid1_random_random_roi_0157_frame_000006994_x1213_y1774.png,C:\Users\colla\Documents\Research\Taka\Videos\Type1_Vid1.mp4,6994,116.566667,286,269,,random_roi_0157,1213,1774,286,269,random,C:\Users\colla\Documents\Research\Taka\FINAL\runs\Type1_Vid1_roi.json,C:\Users\colla\Documents\Research\Taka\FINAL\runs\long_video_exclusions.json,1135,0.58561873,0.0082205,2.95349634,0.61344707,1.0,0.0,motion,4,7.42384338
Type1_Vid1_random_random_roi_0158_frame_000006994_x1398_y1732.png,C:\Users\colla\Documents\Research\Taka\FINAL\runs\long_video_random_labels\selected_frames\Type1_Vid1_random_random_roi_0158_frame_000006994_x1398_y1732.png,C:\Users\colla\Documents\Research\Taka\Videos\Type1_Vid1.mp4,6994,116.566667,301,271,,random_roi_0158,1398,1732,301,271,random,C:\Users\colla\Documents\Research\Taka\FINAL\runs\Type1_Vid1_roi.json,C:\Users\colla\Documents\Research\Taka\FINAL\runs\long_video_exclusions.json,1136,0.70401338,0.0083195,3.17481961,4.75195789,1.0,0.0,motion,22,8.69901657
Type1_Vid1_random_random_roi_0159_frame_000006994_x2228_y0.png,C:\Users\colla\Documents\Research\Taka\FINAL\runs\long_video_random_labels\selected_frames\Type1_Vid1_random_random_roi_0159_frame_000006994_x2228_y0.png,C:\Users\colla\Documents\Research\Taka\Videos\Type1_Vid1.mp4,6994,116.566667,273,257,,random_roi_0159,2228,0,273,257,random,C:\Users\colla\Documents\Research\Taka\FINAL\runs\Type1_Vid1_roi.json,C:\Users\colla\Documents\Research\Taka\FINAL\runs\long_video_exclusions.json,1139,0.66989967,0.0080781,24.06497834,1.10284889,1.0,0.0,motion,7,6.12248707
Type1_Vid1_beginning_random_roi_0160_frame_000007102_x536_y358.png,C:\Users\colla\Documents\Research\Taka\FINAL\runs\long_video_random_labels\selected_frames\Type1_Vid1_beginning_random_roi_0160_frame_000007102_x536_y358.png,C:\Users\colla\Documents\Research\Taka\Videos\Type1_Vid1.mp4,7102,118.366667,279,251,,random_roi_0160,536,358,279,251,beginning,C:\Users\colla\Documents\Research\Taka\FINAL\runs\Type1_Vid1_roi.json,C:\Users\colla\Documents\Research\Taka\FINAL\runs\long_video_exclusions.json,712,0.6471079,0.00834174,3.70062459,0.83218384,1.0,0.0,motion,53,5.97614002
Type1_Vid1_beginning_random_roi_0161_frame_000007177_x1628_y1170.png,C:\Users\colla\Documents\Research\Taka\FINAL\runs\long_video_random_labels\selected_frames\Type1_Vid1_beginning_random_roi_0161_frame_000007177_x1628_y1170.png,C:\Users\colla\Documents\Research\Taka\Videos\Type1_Vid1.mp4,7177,119.616667,289,260,,random_roi_0161,1628,1170,289,260,beginning,C:\Users\colla\Documents\Research\Taka\FINAL\runs\Type1_Vid1_roi.json,C:\Users\colla\Documents\Research\Taka\FINAL\runs\long_video_exclusions.json,716,0.63008899,0.00810423,3.90692503,10.97179794,1.0,0.0,motion,69,5.03309393
Type1_Vid1_beginning_random_roi_0162_frame_000007209_x2922_y86.png,C:\Users\colla\Documents\Research\Taka\FINAL\runs\long_video_random_labels\selected_frames\Type1_Vid1_beginning_random_roi_0162_frame_000007209_x2922_y86.png,C:\Users\colla\Documents\Research\Taka\Videos\Type1_Vid1.mp4,7209,120.15,292,275,,random_roi_0162,2922,86,292,275,beginning,C:\Users\colla\Documents\Research\Taka\FINAL\runs\Type1_Vid1_roi.json,C:\Users\colla\Documents\Research\Taka\FINAL\runs\long_video_exclusions.json,722,0.65183537,0.00812639,15.8269522,1.54154396,1.0,0.0,random,129,6.8875041
Type1_Vid1_beginning_random_roi_0163_frame_000007209_x1176_y0.png,C:\Users\colla\Documents\Research\Taka\FINAL\runs\long_video_random_labels\selected_frames\Type1_Vid1_beginning_random_roi_0163_frame_000007209_x1176_y0.png,C:\Users\colla\Documents\Research\Taka\Videos\Type1_Vid1.mp4,7209,120.15,296,266,,random_roi_0163,1176,0,296,266,beginning,C:\Users\colla\Documents\Research\Taka\FINAL\runs\Type1_Vid1_roi.json,C:\Users\colla\Documents\Research\Taka\FINAL\runs\long_video_exclusions.json,723,0.73820912,0.00830655,26.34232078,1.54179776,1.0,0.0,motion,115,4.67502928
Type1_Vid1_beginning_random_roi_0164_frame_000007209_x2540_y1196.png,C:\Users\colla\Documents\Research\Taka\FINAL\runs\long_video_random_labels\selected_frames\Type1_Vid1_beginning_random_roi_0164_frame_000007209_x2540_y1196.png,C:\Users\colla\Documents\Research\Taka\Videos\Type1_Vid1.mp4,7209,120.15,319,287,,random_roi_0164,2540,1196,319,287,beginning,C:\Users\colla\Documents\Research\Taka\FINAL\runs\Type1_Vid1_roi.json,C:\Users\colla\Documents\Research\Taka\FINAL\runs\long_video_exclusions.json,726,0.81040044,0.01359906,29.55022523,118.44272614,0.99236508,0.0,motion,43,0.0
Type1_Vid1_random_random_roi_0165_frame_000007273_x2419_y66.png,C:\Users\colla\Documents\Research\Taka\FINAL\runs\long_video_random_labels\selected_frames\Type1_Vid1_random_random_roi_0165_frame_000007273_x2419_y66.png,C:\Users\colla\Documents\Research\Taka\Videos\Type1_Vid1.mp4,7273,121.216667,290,261,,random_roi_0165,2419,66,290,261,random,C:\Users\colla\Documents\Research\Taka\FINAL\runs\Type1_Vid1_roi.json,C:\Users\colla\Documents\Research\Taka\FINAL\runs\long_video_exclusions.json,1146,0.56337793,0.00793651,19.01318556,1.26992941,1.0,0.0,motion,1,3.55313516
Type1_Vid1_beginning_random_roi_0166_frame_000007345_x1458_y1618.png,C:\Users\colla\Documents\Research\Taka\FINAL\runs\long_video_random_labels\selected_frames\Type1_Vid1_beginning_random_roi_0166_frame_000007345_x1458_y1618.png,C:\Users\colla\Documents\Research\Taka\Videos\Type1_Vid1.mp4,7345,122.416667,307,276,,random_roi_0166,1458,1618,307,276,beginning,C:\Users\colla\Documents\Research\Taka\FINAL\runs\Type1_Vid1_roi.json,C:\Users\colla\Documents\Research\Taka\FINAL\runs\long_video_exclusions.json,732,0.78570634,0.00907007,3.56718164,6.2280364,1.0,0.0,motion,141,6.89746857
Type1_Vid1_beginning_random_roi_0167_frame_000007453_x1414_y1678.png,C:\Users\colla\Documents\Research\Taka\FINAL\runs\long_video_random_labels\selected_frames\Type1_Vid1_beginning_random_roi_0167_frame_000007453_x1414_y1678.png,C:\Users\colla\Documents\Research\Taka\Videos\Type1_Vid1.mp4,7453,124.216667,299,269,,random_roi_0167,1414,1678,299,269,beginning,C:\Users\colla\Documents\Research\Taka\FINAL\runs\Type1_Vid1_roi.json,C:\Users\colla\Documents\Research\Taka\FINAL\runs\long_video_exclusions.json,747,0.77074527,0.00888206,3.32743265,6.57932901,1.0,0.0,motion,35,8.22105122
Type1_Vid1_beginning_random_roi_0168_frame_000007453_x2746_y0.png,C:\Users\colla\Documents\Research\Taka\FINAL\runs\long_video_random_labels\selected_frames\Type1_Vid1_beginning_random_roi_0168_frame_000007453_x2746_y0.png,C:\Users\colla\Documents\Research\Taka\Videos\Type1_Vid1.mp4,7453,124.216667,307,276,,random_roi_0168,2746,0,307,276,beginning,C:\Users\colla\Documents\Research\Taka\FINAL\runs\Type1_Vid1_roi.json,C:\Users\colla\Documents\Research\Taka\FINAL\runs\long_video_exclusions.json,748,0.7948832,0.008533,22.98711067,2.0815866,1.0,0.0,motion,5,1.42771697
Type1_Vid1_random_random_roi_0169_frame_000007500_x2647_y613.png,C:\Users\colla\Documents\Research\Taka\FINAL\runs\long_video_random_labels\selected_frames\Type1_Vid1_random_random_roi_0169_frame_000007500_x2647_y613.png,C:\Users\colla\Documents\Research\Taka\Videos\Type1_Vid1.mp4,7500,125.0,301,271,,random_roi_0169,2647,613,301,271,random,C:\Users\colla\Documents\Research\Taka\FINAL\runs\Type1_Vid1_roi.json,C:\Users\colla\Documents\Research\Taka\FINAL\runs\long_video_exclusions.json,1151,0.68578595,0.00826176,8.36445782,0.82151735,1.0,0.0,random,28,1.14370453
Type1_Vid1_beginning_random_roi_0170_frame_000007649_x2079_y692.png,C:\Users\colla\Documents\Research\Taka\FINAL\runs\long_video_random_labels\selected_frames\Type1_Vid1_beginning_random_roi_0170_frame_000007649_x2079_y692.png,C:\Users\colla\Documents\Research\Taka\Videos\Type1_Vid1.mp4,7649,127.483333,293,264,,random_roi_0170,2079,692,293,264,beginning,C:\Users\colla\Documents\Research\Taka\FINAL\runs\Type1_Vid1_roi.json,C:\Users\colla\Documents\Research\Taka\FINAL\runs\long_video_exclusions.json,766,0.39254727,0.00775689,7.14328623,0.74166054,1.0,0.0,random,126,2.39881444
Type1_Vid1_beginning_random_roi_0171_frame_000007649_x834_y67.png,C:\Users\colla\Documents\Research\Taka\FINAL\runs\long_video_random_labels\selected_frames\Type1_Vid1_beginning_random_roi_0171_frame_000007649_x834_y67.png,C:\Users\colla\Documents\Research\Taka\Videos\Type1_Vid1.mp4,7649,127.483333,294,276,,random_roi_0171,834,67,294,276,beginning,C:\Users\colla\Documents\Research\Taka\FINAL\runs\Type1_Vid1_roi.json,C:\Users\colla\Documents\Research\Taka\FINAL\runs\long_video_exclusions.json,767,0.54076752,0.00791083,25.40073688,1.3694663,1.0,0.0,random,112,4.59872198
Type1_Vid1_beginning_random_roi_0172_frame_000007649_x2054_y1791.png,C:\Users\colla\Documents\Research\Taka\FINAL\runs\long_video_random_labels\selected_frames\Type1_Vid1_beginning_random_roi_0172_frame_000007649_x2054_y1791.png,C:\Users\colla\Documents\Research\Taka\Videos\Type1_Vid1.mp4,7649,127.483333,268,252,,random_roi_0172,2054,1791,268,252,beginning,C:\Users\colla\Documents\Research\Taka\FINAL\runs\Type1_Vid1_roi.json,C:\Users\colla\Documents\Research\Taka\FINAL\runs\long_video_exclusions.json,768,0.27652948,0.00679739,4.25556945,5.97077084,0.99994077,0.0,random,6,5.89876461
Type1_Vid1_beginning_random_roi_0173_frame_000007744_x2368_y1383.png,C:\Users\colla\Documents\Research\Taka\FINAL\runs\long_video_random_labels\selected_frames\Type1_Vid1_beginning_random_roi_0173_frame_000007744_x2368_y1383.png,C:\Users\colla\Documents\Research\Taka\Videos\Type1_Vid1.mp4,7744,129.066667,283,266,,random_roi_0173,2368,1383,283,266,beginning,C:\Users\colla\Documents\Research\Taka\FINAL\runs\Type1_Vid1_roi.json,C:\Users\colla\Documents\Research\Taka\FINAL\runs\long_video_exclusions.json,773,0.66329255,0.00828119,18.61399316,149.33268738,0.991817,0.0,random,144,7.37226343
Type1_Vid1_random_random_roi_0174_frame_000007745_x818_y34.png,C:\Users\colla\Documents\Research\Taka\FINAL\runs\long_video_random_labels\selected_frames\Type1_Vid1_random_random_roi_0174_frame_000007745_x818_y34.png,C:\Users\colla\Documents\Research\Taka\Videos\Type1_Vid1.mp4,7745,129.083333,260,245,,random_roi_0174,818,34,260,245,random,C:\Users\colla\Documents\Research\Taka\FINAL\runs\Type1_Vid1_roi.json,C:\Users\colla\Documents\Research\Taka\FINAL\runs\long_video_exclusions.json,1159,0.79431438,0.00841567,22.48839632,1.36988962,1.0,0.0,motion,39,4.84224606
Type1_Vid1_random_random_roi_0175_frame_000007745_x922_y224.png,C:\Users\colla\Documents\Research\Taka\FINAL\runs\long_video_random_labels\selected_frames\Type1_Vid1_random_random_roi_0175_frame_000007745_x922_y224.png,C:\Users\colla\Documents\Research\Taka\Videos\Type1_Vid1.mp4,7745,129.083333,275,258,,random_roi_0175,922,224,275,258,random,C:\Users\colla\Documents\Research\Taka\FINAL\runs\Type1_Vid1_roi.json,C:\Users\colla\Documents\Research\Taka\FINAL\runs\long_video_exclusions.json,1160,0.64866221,0.00830775,3.48440049,0.55939323,1.0,0.0,random,48,12.91616726
Type1_Vid1_random_random_roi_0176_frame_000007745_x530_y1491.png,C:\Users\colla\Documents\Research\Taka\FINAL\runs\long_video_random_labels\selected_frames\Type1_Vid1_random_random_roi_0176_frame_000007745_x530_y1491.png,C:\Users\colla\Documents\Research\Taka\Videos\Type1_Vid1.mp4,7745,129.083333,291,274,,random_roi_0176,530,1491,291,274,random,C:\Users\colla\Documents\Research\Taka\FINAL\runs\Type1_Vid1_roi.json,C:\Users\colla\Documents\Research\Taka\FINAL\runs\long_video_exclusions.json,1164,0.38461538,0.00780377,3.90641805,0.74403614,1.0,0.0,motion,41,7.94294643
Type1_Vid1_beginning_random_roi_0177_frame_000007806_x1637_y1848.png,C:\Users\colla\Documents\Research\Taka\FINAL\runs\long_video_random_labels\selected_frames\Type1_Vid1_beginning_random_roi_0177_frame_000007806_x1637_y1848.png,C:\Users\colla\Documents\Research\Taka\Videos\Type1_Vid1.mp4,7806,130.1,314,282,,random_roi_0177,1637,1848,314,282,beginning,C:\Users\colla\Documents\Research\Taka\FINAL\runs\Type1_Vid1_roi.json,C:\Users\colla\Documents\Research\Taka\FINAL\runs\long_video_exclusions.json,778,0.85572859,0.00908829,12.05196043,8.22553825,1.0,0.0,random,120,7.50385857
Type1_Vid1_beginning_random_roi_0178_frame_000007806_x535_y1528.png,C:\Users\colla\Documents\Research\Taka\FINAL\runs\long_video_random_labels\selected_frames\Type1_Vid1_beginning_random_roi_0178_frame_000007806_x535_y1528.png,C:\Users\colla\Documents\Research\Taka\Videos\Type1_Vid1.mp4,7806,130.1,284,267,,random_roi_0178,535,1528,284,267,beginning,C:\Users\colla\Documents\Research\Taka\FINAL\runs\Type1_Vid1_roi.json,C:\Users\colla\Documents\Research\Taka\FINAL\runs\long_video_exclusions.json,782,0.62708565,0.00844327,5.17409584,4.9052434,0.99976262,0.0,random,13,8.49106407
Type1_Vid1_beginning_random_roi_0179_frame_000007806_x1524_y1872.png,C:\Users\colla\Documents\Research\Taka\FINAL\runs\long_video_random_labels\selected_frames\Type1_Vid1_beginning_random_roi_0179_frame_000007806_x1524_y1872.png,C:\Users\colla\Documents\Research\Taka\Videos\Type1_Vid1.mp4,7806,130.1,320,288,,random_roi_0179,1524,1872,320,288,beginning,C:\Users\colla\Documents\Research\Taka\FINAL\runs\Type1_Vid1_roi.json,C:\Users\colla\Documents\Research\Taka\FINAL\runs\long_video_exclusions.json,783,0.85978865,0.0090311,16.14741725,7.10428619,1.0,0.0,motion,70,0.0
Type1_Vid1_beginning_random_roi_0180_frame_000007895_x1325_y1876.png,C:\Users\colla\Documents\Research\Taka\FINAL\runs\long_video_random_labels\selected_frames\Type1_Vid1_beginning_random_roi_0180_frame_000007895_x1325_y1876.png,C:\Users\colla\Documents\Research\Taka\Videos\Type1_Vid1.mp4,7895,131.583333,302,284,,random_roi_0180,1325,1876,302,284,beginning,C:\Users\colla\Documents\Research\Taka\FINAL\runs\Type1_Vid1_roi.json,C:\Users\colla\Documents\Research\Taka\FINAL\runs\long_video_exclusions.json,788,0.61863181,0.00820006,3.96838302,1.04767513,1.0,0.0,motion,52,7.00928116
Type1_Vid1_beginning_random_roi_0181_frame_000007996_x1176_y1830.png,C:\Users\colla\Documents\Research\Taka\FINAL\runs\long_video_random_labels\selected_frames\Type1_Vid1_beginning_random_roi_0181_frame_000007996_x1176_y1830.png,C:\Users\colla\Documents\Research\Taka\Videos\Type1_Vid1.mp4,7996,133.266667,269,253,,random_roi_0181,1176,1830,269,253,beginning,C:\Users\colla\Documents\Research\Taka\FINAL\runs\Type1_Vid1_roi.json,C:\Users\colla\Documents\Research\Taka\FINAL\runs\long_video_exclusions.json,798,0.48426029,0.00797001,3.86568495,0.63955212,1.0,0.0,random,38,6.20574903
Type1_Vid1_beginning_random_roi_0182_frame_000007996_x458_y1746.png,C:\Users\colla\Documents\Research\Taka\FINAL\runs\long_video_random_labels\selected_frames\Type1_Vid1_beginning_random_roi_0182_frame_000007996_x458_y1746.png,C:\Users\colla\Documents\Research\Taka\Videos\Type1_Vid1.mp4,7996,133.266667,293,276,,random_roi_0182,458,1746,293,276,beginning,C:\Users\colla\Documents\Research\Taka\FINAL\runs\Type1_Vid1_roi.json,C:\Users\colla\Documents\Research\Taka\FINAL\runs\long_video_exclusions.json,800,0.75233593,0.01014366,9.41774321,20.07722473,0.9995301,0.0,motion,99,0.0
Type1_Vid1_random_random_roi_0183_frame_000008002_x487_y1200.png,C:\Users\colla\Documents\Research\Taka\FINAL\runs\long_video_random_labels\selected_frames\Type1_Vid1_random_random_roi_0183_frame_000008002_x487_y1200.png,C:\Users\colla\Documents\Research\Taka\Videos\Type1_Vid1.mp4,8002,133.366667,298,280,,random_roi_0183,487,1200,298,280,random,C:\Users\colla\Documents\Research\Taka\FINAL\runs\Type1_Vid1_roi.json,C:\Users\colla\Documents\Research\Taka\FINAL\runs\long_video_exclusions.json,1168,0.38394649,0.00785254,3.44553323,0.50454086,1.0,0.0,motion,2,4.56248331
Type1_Vid1_random_random_roi_0184_frame_000008002_x2085_y1876.png,C:\Users\colla\Documents\Research\Taka\FINAL\runs\long_video_random_labels\selected_frames\Type1_Vid1_random_random_roi_0184_frame_000008002_x2085_y1876.png,C:\Users\colla\Documents\Research\Taka\Videos\Type1_Vid1.mp4,8002,133.366667,302,284,,random_roi_0184,2085,1876,302,284,random,C:\Users\colla\Documents\Research\Taka\FINAL\runs\Type1_Vid1_roi.json,C:\Users\colla\Documents\Research\Taka\FINAL\runs\long_video_exclusions.json,1171,0.25083612,0.00600819,4.55104559,5.1503706,0.99996502,0.0,motion,6,3.85387588
Type1_Vid1_random_random_roi_0185_frame_000008002_x1674_y1595.png,C:\Users\colla\Documents\Research\Taka\FINAL\runs\long_video_random_labels\selected_frames\Type1_Vid1_random_random_roi_0185_frame_000008002_x1674_y1595.png,C:\Users\colla\Documents\Research\Taka\Videos\Type1_Vid1.mp4,8002,133.366667,292,274,,random_roi_0185,1674,1595,292,274,random,C:\Users\colla\Documents\Research\Taka\FINAL\runs\Type1_Vid1_roi.json,C:\Users\colla\Documents\Research\Taka\FINAL\runs\long_video_exclusions.json,1172,0.37257525,0.00723529,2.86702558,4.19068098,1.0,0.0,motion,0,6.40653419
Type1_Vid1_random_random_roi_0186_frame_000008204_x384_y16.png,C:\Users\colla\Documents\Research\Taka\FINAL\runs\long_video_random_labels\selected_frames\Type1_Vid1_random_random_roi_0186_frame_000008204_x384_y16.png,C:\Users\colla\Documents\Research\Taka\Videos\Type1_Vid1.mp4,8204,136.733333,263,248,,random_roi_0186,384,16,263,248,random,C:\Users\colla\Documents\Research\Taka\FINAL\runs\Type1_Vid1_roi.json,C:\Users\colla\Documents\Research\Taka\FINAL\runs\long_video_exclusions.json,1178,0.86622074,0.00968363,20.10202513,1.82157266,1.0,0.0,motion,12,10.8956337
Type1_Vid1_random_random_roi_0187_frame_000008204_x952_y1272.png,C:\Users\colla\Documents\Research\Taka\FINAL\runs\long_video_random_labels\selected_frames\Type1_Vid1_random_random_roi_0187_frame_000008204_x952_y1272.png,C:\Users\colla\Documents\Research\Taka\Videos\Type1_Vid1.mp4,8204,136.733333,297,280,,random_roi_0187,952,1272,297,280,random,C:\Users\colla\Documents\Research\Taka\FINAL\runs\Type1_Vid1_roi.json,C:\Users\colla\Documents\Research\Taka\FINAL\runs\long_video_exclusions.json,1180,0.75334448,0.00896628,11.47223942,57.17454147,0.99742665,0.0,motion,21,6.36713886
Type1_Vid1_beginning_random_roi_0188_frame_000008218_x1070_y1211.png,C:\Users\colla\Documents\Research\Taka\FINAL\runs\long_video_random_labels\selected_frames\Type1_Vid1_beginning_random_roi_0188_frame_000008218_x1070_y1211.png,C:\Users\colla\Documents\Research\Taka\Videos\Type1_Vid1.mp4,8218,136.966667,313,282,,random_roi_0188,1070,1211,313,282,beginning,C:\Users\colla\Documents\Research\Taka\FINAL\runs\Type1_Vid1_roi.json,C:\Users\colla\Documents\Research\Taka\FINAL\runs\long_video_exclusions.json,817,0.26140156,0.006945,2.98626799,0.39133936,1.0,0.0,random,56,2.43893528
Type1_Vid1_beginning_random_roi_0189_frame_000008294_x2192_y816.png,C:\Users\colla\Documents\Research\Taka\FINAL\runs\long_video_random_labels\selected_frames\Type1_Vid1_beginning_random_roi_0189_frame_000008294_x2192_y816.png,C:\Users\colla\Documents\Research\Taka\Videos\Type1_Vid1.mp4,8294,138.233333,265,249,,random_roi_0189,2192,816,265,249,beginning,C:\Users\colla\Documents\Research\Taka\FINAL\runs\Type1_Vid1_roi.json,C:\Users\colla\Documents\Research\Taka\FINAL\runs\long_video_exclusions.json,827,0.21423804,0.00678985,1.0868769,0.36724949,1.0,0.0,motion,88,6.34538317
Type1_Vid1_beginning_random_roi_0190_frame_000008294_x473_y719.png,C:\Users\colla\Documents\Research\Taka\FINAL\runs\long_video_random_labels\selected_frames\Type1_Vid1_beginning_random_roi_0190_frame_000008294_x473_y719.png,C:\Users\colla\Documents\Research\Taka\Videos\Type1_Vid1.mp4,8294,138.233333,288,260,,random_roi_0190,473,719,288,260,beginning,C:\Users\colla\Documents\Research\Taka\FINAL\runs\Type1_Vid1_roi.json,C:\Users\colla\Documents\Research\Taka\FINAL\runs\long_video_exclusions.json,828,0.56078977,0.00807382,4.48181229,0.67570758,1.0,0.0,random,21,6.14417648
Type1_Vid1_beginning_random_roi_0191_frame_000008411_x1576_y1864.png,C:\Users\colla\Documents\Research\Taka\FINAL\runs\long_video_random_labels\selected_frames\Type1_Vid1_beginning_random_roi_0191_frame_000008411_x1576_y1864.png,C:\Users\colla\Documents\Research\Taka\Videos\Type1_Vid1.mp4,8411,140.183333,264,248,,random_roi_0191,1576,1864,264,248,beginning,C:\Users\colla\Documents\Research\Taka\FINAL\runs\Type1_Vid1_roi.json,C:\Users\colla\Documents\Research\Taka\FINAL\runs\long_video_exclusions.json,843,0.80539488,0.00861066,8.95676373,5.91472006,1.0,0.0,motion,87,0.0
Type1_Vid1_beginning_random_roi_0192_frame_000008539_x771_y1732.png,C:\Users\colla\Documents\Research\Taka\FINAL\runs\long_video_random_labels\selected_frames\Type1_Vid1_beginning_random_roi_0192_frame_000008539_x771_y1732.png,C:\Users\colla\Documents\Research\Taka\Videos\Type1_Vid1.mp4,8539,142.316667,278,262,,random_roi_0192,771,1732,278,262,beginning,C:\Users\colla\Documents\Research\Taka\FINAL\runs\Type1_Vid1_roi.json,C:\Users\colla\Documents\Research\Taka\FINAL\runs\long_video_exclusions.json,852,0.73692992,0.01998492,4.33878462,4.69925499,0.99995881,0.0,random,107,8.90869617
Type1_Vid1_beginning_random_roi_0193_frame_000008539_x2899_y1428.png,C:\Users\colla\Documents\Research\Taka\FINAL\runs\long_video_random_labels\selected_frames\Type1_Vid1_beginning_random_roi_0193_frame_000008539_x2899_y1428.png,C:\Users\colla\Documents\Research\Taka\Videos\Type1_Vid1.mp4,8539,142.316667,322,289,,random_roi_0193,2899,1428,322,289,beginning,C:\Users\colla\Documents\Research\Taka\FINAL\runs\Type1_Vid1_roi.json,C:\Users\colla\Documents\Research\Taka\FINAL\runs\long_video_exclusions.json,855,0.37235818,0.00780519,3.34917753,0.79836041,1.0,0.0,motion,89,7.31218815
Type1_Vid1_beginning_random_roi_0194_frame_000008539_x2868_y421.png,C:\Users\colla\Documents\Research\Taka\FINAL\runs\long_video_random_labels\selected_frames\Type1_Vid1_beginning_random_roi_0194_frame_000008539_x2868_y421.png,C:\Users\colla\Documents\Research\Taka\Videos\Type1_Vid1.mp4,8539,142.316667,287,270,,random_roi_0194,2868,421,287,270,beginning,C:\Users\colla\Documents\Research\Taka\FINAL\runs\Type1_Vid1_roi.json,C:\Users\colla\Documents\Research\Taka\FINAL\runs\long_video_exclusions.json,856,0.62830923,0.00804074,7.92308078,4.40506554,1.0,0.0,motion,15,8.71347141
Type1_Vid1_beginning_random_roi_0195_frame_000008598_x1116_y1679.png,C:\Users\colla\Documents\Research\Taka\FINAL\runs\long_video_random_labels\selected_frames\Type1_Vid1_beginning_random_roi_0195_frame_000008598_x1116_y1679.png,C:\Users\colla\Documents\Research\Taka\Videos\Type1_Vid1.mp4,8598,143.3,300,270,,random_roi_0195,1116,1679,300,270,beginning,C:\Users\colla\Documents\Research\Taka\FINAL\runs\Type1_Vid1_roi.json,C:\Users\colla\Documents\Research\Taka\FINAL\runs\long_video_exclusions.json,857,0.20756396,0.00598402,2.05615203,0.47953087,1.0,0.0,random,66,6.19988966
Type1_Vid1_beginning_random_roi_0196_frame_000008752_x3041_y1800.png,C:\Users\colla\Documents\Research\Taka\FINAL\runs\long_video_random_labels\selected_frames\Type1_Vid1_beginning_random_roi_0196_frame_000008752_x3041_y1800.png,C:\Users\colla\Documents\Research\Taka\Videos\Type1_Vid1.mp4,8752,145.866667,280,252,,random_roi_0196,3041,1800,280,252,beginning,C:\Users\colla\Documents\Research\Taka\FINAL\runs\Type1_Vid1_roi.json,C:\Users\colla\Documents\Research\Taka\FINAL\runs\long_video_exclusions.json,875,0.64916574,0.00808233,7.56836305,4.77011061,1.0,0.0,random,65,9.50753403
Type1_Vid1_beginning_random_roi_0197_frame_000008825_x2342_y1177.png,C:\Users\colla\Documents\Research\Taka\FINAL\runs\long_video_random_labels\selected_frames\Type1_Vid1_beginning_random_roi_0197_frame_000008825_x2342_y1177.png,C:\Users\colla\Documents\Research\Taka\Videos\Type1_Vid1.mp4,8825,147.083333,304,274,,random_roi_0197,2342,1177,304,274,beginning,C:\Users\colla\Documents\Research\Taka\FINAL\runs\Type1_Vid1_roi.json,C:\Users\colla\Documents\Research\Taka\FINAL\runs\long_video_exclusions.json,887,0.76807564,0.00914404,19.60640114,42.18829346,0.9975509,0.0,random,48,8.11977768
Type1_Vid1_beginning_random_roi_0198_frame_000008825_x1830_y1619.png,C:\Users\colla\Documents\Research\Taka\FINAL\runs\long_video_random_labels\selected_frames\Type1_Vid1_beginning_random_roi_0198_frame_000008825_x1830_y1619.png,C:\Users\colla\Documents\Research\Taka\Videos\Type1_Vid1.mp4,8825,147.083333,274,257,,random_roi_0198,1830,1619,274,257,beginning,C:\Users\colla\Documents\Research\Taka\FINAL\runs\Type1_Vid1_roi.json,C:\Users\colla\Documents\Research\Taka\FINAL\runs\long_video_exclusions.json,888,0.6339822,0.00821078,2.78859274,3.87064385,1.0,0.0,random,106,5.72730494
Type1_Vid1_random_random_roi_0199_frame_000008989_x2720_y1505.png,C:\Users\colla\Documents\Research\Taka\FINAL\runs\long_video_random_labels\selected_frames\Type1_Vid1_random_random_roi_0199_frame_000008989_x2720_y1505.png,C:\Users\colla\Documents\Research\Taka\Videos\Type1_Vid1.mp4,8989,149.816667,302,284,,random_roi_0199,2720,1505,302,284,random,C:\Users\colla\Documents\Research\Taka\FINAL\runs\Type1_Vid1_roi.json,C:\Users\colla\Documents\Research\Taka\FINAL\runs\long_video_exclusions.json,1198,0.35819398,0.00747706,8.36765095,32.45930862,0.99849594,0.0,random,27,11.44873142
Type1_Vid1_random_random_roi_0200_frame_000008989_x712_y0.png,C:\Users\colla\Documents\Research\Taka\FINAL\runs\long_video_random_labels\selected_frames\Type1_Vid1_random_random_roi_0200_frame_000008989_x712_y0.png,C:\Users\colla\Documents\Research\Taka\Videos\Type1_Vid1.mp4,8989,149.816667,280,252,,random_roi_0200,712,0,280,252,random,C:\Users\colla\Documents\Research\Taka\FINAL\runs\Type1_Vid1_roi.json,C:\Users\colla\Documents\Research\Taka\FINAL\runs\long_video_exclusions.json,1200,0.84715719,0.00879989,17.96694394,1.91312885,1.0,0.0,motion,37,2.45430565
